Episode,Captured,Steps,Reward,CaptureRate,LR
1,1,39,233.00,100.0,1.00e-04
2,0,8,5.33,50.0,1.00e-04
3,1,16,226.74,66.7,1.00e-04
4,1,63,172.93,75.0,1.00e-04
5,0,34,-27.63,60.0,1.00e-04
6,1,85,194.16,66.7,1.00e-04
7,0,3,-26.68,57.1,1.00e-04
8,1,50,193.93,62.5,1.00e-04
9,1,69,193.08,66.7,1.00e-04
10,1,72,198.87,70.0,1.00e-04
11,1,42,178.14,72.7,1.00e-04
12,1,60,199.54,75.0,1.00e-04
13,1,77,157.92,76.9,1.00e-04
14,1,11,205.69,78.6,1.00e-04
15,0,8,-10.43,73.3,1.00e-04
16,0,32,48.26,68.8,1.00e-04
17,0,8,4.45,64.7,1.00e-04
18,1,100,146.53,66.7,1.00e-04
19,0,3,-29.38,63.2,1.00e-04
20,0,4,-21.61,60.0,1.00e-04
21,1,79,219.26,61.9,1.00e-04
22,1,76,166.30,63.6,1.00e-04
23,1,97,134.44,65.2,1.00e-04
24,1,53,209.91,66.7,1.00e-04
25,0,7,-16.53,64.0,1.00e-04
26,1,52,204.03,65.4,1.00e-04
27,1,66,180.78,66.7,1.00e-04
28,1,52,186.43,67.9,1.00e-04
29,1,64,198.50,69.0,1.00e-04
30,1,45,190.94,70.0,1.00e-04
31,1,79,195.38,71.0,1.00e-04
32,1,43,207.51,71.9,1.00e-04
33,1,51,195.17,72.7,1.00e-04
34,1,40,249.01,73.5,1.00e-04
35,0,27,7.61,71.4,1.00e-04
36,1,11,207.75,72.2,1.00e-04
37,1,61,183.55,73.0,1.00e-04
38,1,83,167.75,73.7,1.00e-04
39,0,30,63.87,71.8,1.00e-04
40,1,59,174.24,72.5,1.00e-04
41,0,17,-23.73,70.7,1.00e-04
42,1,70,213.54,71.4,1.00e-04
43,1,72,167.95,72.1,1.00e-04
44,0,9,12.36,70.5,1.00e-04
45,1,74,169.33,71.1,1.00e-04
46,1,78,194.74,71.7,1.00e-04
47,0,4,-17.15,70.2,1.00e-04
48,0,9,-13.48,68.8,1.00e-04
49,0,14,11.39,67.3,1.00e-04
50,0,13,33.29,66.0,1.00e-04
51,0,2,-25.17,64.7,1.00e-04
52,1,77,170.37,65.4,1.00e-04
53,1,69,186.38,66.0,1.00e-04
54,0,4,-31.69,64.8,1.00e-04
55,1,46,172.49,65.5,1.00e-04
56,1,44,195.22,66.1,1.00e-04
57,0,3,-21.76,64.9,1.00e-04
59,1,57,190.44,64.4,1.00e-04
60,1,58,220.48,65.0,1.00e-04
61,1,45,178.48,65.6,1.00e-04
62,1,45,215.67,66.1,1.00e-04
63,0,25,-26.52,65.1,1.00e-04
64,1,21,217.91,65.6,1.00e-04
65,0,18,23.35,64.6,1.00e-04
66,1,50,181.80,65.2,1.00e-04
67,1,27,230.53,65.7,1.00e-04
68,1,79,186.46,66.2,1.00e-04
69,1,75,171.11,66.7,1.00e-04
70,1,67,226.45,67.1,1.00e-04
71,1,17,202.89,67.6,1.00e-04
72,1,59,224.91,68.1,1.00e-04
73,1,59,212.02,68.5,9.99e-05
74,1,33,227.55,68.9,9.99e-05
75,1,46,247.27,69.3,9.99e-05
76,1,36,207.58,69.7,9.99e-05
78,0,20,2.81,67.9,9.99e-05
79,1,52,226.36,68.4,9.99e-05
80,1,55,209.32,68.8,9.99e-05
81,0,35,27.46,67.9,9.99e-05
82,0,2,-30.81,67.1,9.99e-05
83,1,52,211.23,67.5,9.99e-05
84,0,53,75.69,66.7,9.99e-05
85,1,45,255.32,67.1,9.99e-05
86,1,33,234.99,67.4,9.99e-05
88,0,21,4.93,65.9,9.99e-05
89,0,2,-27.55,65.2,9.99e-05
90,1,54,220.99,65.6,9.99e-05
91,0,53,26.24,64.8,9.99e-05
92,1,37,223.62,65.2,9.99e-05
93,0,2,-30.05,64.5,9.99e-05
94,1,44,223.66,64.9,9.99e-05
95,0,34,62.16,64.2,9.99e-05
96,1,61,211.43,64.6,9.99e-05
97,0,26,13.11,63.9,9.99e-05
98,1,41,223.48,64.3,9.99e-05
99,0,11,-6.67,63.6,9.99e-05
100,0,42,85.48,63.0,9.99e-05
101,1,47,230.95,63.0,9.99e-05
102,0,9,-23.18,63.0,9.99e-05
103,0,11,-9.81,62.0,9.99e-05
104,1,47,199.28,62.0,9.99e-05
105,1,33,204.87,63.0,9.99e-05
106,1,58,227.22,63.0,9.99e-05
107,1,56,219.55,64.0,9.99e-05
108,1,49,224.16,64.0,9.99e-05
109,0,50,82.43,63.0,9.99e-05
110,1,66,210.46,63.0,9.99e-05
111,1,33,216.01,63.0,9.99e-05
112,1,75,230.30,63.0,9.99e-05
113,0,26,51.24,62.0,9.99e-05
114,1,74,228.73,62.0,9.99e-05
115,1,35,217.83,63.0,9.99e-05
116,0,46,73.64,63.0,9.99e-05
117,0,16,6.75,63.0,9.99e-05
118,1,52,231.61,63.0,9.99e-05
119,1,50,227.06,64.0,9.99e-05
120,1,48,214.62,65.0,9.99e-05
121,1,25,209.34,65.0,9.99e-05
122,1,43,211.05,65.0,9.99e-05
123,0,41,71.64,64.0,9.99e-05
124,0,6,-16.36,63.0,9.99e-05
125,1,44,244.74,64.0,9.99e-05
126,0,2,-25.22,63.0,9.99e-05
127,0,36,60.79,62.0,9.98e-05
128,1,41,222.18,62.0,9.98e-05
129,0,14,8.22,61.0,9.98e-05
130,0,4,-20.08,60.0,9.98e-05
131,0,23,22.69,59.0,9.98e-05
132,0,28,40.13,58.0,9.98e-05
133,0,10,-8.86,57.0,9.98e-05
134,0,24,43.70,56.0,9.98e-05
135,1,73,203.09,57.0,9.98e-05
136,0,26,-4.38,56.0,9.98e-05
137,1,35,201.19,56.0,9.98e-05
138,0,15,3.64,55.0,9.98e-05
139,0,8,-8.96,55.0,9.98e-05
140,1,36,239.92,55.0,9.98e-05
141,0,11,-9.75,55.0,9.98e-05
142,0,22,-3.75,54.0,9.98e-05
143,0,7,-16.75,53.0,9.98e-05
144,1,48,241.70,54.0,9.98e-05
145,0,54,34.24,53.0,9.98e-05
146,1,42,243.19,53.0,9.98e-05
148,0,25,21.59,53.0,9.98e-05
149,0,65,46.12,53.0,9.98e-05
150,1,51,240.95,54.0,9.98e-05
151,0,4,-30.82,54.0,9.98e-05
152,0,6,-30.73,53.0,9.98e-05
153,1,65,216.97,53.0,9.98e-05
154,0,4,-29.98,53.0,9.98e-05
155,1,63,222.08,53.0,9.98e-05
156,1,51,242.22,53.0,9.98e-05
157,1,54,241.01,54.0,9.98e-05
158,0,8,-14.12,54.0,9.98e-05
159,0,11,-15.61,53.0,9.98e-05
160,0,11,-31.53,52.0,9.98e-05
161,0,31,11.32,51.0,9.98e-05
162,0,2,-24.79,50.0,9.98e-05
163,0,4,-33.50,50.0,9.98e-05
164,1,31,218.06,50.0,9.98e-05
165,1,61,225.42,51.0,9.97e-05
166,1,27,211.19,51.0,9.97e-05
167,1,54,222.19,51.0,9.97e-05
168,1,26,223.38,51.0,9.97e-05
169,1,45,211.09,51.0,9.97e-05
170,0,9,-5.55,50.0,9.97e-05
171,0,7,-22.84,49.0,9.97e-05
172,1,26,233.89,49.0,9.97e-05
173,1,34,211.36,49.0,9.97e-05
174,1,59,216.82,49.0,9.97e-05
175,0,10,-11.41,48.0,9.97e-05
176,0,22,3.70,47.0,9.97e-05
177,1,67,206.64,48.0,9.97e-05
178,1,50,238.75,49.0,9.97e-05
179,0,9,-32.77,48.0,9.97e-05
180,1,26,227.98,48.0,9.97e-05
181,1,36,225.31,49.0,9.97e-05
182,0,4,-28.68,49.0,9.97e-05
183,1,52,232.72,49.0,9.97e-05
184,0,21,-1.27,49.0,9.97e-05
185,1,52,228.53,49.0,9.97e-05
186,1,33,220.84,49.0,9.97e-05
187,0,5,-18.40,49.0,9.97e-05
188,0,2,-27.41,49.0,9.97e-05
189,1,29,237.03,50.0,9.97e-05
190,0,18,19.26,49.0,9.97e-05
192,1,36,228.52,49.0,9.97e-05
193,1,49,179.39,50.0,9.97e-05
194,1,23,203.21,50.0,9.97e-05
195,1,76,192.15,51.0,9.96e-05
196,1,25,252.42,51.0,9.96e-05
197,0,5,-20.63,51.0,9.96e-05
198,1,34,246.77,51.0,9.96e-05
199,1,34,244.62,52.0,9.96e-05
200,1,84,215.61,53.0,9.96e-05
201,0,15,24.17,52.0,9.96e-05
202,0,6,-33.01,52.0,9.96e-05
203,0,16,24.45,52.0,9.96e-05
204,0,31,57.84,51.0,9.96e-05
205,1,39,222.79,51.0,9.96e-05
206,0,21,49.54,50.0,9.96e-05
207,1,90,142.28,50.0,9.96e-05
208,0,22,46.81,49.0,9.96e-05
209,1,63,175.22,50.0,9.96e-05
210,0,10,-22.40,49.0,9.96e-05
211,0,10,6.40,48.0,9.96e-05
212,1,69,190.07,48.0,9.96e-05
213,1,62,210.31,49.0,9.96e-05
214,1,76,147.83,49.0,9.96e-05
215,1,41,189.95,49.0,9.96e-05
216,1,17,227.21,50.0,9.96e-05
217,0,7,-6.92,50.0,9.96e-05
218,1,88,165.00,50.0,9.96e-05
219,1,61,173.96,50.0,9.96e-05
220,0,6,-17.27,49.0,9.95e-05
221,1,35,239.54,49.0,9.95e-05
222,1,63,170.32,49.0,9.95e-05
223,1,72,198.87,50.0,9.95e-05
224,1,90,157.78,51.0,9.95e-05
225,0,2,-25.15,50.0,9.95e-05
226,0,4,-24.29,50.0,9.95e-05
227,0,15,-29.37,50.0,9.95e-05
228,1,48,191.73,50.0,9.95e-05
229,1,50,229.60,51.0,9.95e-05
230,1,94,192.31,52.0,9.95e-05
231,1,75,185.06,53.0,9.95e-05
232,1,93,187.62,54.0,9.95e-05
233,0,2,-31.47,54.0,9.95e-05
234,0,3,-30.90,54.0,9.95e-05
235,0,2,-28.30,53.0,9.95e-05
236,1,71,196.46,54.0,9.95e-05
237,0,14,30.39,53.0,9.95e-05
238,1,97,129.94,54.0,9.95e-05
239,1,63,174.26,55.0,9.95e-05
240,1,85,166.83,55.0,9.95e-05
241,0,30,103.34,55.0,9.95e-05
242,0,7,-5.88,55.0,9.95e-05
243,0,14,13.64,55.0,9.94e-05
244,1,37,206.85,55.0,9.94e-05
245,1,87,162.37,56.0,9.94e-05
246,1,49,219.24,56.0,9.94e-05
247,0,22,17.91,56.0,9.94e-05
248,0,9,-0.85,56.0,9.94e-05
249,1,37,225.69,57.0,9.94e-05
250,1,34,235.43,57.0,9.94e-05
251,0,7,-21.39,57.0,9.94e-05
252,0,12,-8.12,57.0,9.94e-05
253,0,2,-27.28,56.0,9.94e-05
255,0,12,24.44,55.0,9.94e-05
256,0,11,-0.94,54.0,9.94e-05
257,1,28,221.85,54.0,9.94e-05
258,0,9,-10.76,54.0,9.94e-05
259,1,60,192.19,55.0,9.94e-05
260,0,6,-28.55,55.0,9.94e-05
261,0,28,10.33,55.0,9.94e-05
262,1,43,215.76,56.0,9.94e-05
263,1,62,227.57,57.0,9.94e-05
264,0,28,28.03,56.0,9.94e-05
265,0,29,30.44,55.0,9.93e-05
266,0,21,27.23,54.0,9.93e-05
267,0,24,4.75,53.0,9.93e-05
268,1,40,244.40,53.0,9.93e-05
269,1,69,214.37,53.0,9.93e-05
270,0,58,30.81,53.0,9.93e-05
271,1,43,224.74,54.0,9.93e-05
272,0,7,-23.43,53.0,9.93e-05
273,0,3,-27.99,52.0,9.93e-05
274,0,18,-1.57,51.0,9.93e-05
275,1,53,224.43,52.0,9.93e-05
276,1,54,242.75,53.0,9.93e-05
277,0,54,56.83,52.0,9.93e-05
278,1,43,200.66,52.0,9.93e-05
280,1,59,213.61,52.0,9.93e-05
281,0,8,-11.34,51.0,9.93e-05
282,0,17,3.60,51.0,9.93e-05
283,1,64,231.35,51.0,9.93e-05
284,0,25,13.96,51.0,9.93e-05
285,1,64,234.05,51.0,9.92e-05
286,1,42,196.81,51.0,9.92e-05
287,0,2,-24.79,51.0,9.92e-05
288,1,81,171.76,52.0,9.92e-05
289,0,2,-25.79,51.0,9.92e-05
290,0,8,-20.33,51.0,9.92e-05
291,1,64,195.46,52.0,9.92e-05
292,1,35,241.85,52.0,9.92e-05
293,1,40,224.14,52.0,9.92e-05
294,1,34,233.54,52.0,9.92e-05
295,1,58,230.87,52.0,9.92e-05
296,0,53,55.74,51.0,9.92e-05
297,1,56,232.08,52.0,9.92e-05
298,0,41,44.81,51.0,9.92e-05
299,0,30,10.85,50.0,9.92e-05
300,0,6,-22.10,49.0,9.92e-05
301,1,49,240.50,50.0,9.92e-05
302,1,51,206.98,51.0,9.92e-05
303,1,39,232.94,52.0,9.91e-05
304,1,41,230.21,53.0,9.91e-05
305,0,52,22.41,52.0,9.91e-05
306,0,15,0.99,52.0,9.91e-05
307,0,10,-5.97,51.0,9.91e-05
308,1,43,231.11,52.0,9.91e-05
309,0,44,10.45,51.0,9.91e-05
310,0,6,-22.73,51.0,9.91e-05
311,1,42,231.45,52.0,9.91e-05
312,1,52,218.83,52.0,9.91e-05
313,1,28,216.87,52.0,9.91e-05
314,1,30,224.00,52.0,9.91e-05
315,0,2,-26.61,51.0,9.91e-05
316,0,44,45.78,50.0,9.91e-05
317,1,41,218.18,51.0,9.91e-05
318,1,48,220.27,51.0,9.91e-05
320,0,6,-13.71,50.0,9.91e-05
321,1,37,230.84,50.0,9.90e-05
322,0,16,-3.44,49.0,9.90e-05
323,0,10,-8.80,48.0,9.90e-05
324,1,20,216.37,48.0,9.90e-05
325,0,2,-33.52,48.0,9.90e-05
326,0,10,-16.15,48.0,9.90e-05
327,1,50,231.20,49.0,9.90e-05
328,0,21,13.78,48.0,9.90e-05
329,0,6,-20.82,47.0,9.90e-05
330,1,62,206.79,47.0,9.90e-05
331,1,58,196.63,47.0,9.90e-05
332,0,4,-28.94,46.0,9.90e-05
333,1,30,208.49,47.0,9.90e-05
334,1,34,228.58,48.0,9.90e-05
335,1,41,207.71,49.0,9.90e-05
336,1,25,209.72,49.0,9.90e-05
337,1,32,224.64,50.0,9.89e-05
339,1,69,184.47,49.0,9.89e-05
340,0,46,-5.35,48.0,9.89e-05
341,1,40,211.47,49.0,9.89e-05
342,1,51,240.23,50.0,9.89e-05
343,1,38,228.15,51.0,9.89e-05
344,1,63,203.30,51.0,9.89e-05
345,1,60,217.65,51.0,9.89e-05
346,1,46,215.89,51.0,9.89e-05
347,1,38,224.13,52.0,9.89e-05
348,0,4,-23.17,52.0,9.89e-05
349,1,69,216.56,52.0,9.89e-05
350,1,73,204.28,52.0,9.89e-05
351,0,15,8.14,52.0,9.89e-05
352,0,2,-25.47,52.0,9.89e-05
353,1,61,197.41,53.0,9.88e-05
355,1,51,231.68,54.0,9.88e-05
356,1,40,238.15,55.0,9.88e-05
357,1,43,252.23,55.0,9.88e-05
358,1,35,213.98,56.0,9.88e-05
359,0,28,-16.57,55.0,9.88e-05
360,0,9,-40.39,55.0,9.88e-05
361,1,28,229.88,56.0,9.88e-05
362,1,25,211.74,56.0,9.88e-05
363,0,9,-16.52,55.0,9.88e-05
364,1,37,214.23,56.0,9.88e-05
365,1,36,226.80,57.0,9.88e-05
366,0,21,20.84,57.0,9.88e-05
367,0,7,-20.32,57.0,9.88e-05
368,0,19,30.52,56.0,9.88e-05
369,0,4,-22.87,55.0,9.87e-05
370,0,22,2.30,55.0,9.87e-05
371,0,38,58.05,54.0,9.87e-05
372,1,65,248.79,55.0,9.87e-05
373,0,19,-10.33,55.0,9.87e-05
374,0,10,-16.26,55.0,9.87e-05
376,1,58,201.97,54.0,9.87e-05
377,0,6,-33.28,54.0,9.87e-05
378,0,28,40.15,53.0,9.87e-05
379,0,49,44.02,53.0,9.87e-05
380,0,47,7.94,52.0,9.87e-05
381,1,53,206.83,53.0,9.87e-05
382,1,26,210.85,54.0,9.87e-05
383,0,13,13.47,53.0,9.87e-05
384,1,56,237.10,54.0,9.86e-05
385,0,3,-30.46,53.0,9.86e-05
386,1,50,230.15,53.0,9.86e-05
387,0,13,-3.35,53.0,9.86e-05
388,1,41,227.88,53.0,9.86e-05
389,1,48,242.92,54.0,9.86e-05
390,0,4,-23.21,54.0,9.86e-05
391,1,40,234.29,54.0,9.86e-05
392,1,42,220.93,54.0,9.86e-05
393,0,2,-33.92,53.0,9.86e-05
394,0,23,9.07,52.0,9.86e-05
395,1,77,220.44,52.0,9.86e-05
396,1,56,178.13,53.0,9.86e-05
397,0,2,-26.60,52.0,9.86e-05
398,0,2,-24.89,52.0,9.85e-05
399,1,45,204.51,53.0,9.85e-05
400,0,36,49.50,53.0,9.85e-05
401,1,49,251.80,53.0,9.85e-05
402,1,43,207.04,53.0,9.85e-05
403,0,9,-2.35,52.0,9.85e-05
404,0,11,7.12,51.0,9.85e-05
405,0,29,2.82,51.0,9.85e-05
406,1,76,221.00,52.0,9.85e-05
407,1,45,227.68,53.0,9.85e-05
408,1,47,205.20,53.0,9.85e-05
409,1,42,224.39,54.0,9.85e-05
410,0,9,-21.58,54.0,9.85e-05
411,0,14,-2.81,53.0,9.84e-05
412,1,64,217.51,53.0,9.84e-05
413,1,70,211.01,53.0,9.84e-05
414,1,63,193.12,53.0,9.84e-05
415,0,2,-25.23,53.0,9.84e-05
416,1,18,216.71,54.0,9.84e-05
417,0,52,63.21,53.0,9.84e-05
418,0,42,50.00,52.0,9.84e-05
419,0,17,14.03,52.0,9.84e-05
420,1,46,223.39,53.0,9.84e-05
421,0,30,24.76,52.0,9.84e-05
422,0,3,-24.44,52.0,9.84e-05
423,0,5,-21.60,52.0,9.84e-05
424,1,53,227.60,52.0,9.83e-05
425,1,58,254.50,53.0,9.83e-05
426,1,45,201.32,54.0,9.83e-05
427,0,14,-10.10,53.0,9.83e-05
428,0,16,-4.17,53.0,9.83e-05
429,1,47,202.36,54.0,9.83e-05
430,0,12,6.35,53.0,9.83e-05
431,1,41,205.63,53.0,9.83e-05
432,1,37,230.81,54.0,9.83e-05
433,0,8,-21.27,53.0,9.83e-05
434,1,74,232.72,53.0,9.83e-05
435,0,8,-23.54,52.0,9.83e-05
436,0,10,6.58,51.0,9.82e-05
437,1,71,221.86,51.0,9.82e-05
438,1,77,209.30,52.0,9.82e-05
439,1,48,237.73,52.0,9.82e-05
440,1,52,228.93,53.0,9.82e-05
441,1,77,211.00,53.0,9.82e-05
442,1,43,206.28,53.0,9.82e-05
443,0,25,29.17,52.0,9.82e-05
444,0,18,-31.62,51.0,9.82e-05
445,0,3,-28.92,50.0,9.82e-05
446,1,43,212.41,50.0,9.82e-05
447,1,37,211.54,50.0,9.82e-05
449,0,47,40.24,49.0,9.81e-05
450,1,47,252.89,49.0,9.81e-05
451,1,55,192.92,50.0,9.81e-05
452,0,42,72.69,50.0,9.81e-05
453,0,26,42.32,49.0,9.81e-05
454,0,46,58.86,49.0,9.81e-05
455,0,40,35.33,48.0,9.81e-05
456,1,41,222.01,48.0,9.81e-05
457,1,45,223.21,48.0,9.81e-05
458,0,5,-30.90,47.0,9.81e-05
459,0,4,-28.77,47.0,9.81e-05
460,0,45,14.76,47.0,9.81e-05
461,0,24,15.46,46.0,9.80e-05
462,1,56,205.07,46.0,9.80e-05
463,1,40,228.64,47.0,9.80e-05
464,1,48,205.21,47.0,9.80e-05
465,0,10,-3.84,46.0,9.80e-05
466,1,58,233.83,47.0,9.80e-05
467,0,19,-28.59,47.0,9.80e-05
468,1,37,221.99,48.0,9.80e-05
469,1,60,206.06,49.0,9.80e-05
470,0,3,-28.46,49.0,9.80e-05
471,1,65,190.61,50.0,9.80e-05
472,1,48,205.38,50.0,9.79e-05
473,1,38,218.44,51.0,9.79e-05
474,1,63,193.02,52.0,9.79e-05
475,0,20,-16.47,52.0,9.79e-05
476,0,31,56.10,51.0,9.79e-05
477,1,42,226.84,52.0,9.79e-05
478,1,75,234.49,53.0,9.79e-05
479,1,78,222.32,54.0,9.79e-05
480,0,48,47.83,54.0,9.79e-05
481,1,25,219.43,54.0,9.79e-05
482,0,9,-14.46,53.0,9.79e-05
483,0,21,3.74,53.0,9.78e-05
484,1,44,225.21,53.0,9.78e-05
485,0,2,-27.78,53.0,9.78e-05
486,0,12,-14.47,52.0,9.78e-05
488,0,33,54.41,51.0,9.78e-05
489,1,25,214.13,51.0,9.78e-05
490,0,23,-5.38,51.0,9.78e-05
491,1,32,196.55,51.0,9.78e-05
492,1,44,240.76,51.0,9.78e-05
493,1,28,217.62,52.0,9.78e-05
494,1,44,247.55,53.0,9.78e-05
495,0,11,-4.96,52.0,9.77e-05
496,1,29,208.86,52.0,9.77e-05
497,0,20,5.52,52.0,9.77e-05
498,1,53,238.88,53.0,9.77e-05
499,0,58,61.67,52.0,9.77e-05
500,1,55,214.04,53.0,9.77e-05
501,0,28,31.19,52.0,9.77e-05
502,1,60,229.97,52.0,9.77e-05
503,0,46,52.77,52.0,9.77e-05
504,0,14,-20.45,52.0,9.77e-05
505,0,2,-33.77,52.0,9.77e-05
506,0,12,12.00,51.0,9.76e-05
507,0,4,-34.95,50.0,9.76e-05
508,0,14,-20.45,49.0,9.76e-05
509,1,37,225.38,49.0,9.76e-05
510,0,4,-24.12,49.0,9.76e-05
511,1,31,217.07,50.0,9.76e-05
512,0,14,-30.65,49.0,9.76e-05
513,1,38,236.13,49.0,9.76e-05
514,1,37,200.83,49.0,9.76e-05
515,0,45,15.28,49.0,9.76e-05
516,0,9,-7.39,48.0,9.75e-05
517,1,57,235.51,49.0,9.75e-05
518,1,40,242.50,50.0,9.75e-05
519,1,47,237.71,51.0,9.75e-05
520,0,19,9.24,50.0,9.75e-05
521,1,45,210.68,51.0,9.75e-05
522,1,52,234.37,52.0,9.75e-05
524,0,17,-9.28,51.0,9.75e-05
525,0,25,-24.01,50.0,9.75e-05
526,1,64,246.59,50.0,9.75e-05
527,1,36,217.83,51.0,9.75e-05
528,1,64,231.18,52.0,9.74e-05
530,1,80,191.37,52.0,9.74e-05
531,0,18,-23.50,51.0,9.74e-05
532,0,3,-22.37,50.0,9.74e-05
533,1,50,231.40,51.0,9.74e-05
534,1,73,191.67,51.0,9.74e-05
535,0,2,-31.70,51.0,9.74e-05
536,0,40,-10.06,51.0,9.74e-05
537,1,41,191.19,51.0,9.74e-05
538,1,54,241.25,51.0,9.74e-05
539,1,32,216.90,51.0,9.73e-05
540,1,54,246.58,51.0,9.73e-05
541,1,86,198.07,51.0,9.73e-05
542,1,42,213.26,51.0,9.73e-05
543,1,44,222.18,52.0,9.73e-05
544,1,36,197.81,53.0,9.73e-05
545,0,30,-45.85,53.0,9.73e-05
546,1,52,237.97,53.0,9.73e-05
548,0,27,28.36,52.0,9.73e-05
549,0,2,-26.40,52.0,9.73e-05
550,1,35,200.07,52.0,9.72e-05
551,1,58,236.95,52.0,9.72e-05
552,1,67,216.05,53.0,9.72e-05
553,0,2,-32.02,53.0,9.72e-05
554,1,64,227.94,54.0,9.72e-05
555,1,55,272.31,55.0,9.72e-05
556,1,51,233.03,55.0,9.72e-05
557,0,21,24.87,54.0,9.72e-05
558,1,27,226.12,55.0,9.72e-05
559,1,58,209.00,56.0,9.71e-05
560,0,69,28.82,56.0,9.71e-05
561,0,11,-17.48,56.0,9.71e-05
562,1,66,213.13,56.0,9.71e-05
563,0,28,50.59,55.0,9.71e-05
564,1,64,202.57,55.0,9.71e-05
565,0,15,17.11,55.0,9.71e-05
567,0,23,32.87,54.0,9.71e-05
568,1,53,233.76,54.0,9.71e-05
569,0,38,48.06,53.0,9.71e-05
570,1,93,193.39,54.0,9.70e-05
571,0,44,4.24,53.0,9.70e-05
572,1,30,210.40,53.0,9.70e-05
573,0,3,-21.57,52.0,9.70e-05
574,1,49,229.81,52.0,9.70e-05
575,1,17,208.74,53.0,9.70e-05
576,1,60,203.13,54.0,9.70e-05
577,1,55,238.84,54.0,9.70e-05
578,0,19,-34.86,53.0,9.70e-05
579,1,32,217.14,53.0,9.69e-05
580,1,36,236.15,54.0,9.69e-05
581,0,16,14.45,53.0,9.69e-05
582,0,10,-21.90,53.0,9.69e-05
583,1,57,249.54,54.0,9.69e-05
584,1,53,231.84,54.0,9.69e-05
585,0,38,9.89,54.0,9.69e-05
586,1,39,228.10,55.0,9.69e-05
587,1,57,214.87,56.0,9.69e-05
588,1,62,195.46,57.0,9.68e-05
589,0,55,23.69,56.0,9.68e-05
590,0,3,-22.43,56.0,9.68e-05
591,1,38,225.83,56.0,9.68e-05
592,1,26,208.10,56.0,9.68e-05
593,1,46,236.99,56.0,9.68e-05
594,0,14,-23.94,55.0,9.68e-05
595,1,50,225.07,56.0,9.68e-05
596,0,60,-7.35,55.0,9.68e-05
597,0,30,-3.33,55.0,9.67e-05
598,0,16,-4.96,54.0,9.67e-05
600,1,77,204.33,54.0,9.67e-05
601,0,35,-24.96,54.0,9.67e-05
602,0,35,-29.07,53.0,9.67e-05
603,1,76,190.50,54.0,9.67e-05
604,0,24,13.90,54.0,9.67e-05
605,0,19,33.07,54.0,9.67e-05
606,1,39,224.78,55.0,9.67e-05
607,1,56,182.47,56.0,9.66e-05
608,0,29,23.93,56.0,9.66e-05
609,0,10,-16.24,55.0,9.66e-05
610,1,36,242.84,56.0,9.66e-05
611,0,11,10.21,55.0,9.66e-05
612,0,10,-21.86,55.0,9.66e-05
613,0,2,-31.30,54.0,9.66e-05
614,1,42,198.25,54.0,9.66e-05
615,0,43,22.52,54.0,9.66e-05
616,1,70,250.53,55.0,9.65e-05
617,0,21,-25.67,54.0,9.65e-05
618,0,23,-21.44,53.0,9.65e-05
619,0,3,-28.81,52.0,9.65e-05
620,0,50,6.83,52.0,9.65e-05
621,1,71,165.02,52.0,9.65e-05
622,0,25,38.60,51.0,9.65e-05
623,0,2,-26.64,51.0,9.65e-05
624,1,48,205.27,52.0,9.65e-05
625,0,24,13.29,52.0,9.64e-05
626,1,44,228.36,52.0,9.64e-05
627,0,4,-21.50,51.0,9.64e-05
628,1,29,220.32,51.0,9.64e-05
629,0,15,3.09,51.0,9.64e-05
630,0,19,20.56,50.0,9.64e-05
631,0,3,-28.07,50.0,9.64e-05
632,1,67,219.71,51.0,9.64e-05
633,0,2,-27.34,50.0,9.64e-05
634,0,27,43.51,49.0,9.63e-05
635,1,84,237.64,50.0,9.63e-05
636,0,3,-26.62,50.0,9.63e-05
637,0,59,39.52,49.0,9.63e-05
638,1,41,240.68,49.0,9.63e-05
639,1,52,212.93,49.0,9.63e-05
640,0,39,23.46,48.0,9.63e-05
641,0,8,-1.74,47.0,9.63e-05
642,0,18,23.81,46.0,9.62e-05
643,1,23,218.09,46.0,9.62e-05
644,0,14,9.75,45.0,9.62e-05
645,0,24,-30.46,45.0,9.62e-05
646,0,9,-36.09,44.0,9.62e-05
647,1,64,223.68,45.0,9.62e-05
648,0,24,-22.54,45.0,9.62e-05
649,1,97,188.06,46.0,9.62e-05
650,1,36,228.17,46.0,9.61e-05
651,1,89,224.90,46.0,9.61e-05
652,0,31,36.29,45.0,9.61e-05
653,0,17,-17.95,45.0,9.61e-05
654,0,41,49.44,44.0,9.61e-05
655,0,27,4.67,43.0,9.61e-05
656,0,45,8.69,42.0,9.61e-05
657,0,29,-30.98,42.0,9.61e-05
658,1,49,253.82,42.0,9.61e-05
659,0,14,-7.75,41.0,9.60e-05
660,0,24,-41.22,41.0,9.60e-05
661,1,44,212.64,42.0,9.60e-05
662,1,42,222.06,42.0,9.60e-05
663,1,45,251.88,43.0,9.60e-05
664,1,45,225.07,43.0,9.60e-05
665,1,48,225.04,44.0,9.60e-05
666,1,59,243.54,45.0,9.60e-05
667,0,7,-25.57,45.0,9.59e-05
668,0,4,-23.31,44.0,9.59e-05
669,1,47,205.87,45.0,9.59e-05
670,0,5,-36.67,44.0,9.59e-05
672,1,45,255.44,44.0,9.59e-05
673,0,55,32.96,44.0,9.59e-05
674,1,39,223.50,44.0,9.59e-05
675,1,92,218.90,44.0,9.59e-05
676,1,76,192.91,44.0,9.58e-05
677,1,42,223.29,44.0,9.58e-05
678,0,16,-28.08,44.0,9.58e-05
679,0,7,-16.54,43.0,9.58e-05
680,1,58,187.43,43.0,9.58e-05
681,1,51,234.23,44.0,9.58e-05
682,1,45,255.53,45.0,9.58e-05
683,0,38,1.09,44.0,9.58e-05
684,0,15,18.57,43.0,9.57e-05
685,0,5,-28.86,43.0,9.57e-05
686,0,21,-3.71,42.0,9.57e-05
687,0,30,61.91,41.0,9.57e-05
688,0,8,-6.17,40.0,9.57e-05
689,0,35,2.38,40.0,9.57e-05
690,0,15,-41.28,40.0,9.57e-05
691,1,86,204.22,40.0,9.57e-05
692,1,72,186.93,40.0,9.56e-05
693,0,22,27.84,39.0,9.56e-05
694,0,21,52.22,39.0,9.56e-05
695,0,29,33.50,38.0,9.56e-05
696,1,51,240.63,39.0,9.56e-05
697,0,36,-51.74,39.0,9.56e-05
698,0,4,-29.42,39.0,9.56e-05
699,0,15,-10.58,39.0,9.56e-05
700,0,14,9.55,38.0,9.55e-05
701,1,31,204.29,39.0,9.55e-05
702,0,24,-3.45,39.0,9.55e-05
703,0,5,-36.02,38.0,9.55e-05
704,0,3,-29.05,38.0,9.55e-05
705,0,37,21.02,38.0,9.55e-05
706,1,30,226.42,38.0,9.55e-05
707,0,5,-16.47,37.0,9.54e-05
708,1,63,243.65,38.0,9.54e-05
709,1,59,242.46,39.0,9.54e-05
710,1,75,188.22,39.0,9.54e-05
711,1,49,201.14,40.0,9.54e-05
712,0,16,-3.72,40.0,9.54e-05
713,0,15,25.15,40.0,9.54e-05
714,0,40,8.25,39.0,9.54e-05
715,1,37,212.04,40.0,9.53e-05
716,0,9,-13.78,39.0,9.53e-05
717,0,52,-31.07,39.0,9.53e-05
718,1,54,194.21,40.0,9.53e-05
719,0,24,37.64,40.0,9.53e-05
720,1,28,220.38,41.0,9.53e-05
721,1,91,204.19,41.0,9.53e-05
722,0,11,12.11,41.0,9.52e-05
723,1,31,214.69,42.0,9.52e-05
724,1,80,190.70,42.0,9.52e-05
725,1,26,216.98,43.0,9.52e-05
726,1,37,202.58,43.0,9.52e-05
727,0,18,-23.07,43.0,9.52e-05
728,1,47,224.27,43.0,9.52e-05
729,1,19,227.57,44.0,9.52e-05
730,0,9,-15.44,44.0,9.51e-05
731,0,15,-16.15,44.0,9.51e-05
733,0,2,-27.81,43.0,9.51e-05
734,1,47,250.48,44.0,9.51e-05
735,0,3,-37.91,43.0,9.51e-05
736,1,54,191.24,44.0,9.51e-05
737,1,75,236.81,45.0,9.51e-05
738,0,7,-42.73,44.0,9.50e-05
739,1,15,210.78,44.0,9.50e-05
741,0,6,-27.52,44.0,9.50e-05
742,0,31,18.24,44.0,9.50e-05
743,1,36,215.53,44.0,9.50e-05
744,1,63,200.85,45.0,9.50e-05
745,1,101,168.60,46.0,9.50e-05
746,1,58,176.74,47.0,9.50e-05
747,1,79,179.90,47.0,9.49e-05
748,1,85,180.68,48.0,9.49e-05
749,1,99,200.35,48.0,9.49e-05
750,0,8,-12.84,47.0,9.49e-05
751,0,18,23.08,46.0,9.49e-05
752,1,25,225.01,47.0,9.49e-05
753,0,7,-9.66,47.0,9.49e-05
754,1,32,249.93,48.0,9.48e-05
755,1,51,180.37,49.0,9.48e-05
756,1,57,239.06,50.0,9.48e-05
757,1,57,203.93,51.0,9.48e-05
758,1,67,215.92,51.0,9.48e-05
759,0,8,-17.71,51.0,9.48e-05
760,0,2,-34.11,51.0,9.48e-05
761,0,5,-16.35,50.0,9.47e-05
762,1,50,197.79,50.0,9.47e-05
763,0,10,-21.36,49.0,9.47e-05
764,0,16,20.95,48.0,9.47e-05
765,0,2,-26.12,47.0,9.47e-05
766,1,55,183.34,47.0,9.47e-05
767,1,95,179.50,48.0,9.47e-05
768,1,89,176.04,49.0,9.46e-05
769,0,18,17.03,48.0,9.46e-05
770,1,99,197.29,49.0,9.46e-05
771,1,68,204.84,50.0,9.46e-05
772,1,19,205.74,50.0,9.46e-05
773,0,41,26.26,50.0,9.46e-05
774,1,46,251.41,50.0,9.46e-05
775,0,5,-20.22,49.0,9.45e-05
776,1,91,152.68,49.0,9.45e-05
777,0,8,-14.93,48.0,9.45e-05
778,0,5,-31.21,48.0,9.45e-05
779,1,25,210.26,49.0,9.45e-05
780,0,15,20.08,48.0,9.45e-05
781,1,68,196.99,48.0,9.45e-05
782,1,79,207.95,48.0,9.44e-05
783,0,11,-20.11,48.0,9.44e-05
784,1,77,209.85,49.0,9.44e-05
785,0,26,45.80,49.0,9.44e-05
786,0,2,-29.21,49.0,9.44e-05
787,0,8,-10.54,49.0,9.44e-05
788,0,5,-26.96,49.0,9.44e-05
789,1,86,177.57,50.0,9.43e-05
790,1,56,209.29,51.0,9.43e-05
791,1,40,210.97,51.0,9.43e-05
792,0,2,-27.15,50.0,9.43e-05
793,0,31,-13.64,50.0,9.43e-05
794,0,28,46.13,50.0,9.43e-05
795,1,77,206.62,51.0,9.43e-05
796,1,35,212.85,51.0,9.42e-05
797,0,10,-15.12,51.0,9.42e-05
798,0,14,8.29,51.0,9.42e-05
799,1,28,232.81,52.0,9.42e-05
800,1,46,217.21,53.0,9.42e-05
801,1,42,253.62,53.0,9.42e-05
802,1,79,198.92,54.0,9.42e-05
803,0,23,35.35,54.0,9.41e-05
804,0,22,16.21,54.0,9.41e-05
805,1,56,206.55,55.0,9.41e-05
806,1,69,191.12,55.0,9.41e-05
807,0,17,-7.16,55.0,9.41e-05
808,1,53,215.55,55.0,9.41e-05
809,0,45,41.09,54.0,9.41e-05
810,1,52,247.21,54.0,9.40e-05
811,1,40,238.48,54.0,9.40e-05
812,1,57,186.42,55.0,9.40e-05
813,0,46,37.89,55.0,9.40e-05
814,1,71,197.91,56.0,9.40e-05
815,0,33,23.58,55.0,9.40e-05
816,0,21,25.58,55.0,9.40e-05
817,0,11,-30.95,55.0,9.39e-05
818,0,48,-25.58,54.0,9.39e-05
819,0,2,-31.48,54.0,9.39e-05
820,0,21,-1.07,53.0,9.39e-05
821,1,27,220.69,53.0,9.39e-05
822,1,84,162.89,54.0,9.39e-05
823,0,29,13.58,53.0,9.38e-05
824,1,54,237.37,53.0,9.38e-05
825,1,70,186.77,53.0,9.38e-05
826,1,78,186.84,53.0,9.38e-05
827,1,30,232.55,54.0,9.38e-05
828,1,45,222.63,54.0,9.38e-05
829,0,17,6.39,53.0,9.38e-05
830,0,6,-36.35,53.0,9.37e-05
831,1,19,220.25,54.0,9.37e-05
832,1,63,198.68,55.0,9.37e-05
833,0,4,-23.03,55.0,9.37e-05
834,1,72,172.76,55.0,9.37e-05
835,0,10,-2.84,55.0,9.37e-05
836,0,17,-31.54,54.0,9.37e-05
837,1,52,217.29,54.0,9.36e-05
838,1,36,246.71,55.0,9.36e-05
839,0,26,60.80,54.0,9.36e-05
840,0,32,26.26,54.0,9.36e-05
841,0,16,15.37,54.0,9.36e-05
842,1,83,198.20,55.0,9.36e-05
843,0,11,-21.23,54.0,9.35e-05
845,1,67,230.16,53.0,9.35e-05
846,1,38,229.57,53.0,9.35e-05
847,0,11,2.38,52.0,9.35e-05
848,1,93,154.22,52.0,9.35e-05
849,1,72,201.64,52.0,9.35e-05
850,0,33,39.00,52.0,9.35e-05
851,1,92,192.48,53.0,9.34e-05
852,0,13,-14.03,52.0,9.34e-05
853,1,38,237.71,53.0,9.34e-05
854,0,2,-33.80,52.0,9.34e-05
855,1,38,224.40,52.0,9.34e-05
856,0,44,34.36,51.0,9.34e-05
857,1,58,247.80,51.0,9.33e-05
858,0,24,22.53,50.0,9.33e-05
859,1,41,216.94,51.0,9.33e-05
860,0,2,-26.62,51.0,9.33e-05
861,1,33,246.33,52.0,9.33e-05
862,1,49,209.01,52.0,9.33e-05
863,1,35,223.59,53.0,9.32e-05
864,1,40,193.70,54.0,9.32e-05
865,1,74,216.84,55.0,9.32e-05
866,1,21,210.47,55.0,9.32e-05
867,0,16,2.47,54.0,9.32e-05
868,1,29,238.15,54.0,9.32e-05
869,1,70,223.21,55.0,9.32e-05
870,0,12,-16.06,54.0,9.31e-05
871,1,65,201.66,54.0,9.31e-05
872,1,53,194.83,54.0,9.31e-05
873,0,14,-15.86,54.0,9.31e-05
874,0,8,-19.14,53.0,9.31e-05
875,1,98,228.53,54.0,9.31e-05
876,1,80,193.13,54.0,9.30e-05
877,1,43,221.16,55.0,9.30e-05
878,1,34,203.63,56.0,9.30e-05
879,1,38,203.65,56.0,9.30e-05
880,1,54,200.98,57.0,9.30e-05
881,0,5,-28.14,56.0,9.30e-05
882,1,101,174.88,56.0,9.29e-05
883,1,55,226.66,57.0,9.29e-05
884,0,4,-18.49,56.0,9.29e-05
885,0,9,-9.82,56.0,9.29e-05
886,1,62,227.79,57.0,9.29e-05
887,1,47,256.46,58.0,9.29e-05
888,0,9,-9.83,58.0,9.29e-05
889,1,44,239.33,58.0,9.28e-05
890,0,45,49.58,57.0,9.28e-05
891,1,25,223.23,57.0,9.28e-05
892,0,34,43.03,57.0,9.28e-05
893,1,46,237.52,58.0,9.28e-05
894,1,34,207.04,59.0,9.28e-05
896,1,68,199.01,58.0,9.27e-05
897,0,2,-24.91,58.0,9.27e-05
898,0,4,-15.77,58.0,9.27e-05
899,1,44,195.76,58.0,9.27e-05
900,1,47,196.08,58.0,9.27e-05
901,0,20,39.18,57.0,9.27e-05
902,0,12,20.47,56.0,9.26e-05
903,0,30,65.65,56.0,9.26e-05
904,1,33,239.66,57.0,9.26e-05
905,0,3,-32.34,56.0,9.26e-05
906,1,18,203.71,56.0,9.26e-05
907,0,27,36.68,56.0,9.26e-05
908,1,28,230.25,56.0,9.25e-05
909,0,21,38.67,56.0,9.25e-05
910,1,56,233.55,56.0,9.25e-05
911,1,32,233.51,56.0,9.25e-05
912,1,44,250.83,56.0,9.25e-05
913,1,42,209.34,57.0,9.25e-05
914,0,15,-18.85,56.0,9.24e-05
915,1,29,237.02,57.0,9.24e-05
916,0,30,54.91,57.0,9.24e-05
917,1,40,183.39,58.0,9.24e-05
918,1,28,224.07,59.0,9.24e-05
919,1,73,213.11,60.0,9.24e-05
920,0,3,-29.96,60.0,9.23e-05
921,0,30,17.76,59.0,9.23e-05
922,0,28,56.66,58.0,9.23e-05
924,1,32,249.14,58.0,9.23e-05
925,1,67,171.50,58.0,9.23e-05
926,1,79,202.20,58.0,9.23e-05
927,0,34,-19.05,57.0,9.22e-05
928,1,62,189.15,57.0,9.22e-05
929,1,35,240.24,58.0,9.22e-05
930,1,23,209.22,59.0,9.22e-05
931,0,7,-12.72,58.0,9.22e-05
932,0,19,6.94,57.0,9.22e-05
933,1,55,232.61,58.0,9.21e-05
934,0,3,-27.06,57.0,9.21e-05
935,1,50,188.91,58.0,9.21e-05
936,1,22,237.60,59.0,9.21e-05
937,1,56,208.88,59.0,9.21e-05
938,0,3,-18.16,58.0,9.21e-05
939,1,59,213.80,59.0,9.20e-05
940,1,62,250.40,60.0,9.20e-05
941,1,40,218.76,61.0,9.20e-05
942,1,65,221.55,61.0,9.20e-05
943,0,6,-16.59,61.0,9.20e-05
944,0,12,-32.40,61.0,9.20e-05
945,0,8,-14.90,60.0,9.19e-05
946,1,40,262.61,60.0,9.19e-05
948,0,12,-19.60,59.0,9.19e-05
949,1,32,220.55,59.0,9.19e-05
950,0,43,32.53,59.0,9.19e-05
951,1,74,212.96,59.0,9.19e-05
952,1,13,218.44,60.0,9.18e-05
953,1,71,221.45,60.0,9.18e-05
954,0,2,-28.80,60.0,9.18e-05
955,1,71,213.87,60.0,9.18e-05
956,0,14,-2.77,60.0,9.18e-05
957,0,20,-11.00,59.0,9.18e-05
958,0,8,-17.06,59.0,9.17e-05
959,1,71,199.57,59.0,9.17e-05
960,0,33,20.04,59.0,9.17e-05
961,0,3,-25.76,58.0,9.17e-05
962,1,64,210.89,58.0,9.17e-05
963,1,32,209.11,58.0,9.16e-05
964,1,84,154.57,58.0,9.16e-05
965,0,37,60.11,57.0,9.16e-05
966,1,62,227.78,57.0,9.16e-05
967,0,6,-19.03,57.0,9.16e-05
968,1,22,206.96,57.0,9.16e-05
969,0,4,-21.17,56.0,9.15e-05
970,0,10,-2.65,56.0,9.15e-05
971,0,15,8.46,55.0,9.15e-05
972,0,20,-18.94,54.0,9.15e-05
973,1,61,199.35,55.0,9.15e-05
974,1,71,215.42,56.0,9.15e-05
975,0,32,68.03,55.0,9.14e-05
976,1,34,253.77,55.0,9.14e-05
977,0,6,-23.17,54.0,9.14e-05
978,0,19,23.93,53.0,9.14e-05
979,1,47,197.54,53.0,9.14e-05
980,0,23,23.77,52.0,9.14e-05
981,0,32,32.36,52.0,9.13e-05
982,1,68,163.85,52.0,9.13e-05
983,0,30,-1.48,51.0,9.13e-05
985,1,81,187.06,52.0,9.13e-05
986,1,61,233.75,52.0,9.13e-05
987,1,66,166.80,52.0,9.12e-05
988,0,23,-12.64,52.0,9.12e-05
989,1,36,248.67,52.0,9.12e-05
990,1,63,179.79,53.0,9.12e-05
991,1,36,238.50,53.0,9.12e-05
992,1,30,220.24,54.0,9.12e-05
993,0,41,29.30,53.0,9.11e-05
994,1,68,170.57,53.0,9.11e-05
995,1,19,216.56,54.0,9.11e-05
996,0,6,-8.16,53.0,9.11e-05
997,0,7,-20.44,53.0,9.11e-05
998,1,51,212.87,54.0,9.11e-05
999,1,77,200.98,54.0,9.10e-05
1000,0,61,33.55,53.0,9.10e-05
1001,1,26,231.46,54.0,9.10e-05
1002,0,20,12.11,54.0,9.10e-05
1003,0,23,21.83,54.0,9.10e-05
1004,0,45,41.93,53.0,9.09e-05
1005,0,2,-33.68,53.0,9.09e-05
1006,1,90,184.16,53.0,9.09e-05
1007,1,80,219.38,54.0,9.09e-05
1009,1,81,186.54,54.0,9.09e-05
1010,1,42,215.11,54.0,9.09e-05
1011,0,32,-3.02,53.0,9.08e-05
1012,0,48,56.89,52.0,9.08e-05
1013,1,52,237.36,52.0,9.08e-05
1014,1,89,180.82,53.0,9.08e-05
1015,0,18,21.11,52.0,9.08e-05
1016,1,88,162.28,53.0,9.07e-05
1017,1,81,173.18,53.0,9.07e-05
1018,0,4,-21.93,52.0,9.07e-05
1019,1,60,203.35,52.0,9.07e-05
1020,0,11,-11.58,52.0,9.07e-05
1021,1,52,213.96,53.0,9.07e-05
1022,1,52,233.48,54.0,9.06e-05
1023,1,64,204.98,55.0,9.06e-05
1025,1,35,232.04,54.0,9.06e-05
1026,0,38,68.55,53.0,9.06e-05
1027,1,102,204.76,54.0,9.06e-05
1028,1,85,183.21,54.0,9.05e-05
1029,1,28,224.11,54.0,9.05e-05
1030,1,31,233.64,54.0,9.05e-05
1031,0,15,-21.81,54.0,9.05e-05
1032,1,63,236.71,55.0,9.05e-05
1033,1,28,222.46,55.0,9.05e-05
1034,0,37,-3.14,55.0,9.04e-05
1035,0,2,-32.39,54.0,9.04e-05
1036,0,2,-25.60,53.0,9.04e-05
1037,1,42,258.97,53.0,9.04e-05
1038,1,67,219.76,54.0,9.04e-05
1039,1,49,188.41,54.0,9.03e-05
1040,1,42,262.82,54.0,9.03e-05
1041,0,16,27.42,53.0,9.03e-05
1042,1,47,186.59,53.0,9.03e-05
1043,0,6,-1.62,53.0,9.03e-05
1044,1,58,170.42,54.0,9.03e-05
1045,0,11,3.49,54.0,9.02e-05
1046,0,3,-17.90,53.0,9.02e-05
1047,0,8,-26.98,53.0,9.02e-05
1048,1,71,188.59,54.0,9.02e-05
1049,1,44,236.22,54.0,9.02e-05
1050,1,90,169.73,55.0,9.01e-05
1051,0,17,25.49,54.0,9.01e-05
1052,1,39,256.01,54.0,9.01e-05
1053,0,21,10.28,53.0,9.01e-05
1054,1,23,206.84,54.0,9.01e-05
1055,0,2,-27.01,53.0,9.00e-05
1056,0,7,-32.90,53.0,9.00e-05
1057,0,33,-7.46,53.0,9.00e-05
1058,0,9,1.67,53.0,9.00e-05
1059,1,16,220.01,53.0,9.00e-05
1060,0,19,-10.35,53.0,9.00e-05
1061,0,15,19.89,53.0,8.99e-05
1062,0,28,19.75,52.0,8.99e-05
1063,1,80,188.70,52.0,8.99e-05
1064,1,43,206.51,52.0,8.99e-05
1065,0,8,-20.59,52.0,8.99e-05
1066,0,4,-36.81,51.0,8.98e-05
1067,1,77,254.67,52.0,8.98e-05
1068,0,46,49.27,51.0,8.98e-05
1069,1,37,239.07,52.0,8.98e-05
1070,1,83,206.05,53.0,8.98e-05
1071,0,5,-17.43,53.0,8.97e-05
1072,0,11,5.32,53.0,8.97e-05
1073,1,34,215.17,53.0,8.97e-05
1074,1,35,204.67,53.0,8.97e-05
1075,0,3,-28.44,53.0,8.97e-05
1076,1,21,216.67,53.0,8.97e-05
1077,0,20,24.17,53.0,8.96e-05
1078,1,29,248.26,54.0,8.96e-05
1079,1,80,179.99,54.0,8.96e-05
1080,1,73,166.08,55.0,8.96e-05
1081,1,56,203.21,56.0,8.96e-05
1082,1,61,217.63,56.0,8.95e-05
1083,1,52,193.85,57.0,8.95e-05
1084,1,70,233.15,58.0,8.95e-05
1085,1,45,208.21,58.0,8.95e-05
1086,0,20,45.21,57.0,8.95e-05
1087,1,74,248.56,57.0,8.94e-05
1088,0,18,23.86,57.0,8.94e-05
1089,1,99,213.77,57.0,8.94e-05
1091,1,45,187.21,56.0,8.94e-05
1092,1,83,197.76,56.0,8.94e-05
1093,0,2,-27.49,56.0,8.93e-05
1094,0,2,-25.08,55.0,8.93e-05
1095,1,98,262.45,55.0,8.93e-05
1097,1,94,158.99,56.0,8.93e-05
1098,1,46,232.01,56.0,8.93e-05
1099,1,68,212.93,56.0,8.92e-05
1100,1,58,227.39,57.0,8.92e-05
1101,1,66,198.63,57.0,8.92e-05
1102,1,77,183.25,58.0,8.92e-05
1103,1,67,202.79,59.0,8.92e-05
1104,1,75,186.80,60.0,8.92e-05
1105,1,51,201.62,61.0,8.91e-05
1106,1,94,207.84,61.0,8.91e-05
1107,1,73,199.19,61.0,8.91e-05
1108,0,18,32.84,61.0,8.91e-05
1109,0,2,-30.87,60.0,8.91e-05
1111,0,2,-31.83,59.0,8.90e-05
1112,1,75,202.55,60.0,8.90e-05
1113,0,4,-31.02,59.0,8.90e-05
1114,1,70,194.17,59.0,8.90e-05
1115,1,26,235.08,60.0,8.90e-05
1116,1,19,218.56,60.0,8.89e-05
1117,1,102,209.58,60.0,8.89e-05
1118,1,48,235.32,61.0,8.89e-05
1119,0,34,-22.93,60.0,8.89e-05
1120,1,29,238.63,61.0,8.89e-05
1121,1,52,238.59,61.0,8.88e-05
1122,1,45,250.63,61.0,8.88e-05
1123,1,37,230.53,61.0,8.88e-05
1124,0,6,-18.34,61.0,8.88e-05
1125,0,11,-3.80,60.0,8.88e-05
1126,1,37,191.45,61.0,8.87e-05
1127,1,38,252.16,61.0,8.87e-05
1128,1,51,210.61,61.0,8.87e-05
1129,0,6,-22.74,60.0,8.87e-05
1131,1,44,194.36,60.0,8.87e-05
1132,1,59,185.27,60.0,8.86e-05
1133,0,20,27.27,59.0,8.86e-05
1134,1,48,205.85,60.0,8.86e-05
1135,1,36,264.43,61.0,8.86e-05
1136,1,37,264.88,62.0,8.86e-05
1137,1,81,241.40,62.0,8.85e-05
1138,1,70,199.45,62.0,8.85e-05
1139,0,5,-23.50,61.0,8.85e-05
1140,1,67,186.48,61.0,8.85e-05
1141,0,34,64.54,61.0,8.85e-05
1142,1,69,210.60,61.0,8.84e-05
1143,1,109,178.62,62.0,8.84e-05
1144,1,61,213.54,62.0,8.84e-05
1145,1,55,184.98,63.0,8.84e-05
1146,1,43,223.24,64.0,8.84e-05
1147,1,27,235.07,65.0,8.83e-05
1148,0,6,-11.45,64.0,8.83e-05
1149,0,6,-20.88,63.0,8.83e-05
1151,1,45,202.09,63.0,8.83e-05
1152,0,25,23.39,62.0,8.83e-05
1153,1,33,224.66,63.0,8.82e-05
1154,0,30,27.73,62.0,8.82e-05
1155,1,58,176.38,63.0,8.82e-05
1156,1,86,138.33,64.0,8.82e-05
1157,1,59,227.88,65.0,8.82e-05
1158,1,55,214.31,66.0,8.81e-05
1159,0,8,-30.10,65.0,8.81e-05
1160,1,81,217.17,66.0,8.81e-05
1161,0,3,-23.07,66.0,8.81e-05
1162,1,79,195.91,67.0,8.81e-05
1163,1,40,208.91,67.0,8.80e-05
1164,1,59,200.85,67.0,8.80e-05
1165,1,42,255.68,68.0,8.80e-05
1166,0,5,-22.59,68.0,8.80e-05
1167,1,64,161.86,68.0,8.80e-05
1168,1,31,235.10,69.0,8.79e-05
1169,1,27,218.49,69.0,8.79e-05
1171,1,30,232.34,69.0,8.79e-05
1172,1,26,216.53,70.0,8.79e-05
1173,1,76,186.68,70.0,8.79e-05
1174,0,8,-17.59,69.0,8.78e-05
1176,1,53,181.66,69.0,8.78e-05
1177,0,2,-25.42,69.0,8.78e-05
1178,1,13,207.51,69.0,8.78e-05
1179,1,57,187.04,69.0,8.78e-05
1180,0,30,-2.08,68.0,8.77e-05
1181,0,6,-21.31,67.0,8.77e-05
1182,0,8,-10.52,66.0,8.77e-05
1183,0,5,-17.97,65.0,8.77e-05
1184,1,39,206.36,65.0,8.77e-05
1185,0,19,18.03,64.0,8.76e-05
1186,1,68,223.11,65.0,8.76e-05
1187,1,44,207.60,65.0,8.76e-05
1188,1,53,230.11,66.0,8.76e-05
1189,1,23,228.52,66.0,8.75e-05
1190,1,40,233.37,67.0,8.75e-05
1191,1,41,198.05,67.0,8.75e-05
1193,1,35,266.00,67.0,8.75e-05
1194,1,46,227.92,68.0,8.75e-05
1195,1,108,192.29,68.0,8.74e-05
1196,0,9,0.72,68.0,8.74e-05
1197,1,29,228.97,68.0,8.74e-05
1199,0,46,47.47,66.0,8.74e-05
1200,1,77,145.83,66.0,8.74e-05
1201,1,41,230.86,66.0,8.73e-05
1202,1,77,175.22,66.0,8.73e-05
1203,0,22,1.47,65.0,8.73e-05
1204,1,44,228.68,65.0,8.73e-05
1205,1,42,240.95,65.0,8.73e-05
1206,1,49,193.97,65.0,8.72e-05
1207,1,66,199.10,65.0,8.72e-05
1208,1,29,235.25,66.0,8.72e-05
1209,1,32,220.20,67.0,8.72e-05
1210,0,23,9.97,67.0,8.72e-05
1211,1,100,153.05,68.0,8.71e-05
1212,0,46,57.88,67.0,8.71e-05
1213,1,30,239.20,68.0,8.71e-05
1214,0,3,-26.43,67.0,8.71e-05
1215,0,36,-43.13,66.0,8.70e-05
1216,1,70,180.24,66.0,8.70e-05
1217,0,37,11.98,65.0,8.70e-05
1218,1,28,213.97,65.0,8.70e-05
1219,1,62,203.53,66.0,8.70e-05
1220,1,48,251.78,66.0,8.69e-05
1221,1,32,212.70,66.0,8.69e-05
1222,0,29,-20.08,65.0,8.69e-05
1223,0,2,-27.22,64.0,8.69e-05
1224,1,61,183.16,65.0,8.69e-05
1225,1,46,202.29,66.0,8.68e-05
1226,0,27,-10.92,65.0,8.68e-05
1227,0,21,13.03,64.0,8.68e-05
1228,0,20,8.74,63.0,8.68e-05
1229,1,16,229.54,64.0,8.68e-05
1230,1,53,235.24,65.0,8.67e-05
1231,1,27,239.09,65.0,8.67e-05
1232,1,18,208.71,65.0,8.67e-05
1233,1,41,179.91,66.0,8.67e-05
1234,1,25,219.10,66.0,8.66e-05
1235,0,12,-2.92,65.0,8.66e-05
1236,0,23,-26.00,64.0,8.66e-05
1237,0,4,-32.02,63.0,8.66e-05
1238,0,3,-28.16,62.0,8.66e-05
1239,1,56,194.45,63.0,8.65e-05
1240,0,11,-15.55,62.0,8.65e-05
1241,0,3,-27.60,62.0,8.65e-05
1242,0,27,9.66,61.0,8.65e-05
1243,1,69,205.39,61.0,8.65e-05
1244,1,53,192.45,61.0,8.64e-05
1245,1,64,219.22,61.0,8.64e-05
1246,1,64,203.56,61.0,8.64e-05
1247,1,38,219.02,61.0,8.64e-05
1248,0,43,27.71,61.0,8.63e-05
1249,0,12,-17.88,61.0,8.63e-05
1250,0,7,-36.29,61.0,8.63e-05
1251,0,35,70.74,60.0,8.63e-05
1252,0,15,19.19,60.0,8.63e-05
1253,1,73,195.87,60.0,8.62e-05
1254,1,19,219.03,61.0,8.62e-05
1255,1,37,185.97,61.0,8.62e-05
1256,0,13,-11.79,60.0,8.62e-05
1257,0,7,-18.80,59.0,8.62e-05
1258,0,29,-12.69,58.0,8.61e-05
1259,1,33,239.66,59.0,8.61e-05
1260,0,13,8.17,58.0,8.61e-05
1262,1,78,246.91,58.0,8.61e-05
1263,1,78,190.03,58.0,8.60e-05
1264,1,62,193.24,58.0,8.60e-05
1265,0,33,29.89,57.0,8.60e-05
1267,1,73,181.40,57.0,8.60e-05
1268,1,48,203.51,57.0,8.60e-05
1269,1,57,221.76,57.0,8.59e-05
1270,1,56,159.51,58.0,8.59e-05
1271,0,17,-3.72,57.0,8.59e-05
1272,0,22,-4.64,56.0,8.59e-05
1273,1,38,226.18,56.0,8.59e-05
1274,0,23,2.26,56.0,8.58e-05
1275,1,106,168.35,57.0,8.58e-05
1276,1,58,177.16,57.0,8.58e-05
1277,0,4,-15.27,57.0,8.58e-05
1278,1,70,199.70,57.0,8.57e-05
1279,1,34,198.07,57.0,8.57e-05
1280,1,28,245.64,58.0,8.57e-05
1282,0,2,-29.38,58.0,8.57e-05
1283,1,59,215.84,59.0,8.57e-05
1284,0,20,-10.30,58.0,8.56e-05
1285,1,43,225.08,59.0,8.56e-05
1286,1,58,221.58,59.0,8.56e-05
1287,1,36,233.01,59.0,8.56e-05
1288,0,3,-36.65,58.0,8.55e-05
1289,1,54,245.67,58.0,8.55e-05
1290,1,57,189.85,58.0,8.55e-05
1291,1,39,229.84,58.0,8.55e-05
1292,1,87,214.10,59.0,8.55e-05
1293,0,32,88.60,58.0,8.54e-05
1294,1,58,216.95,58.0,8.54e-05
1295,1,63,202.03,58.0,8.54e-05
1296,1,65,191.67,59.0,8.54e-05
1297,1,28,254.07,59.0,8.53e-05
1298,1,54,202.00,60.0,8.53e-05
1299,0,5,-14.47,60.0,8.53e-05
1300,1,27,253.61,60.0,8.53e-05
1301,1,67,186.49,60.0,8.53e-05
1302,1,43,183.91,60.0,8.52e-05
1303,1,48,240.10,61.0,8.52e-05
1304,0,5,-16.52,60.0,8.52e-05
1305,0,13,27.92,59.0,8.52e-05
1306,0,31,34.84,58.0,8.51e-05
1307,1,52,198.10,58.0,8.51e-05
1308,1,21,229.77,58.0,8.51e-05
1309,0,39,24.52,57.0,8.51e-05
1310,0,46,-3.98,57.0,8.51e-05
1311,0,19,38.41,56.0,8.50e-05
1312,1,78,251.95,57.0,8.50e-05
1313,1,92,186.37,57.0,8.50e-05
1314,1,49,192.83,58.0,8.50e-05
1315,0,4,-30.77,58.0,8.49e-05
1316,1,68,229.02,58.0,8.49e-05
1317,1,70,200.90,59.0,8.49e-05
1318,0,5,-27.49,58.0,8.49e-05
1319,1,34,228.68,58.0,8.49e-05
1320,1,58,182.96,58.0,8.48e-05
1321,1,58,224.78,58.0,8.48e-05
1322,0,40,78.37,58.0,8.48e-05
1323,0,27,13.46,58.0,8.48e-05
1324,0,17,26.60,57.0,8.47e-05
1325,0,23,26.71,56.0,8.47e-05
1326,0,2,-32.57,56.0,8.47e-05
1327,1,50,231.27,57.0,8.47e-05
1328,1,61,208.29,58.0,8.47e-05
1329,0,41,32.84,57.0,8.46e-05
1330,0,3,-23.14,56.0,8.46e-05
1331,0,8,-16.48,55.0,8.46e-05
1332,1,61,199.50,55.0,8.46e-05
1333,1,60,192.90,55.0,8.45e-05
1334,1,25,226.05,55.0,8.45e-05
1335,1,95,205.17,56.0,8.45e-05
1336,1,53,191.90,57.0,8.45e-05
1337,1,35,223.63,58.0,8.45e-05
1338,0,5,-23.96,58.0,8.44e-05
1339,0,6,-20.82,57.0,8.44e-05
1340,1,73,233.43,58.0,8.44e-05
1341,1,29,209.66,59.0,8.44e-05
1342,0,4,-15.27,59.0,8.43e-05
1343,0,48,60.13,58.0,8.43e-05
1344,0,6,-27.75,57.0,8.43e-05
1345,1,33,217.94,57.0,8.43e-05
1346,1,59,220.76,57.0,8.42e-05
1347,0,2,-30.99,56.0,8.42e-05
1348,1,54,235.59,57.0,8.42e-05
1349,1,47,227.92,58.0,8.42e-05
1350,1,74,229.92,59.0,8.42e-05
1351,1,47,233.80,60.0,8.41e-05
1352,0,20,-21.49,60.0,8.41e-05
1353,1,56,249.19,60.0,8.41e-05
1354,1,16,212.95,60.0,8.41e-05
1355,1,53,218.97,60.0,8.40e-05
1356,0,61,24.44,60.0,8.40e-05
1357,0,45,48.80,60.0,8.40e-05
1358,0,32,69.49,60.0,8.40e-05
1359,0,28,17.32,59.0,8.40e-05
1360,1,78,232.01,60.0,8.39e-05
1361,1,44,228.65,61.0,8.39e-05
1362,1,65,224.16,61.0,8.39e-05
1363,0,14,-0.56,60.0,8.39e-05
1364,0,31,4.16,59.0,8.38e-05
1365,0,9,-42.01,59.0,8.38e-05
1366,1,29,208.80,60.0,8.38e-05
1367,0,3,-31.02,59.0,8.38e-05
1368,0,5,-24.13,58.0,8.37e-05
1369,1,76,200.54,58.0,8.37e-05
1370,0,3,-21.38,57.0,8.37e-05
1371,0,18,33.86,57.0,8.37e-05
1372,1,62,240.39,58.0,8.37e-05
1373,0,10,-9.17,57.0,8.36e-05
1374,0,16,-28.41,57.0,8.36e-05
1375,1,35,208.84,57.0,8.36e-05
1377,1,45,184.99,57.0,8.36e-05
1378,1,69,212.63,57.0,8.35e-05
1379,1,42,245.14,57.0,8.35e-05
1380,1,68,225.23,57.0,8.35e-05
1381,1,57,229.76,58.0,8.35e-05
1382,1,45,244.99,59.0,8.34e-05
1383,0,24,17.42,58.0,8.34e-05
1384,1,56,228.54,59.0,8.34e-05
1385,1,88,223.52,59.0,8.34e-05
1386,1,20,212.47,59.0,8.34e-05
1387,1,96,234.35,59.0,8.33e-05
1388,0,40,71.59,59.0,8.33e-05
1389,1,21,229.56,59.0,8.33e-05
1390,0,15,-11.58,58.0,8.33e-05
1391,1,63,187.69,58.0,8.32e-05
1392,1,42,210.26,58.0,8.32e-05
1393,0,2,-24.82,58.0,8.32e-05
1394,1,60,226.49,58.0,8.32e-05
1395,0,16,11.88,57.0,8.31e-05
1396,1,59,247.79,57.0,8.31e-05
1398,0,30,2.91,55.0,8.31e-05
1399,0,42,16.09,55.0,8.31e-05
1400,1,75,225.74,55.0,8.30e-05
1401,0,3,-27.77,54.0,8.30e-05
1402,1,24,219.90,54.0,8.30e-05
1403,0,5,-19.93,53.0,8.30e-05
1404,1,35,262.55,54.0,8.30e-05
1405,0,19,-25.40,54.0,8.29e-05
1406,0,42,55.16,54.0,8.29e-05
1407,1,34,222.24,54.0,8.29e-05
1409,1,66,213.09,54.0,8.29e-05
1410,1,40,245.33,55.0,8.28e-05
1411,1,47,235.83,56.0,8.28e-05
1412,1,45,211.97,56.0,8.28e-05
1413,1,57,230.09,56.0,8.28e-05
1414,1,21,206.38,56.0,8.27e-05
1415,0,20,-2.37,56.0,8.27e-05
1416,1,56,210.34,56.0,8.27e-05
1417,1,39,212.80,56.0,8.27e-05
1418,0,10,-2.90,56.0,8.26e-05
1419,1,43,220.36,56.0,8.26e-05
1420,1,27,216.29,56.0,8.26e-05
1421,1,35,205.12,56.0,8.26e-05
1422,0,3,-24.07,56.0,8.26e-05
1423,0,17,6.66,56.0,8.25e-05
1424,0,18,38.94,56.0,8.25e-05
1425,0,30,14.16,56.0,8.25e-05
1426,1,43,214.28,57.0,8.25e-05
1427,0,5,-18.42,56.0,8.24e-05
1428,1,48,210.86,56.0,8.24e-05
1429,1,54,227.12,57.0,8.24e-05
1430,1,51,226.13,58.0,8.24e-05
1431,1,43,216.53,59.0,8.23e-05
1432,1,34,228.63,59.0,8.23e-05
1433,1,44,226.73,59.0,8.23e-05
1434,1,35,208.33,59.0,8.23e-05
1435,0,17,-1.31,58.0,8.22e-05
1436,1,38,211.40,58.0,8.22e-05
1437,1,71,186.18,58.0,8.22e-05
1438,1,74,217.64,59.0,8.22e-05
1439,0,20,15.30,59.0,8.21e-05
1440,1,51,220.46,59.0,8.21e-05
1441,0,16,-0.92,58.0,8.21e-05
1442,1,72,202.96,59.0,8.21e-05
1443,1,63,216.07,60.0,8.21e-05
1444,1,52,202.78,61.0,8.20e-05
1445,1,23,218.90,61.0,8.20e-05
1446,0,3,-19.66,60.0,8.20e-05
1447,1,42,217.96,61.0,8.20e-05
1448,1,31,215.02,61.0,8.19e-05
1449,0,13,-21.11,60.0,8.19e-05
1450,1,53,191.23,60.0,8.19e-05
1451,1,41,222.73,60.0,8.19e-05
1452,0,18,1.41,60.0,8.18e-05
1453,1,51,247.69,60.0,8.18e-05
1454,1,50,191.45,60.0,8.18e-05
1455,0,5,-13.04,59.0,8.18e-05
1456,0,14,1.33,59.0,8.17e-05
1457,0,30,-3.42,59.0,8.17e-05
1458,0,12,-28.97,59.0,8.17e-05
1459,1,53,240.51,60.0,8.17e-05
1460,0,52,21.43,59.0,8.16e-05
1461,0,11,-1.89,58.0,8.16e-05
1462,1,62,216.85,58.0,8.16e-05
1463,1,30,199.07,59.0,8.16e-05
1464,1,47,225.12,60.0,8.15e-05
1465,0,17,26.97,60.0,8.15e-05
1466,1,35,230.93,60.0,8.15e-05
1467,0,10,-2.73,60.0,8.15e-05
1468,0,9,1.38,60.0,8.14e-05
1469,0,16,-34.70,59.0,8.14e-05
1470,1,60,224.16,60.0,8.14e-05
1471,0,4,-11.53,60.0,8.14e-05
1472,1,39,193.28,60.0,8.14e-05
1473,1,71,207.01,61.0,8.13e-05
1475,1,44,217.40,61.0,8.13e-05
1476,1,72,262.84,62.0,8.13e-05
1477,1,57,250.03,62.0,8.13e-05
1478,1,65,233.90,62.0,8.12e-05
1479,1,62,212.74,62.0,8.12e-05
1480,0,2,-25.37,61.0,8.12e-05
1481,1,40,277.93,61.0,8.12e-05
1482,1,21,205.85,61.0,8.11e-05
1483,1,42,206.51,62.0,8.11e-05
1484,0,11,-13.94,61.0,8.11e-05
1485,1,68,199.05,61.0,8.11e-05
1486,1,45,225.47,61.0,8.10e-05
1487,0,2,-26.67,60.0,8.10e-05
1488,0,2,-30.14,60.0,8.10e-05
1489,0,38,5.95,59.0,8.10e-05
1490,1,44,205.48,60.0,8.09e-05
1491,1,63,251.00,60.0,8.09e-05
1493,0,11,4.82,59.0,8.09e-05
1494,1,48,217.12,59.0,8.09e-05
1495,1,57,224.98,60.0,8.08e-05
1496,1,41,236.11,60.0,8.08e-05
1497,0,2,-32.51,60.0,8.08e-05
1498,0,24,-5.54,60.0,8.08e-05
1499,1,31,215.84,61.0,8.07e-05
1500,1,77,214.01,61.0,8.07e-05
1501,1,77,200.40,62.0,8.07e-05
1502,1,43,226.26,62.0,8.07e-05
1503,0,12,-37.37,62.0,8.06e-05
1504,1,65,211.43,62.0,8.06e-05
1505,0,12,-10.63,62.0,8.06e-05
1506,1,31,208.02,63.0,8.06e-05
1507,0,7,-23.72,62.0,8.05e-05
1508,1,71,205.68,63.0,8.05e-05
1509,0,31,72.73,62.0,8.05e-05
1510,1,38,205.67,62.0,8.05e-05
1511,0,10,-24.88,61.0,8.04e-05
1512,1,27,226.00,61.0,8.04e-05
1513,0,5,-29.68,60.0,8.04e-05
1514,0,17,14.31,59.0,8.04e-05
1515,1,63,242.04,60.0,8.03e-05
1516,1,43,244.15,60.0,8.03e-05
1517,0,32,50.99,59.0,8.03e-05
1518,1,79,207.28,60.0,8.03e-05
1519,0,24,-16.87,59.0,8.02e-05
1520,1,49,207.11,59.0,8.02e-05
1521,1,21,206.03,59.0,8.02e-05
1522,0,18,35.18,59.0,8.02e-05
1523,1,57,238.37,60.0,8.01e-05
1524,1,50,206.95,61.0,8.01e-05
1525,0,15,20.00,61.0,8.01e-05
1526,1,69,216.72,61.0,8.01e-05
1527,1,60,224.71,62.0,8.00e-05
1528,1,65,261.92,62.0,8.00e-05
1529,1,60,213.79,62.0,8.00e-05
1530,0,13,-3.35,61.0,8.00e-05
1531,0,2,-26.66,60.0,7.99e-05
1532,1,72,211.87,60.0,7.99e-05
1533,1,25,231.11,60.0,7.99e-05
1534,1,59,201.35,60.0,7.99e-05
1535,1,25,193.70,61.0,7.98e-05
1536,0,22,-0.86,60.0,7.98e-05
1537,0,2,-26.53,59.0,7.98e-05
1538,0,21,17.51,58.0,7.98e-05
1539,0,10,-12.70,58.0,7.97e-05
1540,0,7,-17.40,57.0,7.97e-05
1541,0,5,-32.49,57.0,7.97e-05
1542,1,50,235.66,57.0,7.97e-05
1543,0,20,-1.06,56.0,7.96e-05
1544,1,56,202.00,56.0,7.96e-05
1545,1,43,215.28,56.0,7.96e-05
1546,1,25,211.72,57.0,7.96e-05
1547,0,7,-9.80,56.0,7.95e-05
1548,0,6,-30.92,55.0,7.95e-05
1549,0,10,2.35,55.0,7.95e-05
1550,0,13,-5.56,54.0,7.95e-05
1551,0,12,-9.62,53.0,7.94e-05
1552,0,62,30.98,53.0,7.94e-05
1553,1,62,209.52,53.0,7.94e-05
1554,1,98,215.49,53.0,7.94e-05
1555,1,54,191.72,54.0,7.93e-05
1556,1,57,221.90,55.0,7.93e-05
1557,0,15,1.85,55.0,7.93e-05
1558,1,43,257.24,56.0,7.93e-05
1559,0,19,14.12,55.0,7.92e-05
1560,0,13,-6.41,55.0,7.92e-05
1561,1,75,198.94,56.0,7.92e-05
1562,1,41,233.70,56.0,7.92e-05
1563,0,14,-17.10,55.0,7.91e-05
1564,0,24,17.57,54.0,7.91e-05
1565,0,6,-19.83,54.0,7.91e-05
1566,1,46,218.74,54.0,7.91e-05
1567,1,51,250.88,55.0,7.90e-05
1568,1,25,210.35,56.0,7.90e-05
1569,1,41,232.35,57.0,7.90e-05
1570,1,51,202.15,57.0,7.90e-05
1572,1,32,233.35,57.0,7.89e-05
1573,0,24,22.15,56.0,7.89e-05
1574,1,32,205.53,57.0,7.89e-05
1575,1,60,204.86,57.0,7.89e-05
1576,0,21,19.10,56.0,7.88e-05
1577,1,53,238.72,56.0,7.88e-05
1578,0,52,61.98,55.0,7.88e-05
1579,0,8,-1.89,54.0,7.88e-05
1581,1,40,202.72,54.0,7.87e-05
1582,1,33,208.18,54.0,7.87e-05
1583,1,54,237.08,54.0,7.87e-05
1584,0,6,-25.48,54.0,7.87e-05
1585,0,2,-25.74,53.0,7.86e-05
1586,1,52,194.27,53.0,7.86e-05
1587,0,16,6.03,53.0,7.86e-05
1589,0,18,3.29,53.0,7.86e-05
1590,1,25,218.61,53.0,7.85e-05
1591,1,51,220.09,53.0,7.85e-05
1592,1,47,268.41,54.0,7.85e-05
1593,0,11,-15.85,54.0,7.85e-05
1594,0,41,42.33,53.0,7.84e-05
1595,1,42,222.28,53.0,7.84e-05
1596,0,36,26.80,52.0,7.84e-05
1597,0,4,-30.53,52.0,7.83e-05
1598,0,8,-1.69,52.0,7.83e-05
1599,0,4,-19.39,51.0,7.83e-05
1600,0,10,-11.14,50.0,7.83e-05
1601,1,79,234.81,50.0,7.82e-05
1602,0,2,-33.04,49.0,7.82e-05
1603,0,25,42.53,49.0,7.82e-05
1604,1,57,227.65,49.0,7.82e-05
1605,1,38,182.80,50.0,7.81e-05
1606,1,44,232.25,50.0,7.81e-05
1607,0,5,-19.77,50.0,7.81e-05
1608,1,38,217.01,50.0,7.81e-05
1609,0,7,2.14,50.0,7.80e-05
1610,1,65,224.12,50.0,7.80e-05
1611,1,42,236.66,51.0,7.80e-05
1612,1,39,237.71,51.0,7.80e-05
1613,0,20,24.17,51.0,7.79e-05
1614,1,64,210.97,52.0,7.79e-05
1615,1,30,186.59,52.0,7.79e-05
1616,0,16,-19.50,51.0,7.79e-05
1617,1,57,219.98,52.0,7.78e-05
1618,1,54,208.79,52.0,7.78e-05
1619,1,27,228.70,53.0,7.78e-05
1620,0,6,-10.45,52.0,7.78e-05
1621,1,73,186.94,52.0,7.77e-05
1622,1,40,217.66,53.0,7.77e-05
1623,1,42,219.26,53.0,7.77e-05
1624,0,7,-25.15,52.0,7.77e-05
1626,1,53,196.19,52.0,7.76e-05
1627,1,51,214.95,52.0,7.76e-05
1628,1,84,220.27,52.0,7.76e-05
1629,1,65,168.81,52.0,7.75e-05
1630,0,55,57.79,52.0,7.75e-05
1631,0,38,60.21,52.0,7.75e-05
1632,1,73,205.33,52.0,7.75e-05
1633,0,27,68.03,51.0,7.74e-05
1634,0,53,54.93,50.0,7.74e-05
1635,0,6,-17.40,49.0,7.74e-05
1636,1,94,195.11,50.0,7.74e-05
1637,0,18,26.85,50.0,7.73e-05
1639,1,45,250.14,51.0,7.73e-05
1641,1,68,177.89,52.0,7.73e-05
1642,0,4,-29.93,51.0,7.73e-05
1643,1,63,186.13,52.0,7.72e-05
1644,1,48,174.84,52.0,7.72e-05
1645,0,8,1.00,51.0,7.72e-05
1646,0,16,34.33,50.0,7.72e-05
1647,0,46,1.12,50.0,7.71e-05
1648,1,33,201.19,51.0,7.71e-05
1649,0,11,1.69,51.0,7.71e-05
1650,1,41,226.07,52.0,7.70e-05
1651,0,3,-36.11,52.0,7.70e-05
1652,0,18,-13.63,52.0,7.70e-05
1653,1,34,254.17,52.0,7.70e-05
1654,1,45,227.06,52.0,7.69e-05
1655,0,37,67.58,51.0,7.69e-05
1656,0,13,-20.13,50.0,7.69e-05
1657,1,71,206.07,51.0,7.69e-05
1658,1,36,226.98,51.0,7.68e-05
1659,0,14,-15.85,51.0,7.68e-05
1660,0,7,-15.55,51.0,7.68e-05
1661,0,20,49.24,50.0,7.68e-05
1662,1,25,211.17,50.0,7.67e-05
1663,1,70,174.33,51.0,7.67e-05
1664,1,48,208.21,52.0,7.67e-05
1665,0,25,5.72,52.0,7.67e-05
1666,1,35,213.48,52.0,7.66e-05
1667,1,42,206.16,52.0,7.66e-05
1668,0,10,-19.96,51.0,7.66e-05
1669,1,39,231.55,51.0,7.65e-05
1670,0,6,-15.95,50.0,7.65e-05
1671,1,59,247.56,51.0,7.65e-05
1672,1,44,186.76,51.0,7.65e-05
1673,1,33,222.32,52.0,7.64e-05
1674,0,12,-4.93,51.0,7.64e-05
1675,0,21,-9.62,50.0,7.64e-05
1676,0,35,-14.56,50.0,7.64e-05
1677,0,66,-19.78,49.0,7.63e-05
1678,0,16,22.36,49.0,7.63e-05
1680,1,57,198.79,50.0,7.63e-05
1681,0,16,36.18,49.0,7.63e-05
1682,0,4,-23.91,48.0,7.62e-05
1683,0,16,0.67,47.0,7.62e-05
1684,0,14,-12.45,47.0,7.62e-05
1685,0,16,-0.45,47.0,7.62e-05
1686,1,24,216.09,47.0,7.61e-05
1687,1,35,260.33,48.0,7.61e-05
1688,1,70,187.36,49.0,7.61e-05
1689,1,61,212.63,50.0,7.60e-05
1690,1,50,230.90,50.0,7.60e-05
1691,0,20,14.37,49.0,7.60e-05
1692,0,22,10.13,48.0,7.60e-05
1693,0,2,-31.89,48.0,7.59e-05
1694,0,2,-28.85,48.0,7.59e-05
1695,0,10,-17.45,47.0,7.59e-05
1696,0,15,-22.62,47.0,7.59e-05
1697,1,40,213.69,48.0,7.58e-05
1698,0,3,-26.19,48.0,7.58e-05
1699,0,52,6.20,48.0,7.58e-05
1700,0,12,10.23,48.0,7.58e-05
1701,0,21,18.77,47.0,7.57e-05
1702,1,81,188.11,48.0,7.57e-05
1703,1,47,203.38,49.0,7.57e-05
1704,0,10,1.16,48.0,7.56e-05
1706,1,53,197.87,47.0,7.56e-05
1707,0,11,-9.26,47.0,7.56e-05
1708,0,2,-25.22,46.0,7.56e-05
1709,1,65,247.37,47.0,7.55e-05
1710,0,6,-22.16,46.0,7.55e-05
1711,1,41,201.47,46.0,7.55e-05
1712,1,20,224.32,46.0,7.55e-05
1713,0,19,17.83,46.0,7.54e-05
1714,0,4,-22.97,45.0,7.54e-05
1715,1,32,224.44,45.0,7.54e-05
1716,1,37,236.75,46.0,7.53e-05
1717,0,13,8.15,45.0,7.53e-05
1718,0,7,-11.14,44.0,7.53e-05
1719,1,90,203.45,44.0,7.53e-05
1720,1,19,205.27,45.0,7.52e-05
1722,0,18,-52.28,43.0,7.52e-05
1723,1,53,200.40,43.0,7.52e-05
1724,0,5,-15.02,43.0,7.52e-05
1725,1,37,196.92,44.0,7.51e-05
1726,0,46,2.67,43.0,7.51e-05
1727,1,49,207.45,43.0,7.51e-05
1728,1,44,229.52,43.0,7.51e-05
1729,0,18,11.32,42.0,7.50e-05
1731,1,52,227.55,43.0,7.50e-05
1732,1,97,211.59,43.0,7.50e-05
1733,1,33,220.25,44.0,7.49e-05
1734,0,9,-5.71,44.0,7.49e-05
1735,0,6,-31.13,44.0,7.49e-05
1736,1,65,228.70,44.0,7.49e-05
1737,0,50,48.42,44.0,7.48e-05
1739,0,30,21.65,43.0,7.48e-05
1740,1,46,213.03,44.0,7.48e-05
1741,1,27,214.52,44.0,7.48e-05
1742,1,69,196.28,45.0,7.47e-05
1743,0,3,-20.36,44.0,7.47e-05
1744,0,8,-33.00,43.0,7.47e-05
1745,1,72,244.28,44.0,7.46e-05
1746,0,24,4.86,44.0,7.46e-05
1747,1,52,213.05,45.0,7.46e-05
1748,1,80,205.70,45.0,7.46e-05
1749,0,3,-28.60,45.0,7.45e-05
1750,0,15,6.86,44.0,7.45e-05
1751,0,4,-28.48,44.0,7.45e-05
1752,0,19,-22.04,44.0,7.45e-05
1753,1,58,206.22,44.0,7.44e-05
1754,1,40,250.67,44.0,7.44e-05
1755,1,30,193.12,45.0,7.44e-05
1756,1,46,219.20,46.0,7.43e-05
1757,1,39,196.07,46.0,7.43e-05
1758,1,46,224.07,46.0,7.43e-05
1759,0,13,-6.82,46.0,7.43e-05
1760,1,28,220.88,47.0,7.42e-05
1761,1,30,215.16,48.0,7.42e-05
1762,0,15,3.13,47.0,7.42e-05
1763,0,27,-6.88,46.0,7.42e-05
1764,0,2,-33.44,45.0,7.41e-05
1765,1,51,221.07,46.0,7.41e-05
1766,1,52,234.90,46.0,7.41e-05
1767,0,11,-19.91,45.0,7.40e-05
1768,0,7,-17.86,45.0,7.40e-05
1769,1,59,217.06,45.0,7.40e-05
1770,1,36,205.54,46.0,7.40e-05
1771,0,60,66.40,45.0,7.39e-05
1772,0,4,-29.41,44.0,7.39e-05
1773,1,47,227.59,44.0,7.39e-05
1774,0,28,37.33,44.0,7.39e-05
1775,0,33,29.23,44.0,7.38e-05
1776,1,71,190.61,45.0,7.38e-05
1777,1,42,217.18,46.0,7.38e-05
1778,0,15,-22.75,46.0,7.37e-05
1780,1,50,217.05,46.0,7.37e-05
1781,1,20,211.36,47.0,7.37e-05
1782,1,88,215.91,48.0,7.37e-05
1783,0,28,-23.23,48.0,7.36e-05
1784,0,24,4.70,48.0,7.36e-05
1785,0,21,-3.34,48.0,7.36e-05
1786,0,13,-9.10,47.0,7.36e-05
1787,0,42,17.64,46.0,7.35e-05
1788,0,2,-24.70,45.0,7.35e-05
1789,1,64,196.43,45.0,7.35e-05
1790,0,53,88.60,44.0,7.34e-05
1791,1,34,248.03,45.0,7.34e-05
1792,0,30,-19.08,45.0,7.34e-05
1793,0,9,-30.05,45.0,7.34e-05
1794,1,46,193.09,46.0,7.33e-05
1795,1,32,237.01,47.0,7.33e-05
1796,1,46,215.01,48.0,7.33e-05
1797,1,53,225.74,48.0,7.32e-05
1798,0,8,-3.36,48.0,7.32e-05
1799,0,3,-29.07,48.0,7.32e-05
1800,1,77,252.19,49.0,7.32e-05
1801,0,10,0.11,49.0,7.31e-05
1802,0,4,-18.87,48.0,7.31e-05
1803,0,58,-9.37,47.0,7.31e-05
1804,0,12,13.18,47.0,7.31e-05
1805,1,78,196.57,48.0,7.30e-05
1806,1,54,232.88,48.0,7.30e-05
1807,0,12,-38.05,48.0,7.30e-05
1808,0,32,27.94,48.0,7.29e-05
1809,0,5,-43.06,47.0,7.29e-05
1810,1,70,207.80,48.0,7.29e-05
1811,0,4,-31.19,47.0,7.29e-05
1812,1,62,216.17,47.0,7.28e-05
1813,1,19,214.51,48.0,7.28e-05
1814,0,3,-32.82,48.0,7.28e-05
1815,0,5,-24.43,47.0,7.28e-05
1816,0,14,-0.46,46.0,7.27e-05
1817,1,42,237.62,47.0,7.27e-05
1818,0,17,-17.38,47.0,7.27e-05
1819,0,16,-27.11,46.0,7.26e-05
1820,0,2,-25.80,45.0,7.26e-05
1821,0,33,14.43,45.0,7.26e-05
1823,1,67,238.01,45.0,7.26e-05
1824,1,44,221.25,46.0,7.25e-05
1825,0,47,-13.67,45.0,7.25e-05
1826,0,15,-5.65,45.0,7.25e-05
1827,1,49,264.17,45.0,7.24e-05
1829,1,55,204.22,45.0,7.24e-05
1830,1,68,204.07,46.0,7.24e-05
1831,0,60,71.84,45.0,7.24e-05
1833,1,65,214.47,44.0,7.23e-05
1834,1,42,194.85,45.0,7.23e-05
1836,1,60,240.04,45.0,7.23e-05
1837,1,64,232.05,46.0,7.22e-05
1838,0,12,-0.26,46.0,7.22e-05
1839,1,75,191.30,47.0,7.22e-05
1840,0,66,81.88,46.0,7.22e-05
1841,1,50,204.08,46.0,7.21e-05
1842,0,18,-15.56,45.0,7.21e-05
1843,0,54,35.24,45.0,7.21e-05
1844,1,23,215.82,46.0,7.21e-05
1845,1,57,193.03,46.0,7.20e-05
1846,1,19,211.44,47.0,7.20e-05
1847,0,17,17.19,46.0,7.20e-05
1848,0,21,-17.96,45.0,7.19e-05
1849,1,45,195.47,46.0,7.19e-05
1850,0,14,13.96,46.0,7.19e-05
1851,1,30,209.50,47.0,7.19e-05
1853,1,47,222.06,47.0,7.18e-05
1854,0,45,71.32,46.0,7.18e-05
1855,0,3,-19.56,45.0,7.18e-05
1856,0,2,-25.68,44.0,7.17e-05
1857,0,61,39.67,43.0,7.17e-05
1858,1,43,198.00,43.0,7.17e-05
1859,1,78,234.44,44.0,7.17e-05
1860,0,4,-22.11,43.0,7.16e-05
1861,0,36,42.53,42.0,7.16e-05
1863,0,33,66.87,42.0,7.16e-05
1864,1,64,229.85,43.0,7.15e-05
1865,0,9,-7.35,42.0,7.15e-05
1866,0,18,-12.13,41.0,7.15e-05
1867,0,99,57.64,41.0,7.15e-05
1868,0,20,-0.88,41.0,7.14e-05
1869,0,27,23.56,40.0,7.14e-05
1871,1,42,212.64,40.0,7.14e-05
1872,1,71,166.80,41.0,7.14e-05
1873,1,57,186.49,41.0,7.13e-05
1874,0,13,-21.67,41.0,7.13e-05
1875,0,18,44.71,41.0,7.13e-05
1876,1,75,202.57,41.0,7.12e-05
1877,1,40,218.90,41.0,7.12e-05
1878,1,51,213.62,42.0,7.12e-05
1879,0,26,-0.20,42.0,7.12e-05
1880,1,22,220.58,42.0,7.11e-05
1881,0,9,-20.63,41.0,7.11e-05
1882,1,56,248.32,41.0,7.11e-05
1883,1,87,189.49,42.0,7.10e-05
1884,0,49,84.70,42.0,7.10e-05
1885,0,7,-22.41,42.0,7.10e-05
1886,0,2,-27.97,42.0,7.10e-05
1887,1,26,226.37,43.0,7.09e-05
1888,1,34,202.83,44.0,7.09e-05
1889,0,2,-25.08,43.0,7.09e-05
1890,0,51,82.51,43.0,7.08e-05
1891,1,21,217.66,43.0,7.08e-05
1892,1,52,228.85,44.0,7.08e-05
1893,1,92,197.30,45.0,7.08e-05
1894,0,36,46.57,44.0,7.07e-05
1895,0,25,-2.08,43.0,7.07e-05
1896,0,23,10.33,42.0,7.07e-05
1897,0,14,-9.20,41.0,7.06e-05
1898,1,64,230.98,42.0,7.06e-05
1899,1,62,236.39,43.0,7.06e-05
1900,1,62,267.19,43.0,7.06e-05
1901,0,18,30.76,43.0,7.05e-05
1902,1,46,248.83,44.0,7.05e-05
1903,0,22,9.70,44.0,7.05e-05
1904,0,5,-25.14,44.0,7.04e-05
1905,1,39,243.91,44.0,7.04e-05
1906,1,59,222.96,44.0,7.04e-05
1907,0,15,-33.52,44.0,7.04e-05
1908,0,4,-36.66,44.0,7.03e-05
1909,0,22,23.47,44.0,7.03e-05
1910,1,44,230.46,44.0,7.03e-05
1911,1,66,212.33,45.0,7.02e-05
1912,1,20,212.21,45.0,7.02e-05
1913,0,6,-8.14,44.0,7.02e-05
1914,1,52,200.19,45.0,7.02e-05
1915,1,31,249.27,46.0,7.01e-05
1916,1,58,203.31,47.0,7.01e-05
1917,1,34,205.28,47.0,7.01e-05
1918,0,3,-28.08,47.0,7.00e-05
1919,0,16,-14.16,47.0,7.00e-05
1920,0,20,14.64,47.0,7.00e-05
1921,0,24,24.84,47.0,7.00e-05
1922,0,41,41.30,47.0,6.99e-05
1923,1,39,202.69,47.0,6.99e-05
1924,1,62,226.41,47.0,6.99e-05
1925,1,64,218.05,48.0,6.98e-05
1926,1,83,203.08,49.0,6.98e-05
1928,1,55,230.02,49.0,6.98e-05
1929,1,70,199.33,49.0,6.98e-05
1930,0,2,-33.15,48.0,6.97e-05
1931,0,11,-6.37,48.0,6.97e-05
1932,0,3,-27.22,48.0,6.97e-05
1933,0,20,-1.23,47.0,6.96e-05
1934,1,47,248.30,47.0,6.96e-05
1935,0,4,-22.95,47.0,6.96e-05
1936,1,57,227.69,47.0,6.96e-05
1938,1,42,249.57,47.0,6.95e-05
1939,0,27,-54.73,46.0,6.95e-05
1940,0,33,4.98,46.0,6.95e-05
1942,0,10,-19.75,45.0,6.94e-05
1943,0,23,31.53,45.0,6.94e-05
1944,0,46,10.64,44.0,6.94e-05
1946,1,33,177.80,43.0,6.94e-05
1947,0,4,-25.54,43.0,6.93e-05
1948,1,38,209.56,44.0,6.93e-05
1949,0,7,-29.20,43.0,6.93e-05
1950,0,4,-23.66,43.0,6.92e-05
1951,0,6,-28.75,42.0,6.92e-05
1952,1,71,202.58,43.0,6.92e-05
1953,0,18,15.28,42.0,6.92e-05
1954,1,58,222.85,43.0,6.91e-05
1955,0,4,-29.90,43.0,6.91e-05
1956,1,22,238.46,44.0,6.91e-05
1957,0,47,15.42,44.0,6.90e-05
1958,1,51,226.25,44.0,6.90e-05
1960,0,29,39.75,43.0,6.90e-05
1961,0,46,52.78,43.0,6.90e-05
1962,0,11,-23.64,43.0,6.89e-05
1963,0,4,-38.21,43.0,6.89e-05
1964,1,38,230.44,43.0,6.89e-05
1965,1,31,211.34,44.0,6.88e-05
1966,0,8,-42.40,44.0,6.88e-05
1967,0,9,-15.98,44.0,6.88e-05
1968,1,31,211.40,45.0,6.88e-05
1969,0,46,41.68,45.0,6.87e-05
1970,0,30,52.53,45.0,6.87e-05
1971,0,22,15.74,44.0,6.87e-05
1972,1,43,218.06,44.0,6.86e-05
1973,1,24,232.08,44.0,6.86e-05
1974,0,30,32.31,44.0,6.86e-05
1975,1,68,204.20,45.0,6.85e-05
1976,1,58,241.91,45.0,6.85e-05
1977,0,36,-1.67,44.0,6.85e-05
1978,1,51,217.74,44.0,6.85e-05
1979,0,39,21.83,44.0,6.84e-05
1980,1,54,244.85,44.0,6.84e-05
1981,1,47,202.13,45.0,6.84e-05
1982,1,61,245.97,45.0,6.83e-05
1983,0,13,3.73,44.0,6.83e-05
1984,0,10,-11.22,44.0,6.83e-05
1985,0,22,32.74,44.0,6.83e-05
1986,0,17,-31.90,44.0,6.82e-05
1987,1,84,219.82,44.0,6.82e-05
1988,1,58,218.71,44.0,6.82e-05
1989,0,15,-38.07,44.0,6.81e-05
1990,1,27,194.13,45.0,6.81e-05
1991,1,92,220.95,45.0,6.81e-05
1992,0,22,43.90,44.0,6.81e-05
1993,1,51,243.83,44.0,6.80e-05
1994,0,42,42.03,44.0,6.80e-05
1995,1,67,205.64,45.0,6.80e-05
1996,0,2,-27.54,45.0,6.79e-05
1997,1,59,184.79,46.0,6.79e-05
1998,0,35,23.88,45.0,6.79e-05
1999,1,38,233.78,45.0,6.79e-05
2000,1,55,246.21,45.0,6.78e-05
2001,1,69,219.78,46.0,6.78e-05
2002,1,55,226.05,46.0,6.78e-05
2003,1,91,232.23,47.0,6.77e-05
2004,0,20,3.31,47.0,6.77e-05
2005,0,9,-22.82,46.0,6.77e-05
2006,1,26,223.81,46.0,6.76e-05
2007,0,8,-13.09,46.0,6.76e-05
2008,1,75,214.47,47.0,6.76e-05
2009,0,11,-46.40,47.0,6.76e-05
2010,0,31,35.20,46.0,6.75e-05
2011,1,47,223.51,46.0,6.75e-05
2012,1,38,207.94,46.0,6.75e-05
2013,0,2,-27.61,46.0,6.74e-05
2014,0,20,5.26,45.0,6.74e-05
2015,0,3,-32.84,44.0,6.74e-05
2016,1,74,220.30,44.0,6.74e-05
2017,0,5,-21.97,43.0,6.73e-05
2018,1,30,209.63,44.0,6.73e-05
2019,0,38,53.17,44.0,6.73e-05
2020,0,10,-12.40,44.0,6.72e-05
2021,0,18,19.94,44.0,6.72e-05
2022,1,40,204.23,45.0,6.72e-05
2023,1,90,238.92,45.0,6.72e-05
2024,1,25,206.29,45.0,6.71e-05
2025,1,72,229.39,45.0,6.71e-05
2026,1,44,220.41,45.0,6.71e-05
2027,0,15,-12.68,45.0,6.70e-05
2028,1,52,191.06,45.0,6.70e-05
2029,0,19,-7.33,44.0,6.70e-05
2030,1,44,257.69,45.0,6.69e-05
2031,1,68,214.80,46.0,6.69e-05
2032,1,47,199.90,47.0,6.69e-05
2033,1,54,245.02,48.0,6.69e-05
2034,0,24,-5.63,47.0,6.68e-05
2035,0,19,39.44,47.0,6.68e-05
2036,0,7,1.98,46.0,6.68e-05
2037,0,19,32.35,46.0,6.67e-05
2039,0,18,34.63,45.0,6.67e-05
2040,0,10,-29.53,45.0,6.67e-05
2041,1,67,221.86,46.0,6.67e-05
2042,0,24,-12.21,46.0,6.66e-05
2043,0,4,-24.99,46.0,6.66e-05
2044,0,2,-27.34,46.0,6.66e-05
2045,1,71,224.55,47.0,6.65e-05
2046,0,25,-8.13,46.0,6.65e-05
2047,0,2,-30.41,46.0,6.65e-05
2048,0,9,-0.69,45.0,6.64e-05
2049,1,24,230.33,46.0,6.64e-05
2050,1,46,212.09,47.0,6.64e-05
2051,1,64,224.97,48.0,6.64e-05
2052,1,46,204.13,48.0,6.63e-05
2053,0,33,5.82,48.0,6.63e-05
2054,0,20,16.18,47.0,6.63e-05
2055,1,46,252.92,48.0,6.62e-05
2056,1,36,217.09,48.0,6.62e-05
2057,1,39,218.23,49.0,6.62e-05
2058,0,47,2.18,48.0,6.62e-05
2059,1,49,237.02,49.0,6.61e-05
2060,0,26,9.42,49.0,6.61e-05
2061,1,36,227.99,50.0,6.61e-05
2062,0,37,-17.68,50.0,6.60e-05
2063,0,34,16.84,50.0,6.60e-05
2064,1,58,231.67,50.0,6.60e-05
2065,0,29,23.41,49.0,6.59e-05
2066,0,7,-10.35,49.0,6.59e-05
2067,0,20,-30.71,49.0,6.59e-05
2068,1,23,223.20,49.0,6.59e-05
2069,1,66,225.29,50.0,6.58e-05
2070,1,40,242.75,51.0,6.58e-05
2071,1,68,212.45,52.0,6.58e-05
2072,0,2,-29.68,51.0,6.57e-05
2073,1,56,239.28,51.0,6.57e-05
2074,1,25,220.39,52.0,6.57e-05
2075,0,2,-34.06,51.0,6.56e-05
2076,1,43,230.50,51.0,6.56e-05
2077,0,31,-13.81,51.0,6.56e-05
2078,0,21,-5.01,50.0,6.56e-05
2079,1,36,222.08,51.0,6.55e-05
2080,1,58,239.98,51.0,6.55e-05
2081,0,48,13.88,50.0,6.55e-05
2082,0,12,-11.60,49.0,6.54e-05
2083,0,17,-6.02,49.0,6.54e-05
2084,0,10,-5.75,49.0,6.54e-05
2085,0,26,28.92,49.0,6.54e-05
2086,1,56,227.32,50.0,6.53e-05
2087,0,3,-22.41,49.0,6.53e-05
2088,1,43,211.19,49.0,6.53e-05
2089,0,29,15.03,49.0,6.52e-05
2090,1,45,204.74,49.0,6.52e-05
2091,1,61,239.08,49.0,6.52e-05
2092,1,31,210.11,50.0,6.51e-05
2093,0,29,51.51,49.0,6.51e-05
2094,1,60,220.18,50.0,6.51e-05
2095,0,12,-3.91,49.0,6.51e-05
2096,1,65,237.17,50.0,6.50e-05
2097,0,17,-9.00,49.0,6.50e-05
2098,1,69,215.65,50.0,6.50e-05
2099,1,42,213.66,50.0,6.49e-05
2100,0,2,-33.23,49.0,6.49e-05
2101,0,25,30.01,48.0,6.49e-05
2102,0,4,-12.48,47.0,6.48e-05
2103,1,41,249.85,47.0,6.48e-05
2104,1,59,231.54,48.0,6.48e-05
2105,0,86,84.59,48.0,6.48e-05
2106,0,18,5.48,47.0,6.47e-05
2107,1,51,210.49,48.0,6.47e-05
2108,0,4,-33.77,47.0,6.47e-05
2109,1,46,210.90,48.0,6.46e-05
2110,0,23,10.26,48.0,6.46e-05
2111,0,7,-21.11,47.0,6.46e-05
2112,1,40,215.21,47.0,6.45e-05
2113,0,12,-20.83,47.0,6.45e-05
2114,1,45,215.35,48.0,6.45e-05
2115,0,21,23.91,48.0,6.45e-05
2116,1,66,257.47,48.0,6.44e-05
2117,1,73,213.34,49.0,6.44e-05
2118,0,14,1.52,48.0,6.44e-05
2120,1,28,224.62,49.0,6.43e-05
2121,1,38,215.05,50.0,6.43e-05
2122,0,12,-0.84,49.0,6.43e-05
2123,0,3,-24.96,48.0,6.43e-05
2124,0,2,-24.95,47.0,6.42e-05
2126,1,74,223.80,46.0,6.42e-05
2127,0,14,29.67,46.0,6.42e-05
2128,1,62,180.02,46.0,6.41e-05
2129,1,35,228.10,47.0,6.41e-05
2130,1,29,225.47,47.0,6.41e-05
2131,0,17,9.42,46.0,6.40e-05
2132,1,46,224.22,46.0,6.40e-05
2133,1,40,250.68,46.0,6.40e-05
2134,1,59,209.22,47.0,6.40e-05
2135,0,17,33.49,47.0,6.39e-05
2136,0,39,-20.57,47.0,6.39e-05
2137,0,27,35.10,47.0,6.39e-05
2138,0,36,20.89,47.0,6.38e-05
2139,1,28,200.34,48.0,6.38e-05
2140,1,53,208.67,49.0,6.38e-05
2141,1,52,214.93,49.0,6.37e-05
2142,1,46,265.34,50.0,6.37e-05
2143,0,5,-27.66,50.0,6.37e-05
2145,1,42,229.84,50.0,6.37e-05
2146,0,20,-10.31,50.0,6.36e-05
2147,0,5,-18.85,50.0,6.36e-05
2149,0,11,1.94,49.0,6.36e-05
2151,0,82,28.61,47.0,6.35e-05
2152,0,21,16.54,46.0,6.35e-05
2154,1,58,241.71,47.0,6.35e-05
2155,1,73,234.43,47.0,6.34e-05
2156,1,50,212.13,47.0,6.34e-05
2157,1,46,199.42,47.0,6.34e-05
2158,1,33,211.83,48.0,6.34e-05
2159,1,44,235.46,48.0,6.33e-05
2160,1,60,211.05,49.0,6.33e-05
2161,0,6,-14.39,48.0,6.33e-05
2162,0,36,21.29,48.0,6.32e-05
2163,1,36,210.82,49.0,6.32e-05
2164,0,3,-33.21,48.0,6.32e-05
2165,1,25,216.74,49.0,6.31e-05
2166,0,20,15.44,49.0,6.31e-05
2167,1,55,222.05,50.0,6.31e-05
2168,0,34,-12.86,49.0,6.31e-05
2169,1,66,237.30,49.0,6.30e-05
2170,0,16,29.58,48.0,6.30e-05
2171,0,17,-3.22,47.0,6.30e-05
2172,0,16,-20.72,47.0,6.29e-05
2173,1,34,224.39,47.0,6.29e-05
2174,0,23,-14.78,46.0,6.29e-05
2175,0,14,-23.00,46.0,6.28e-05
2176,0,56,27.54,45.0,6.28e-05
2177,1,37,227.91,46.0,6.28e-05
2178,0,52,0.86,46.0,6.27e-05
2180,1,46,190.54,45.0,6.27e-05
2181,0,17,39.40,45.0,6.27e-05
2182,0,45,1.67,45.0,6.27e-05
2183,1,48,232.97,46.0,6.26e-05
2184,0,13,-3.92,46.0,6.26e-05
2186,0,24,22.73,45.0,6.26e-05
2187,1,27,210.44,46.0,6.25e-05
2188,0,2,-24.80,45.0,6.25e-05
2189,1,38,220.48,46.0,6.25e-05
2190,0,9,-18.69,45.0,6.24e-05
2191,1,20,210.35,45.0,6.24e-05
2192,0,3,-25.48,44.0,6.24e-05
2193,0,3,-24.31,44.0,6.24e-05
2194,1,68,208.99,44.0,6.23e-05
2195,1,48,239.45,45.0,6.23e-05
2196,0,16,2.66,44.0,6.23e-05
2197,1,66,219.94,45.0,6.22e-05
2198,0,19,-3.86,44.0,6.22e-05
2199,1,58,231.76,44.0,6.22e-05
2200,1,34,210.28,45.0,6.21e-05
2201,1,35,220.73,46.0,6.21e-05
2202,0,7,-22.22,46.0,6.21e-05
2203,1,64,208.67,46.0,6.21e-05
2204,0,44,19.18,45.0,6.20e-05
2206,0,3,-28.05,45.0,6.20e-05
2207,1,47,218.86,45.0,6.20e-05
2208,0,41,10.21,45.0,6.19e-05
2209,1,40,215.80,45.0,6.19e-05
2210,0,26,2.68,45.0,6.19e-05
2211,0,22,-2.12,45.0,6.18e-05
2212,0,17,1.40,44.0,6.18e-05
2214,0,7,-4.23,43.0,6.18e-05
2215,1,34,252.48,44.0,6.18e-05
2216,0,15,-17.05,43.0,6.17e-05
2217,1,37,230.93,43.0,6.17e-05
2218,0,6,-9.49,43.0,6.17e-05
2219,1,32,223.26,44.0,6.16e-05
2220,0,26,7.23,43.0,6.16e-05
2221,0,42,72.06,42.0,6.16e-05
2222,0,14,3.68,42.0,6.15e-05
2223,0,21,16.82,42.0,6.15e-05
2224,0,4,-34.85,42.0,6.15e-05
2225,0,24,18.88,42.0,6.14e-05
2226,0,11,-11.77,41.0,6.14e-05
2227,0,23,-14.06,41.0,6.14e-05
2228,0,17,39.99,40.0,6.14e-05
2229,1,39,219.58,40.0,6.13e-05
2230,1,38,235.64,40.0,6.13e-05
2231,1,21,208.61,41.0,6.13e-05
2232,1,105,238.09,41.0,6.12e-05
2233,1,26,229.60,41.0,6.12e-05
2234,1,21,224.62,41.0,6.12e-05
2235,1,54,225.22,42.0,6.11e-05
2236,1,41,218.10,43.0,6.11e-05
2237,0,3,-26.88,43.0,6.11e-05
2238,0,48,61.53,43.0,6.11e-05
2239,0,17,8.11,42.0,6.10e-05
2240,1,51,244.82,42.0,6.10e-05
2241,1,38,219.70,42.0,6.10e-05
2242,0,10,-2.11,41.0,6.09e-05
2243,1,54,219.88,42.0,6.09e-05
2244,1,43,205.29,43.0,6.09e-05
2245,0,12,14.24,42.0,6.08e-05
2246,0,24,9.81,42.0,6.08e-05
2247,0,7,-22.79,42.0,6.08e-05
2248,0,7,-17.73,42.0,6.08e-05
2249,1,36,216.48,43.0,6.07e-05
2250,1,67,226.81,44.0,6.07e-05
2251,1,29,218.51,45.0,6.07e-05
2252,1,36,238.54,46.0,6.06e-05
2253,1,81,222.96,47.0,6.06e-05
2254,1,28,223.45,47.0,6.06e-05
2255,0,31,18.37,46.0,6.05e-05
2256,1,65,236.22,46.0,6.05e-05
2258,0,11,-21.06,44.0,6.05e-05
2259,1,37,183.13,44.0,6.04e-05
2260,0,5,-23.84,43.0,6.04e-05
2261,0,11,-2.18,43.0,6.04e-05
2262,0,13,-24.62,43.0,6.04e-05
2263,0,9,-1.96,42.0,6.03e-05
2264,1,31,232.33,43.0,6.03e-05
2265,1,37,203.52,43.0,6.03e-05
2267,0,16,16.49,42.0,6.02e-05
2268,0,54,3.36,42.0,6.02e-05
2269,1,71,234.12,42.0,6.02e-05
2270,0,54,20.03,42.0,6.01e-05
2271,0,20,-23.51,42.0,6.01e-05
2272,1,67,227.17,43.0,6.01e-05
2273,1,46,198.62,43.0,6.01e-05
2274,0,11,-13.87,43.0,6.00e-05
2275,0,36,5.23,43.0,6.00e-05
2276,1,28,225.75,44.0,6.00e-05
2277,0,35,-11.81,43.0,5.99e-05
2278,1,43,203.73,44.0,5.99e-05
2279,1,59,241.62,45.0,5.99e-05
2280,0,14,-15.83,44.0,5.98e-05
2281,1,23,210.48,45.0,5.98e-05
2282,1,37,231.02,46.0,5.98e-05
2283,1,35,212.49,46.0,5.97e-05
2284,1,61,230.39,47.0,5.97e-05
2285,0,11,0.66,47.0,5.97e-05
2286,1,74,189.63,48.0,5.97e-05
2288,0,2,-32.38,47.0,5.96e-05
2289,1,62,228.40,47.0,5.96e-05
2290,1,77,248.23,48.0,5.96e-05
2291,0,31,28.90,47.0,5.95e-05
2292,1,66,210.33,48.0,5.95e-05
2293,0,18,23.60,48.0,5.95e-05
2294,1,54,203.71,48.0,5.94e-05
2295,1,50,236.31,48.0,5.94e-05
2296,1,28,221.54,49.0,5.94e-05
2297,0,38,3.29,48.0,5.93e-05
2298,1,35,224.85,49.0,5.93e-05
2300,0,10,-17.40,47.0,5.93e-05
2301,0,24,36.81,46.0,5.93e-05
2302,0,64,56.04,46.0,5.92e-05
2303,0,23,60.34,45.0,5.92e-05
2304,0,7,-31.15,45.0,5.92e-05
2305,0,35,17.27,45.0,5.91e-05
2306,0,50,40.13,45.0,5.91e-05
2307,0,14,22.11,44.0,5.91e-05
2308,0,20,23.91,44.0,5.90e-05
2309,0,10,-2.87,43.0,5.90e-05
2310,0,11,8.84,43.0,5.90e-05
2311,0,2,-25.69,43.0,5.89e-05
2312,1,69,254.82,44.0,5.89e-05
2313,1,41,237.72,45.0,5.89e-05
2314,0,26,36.69,45.0,5.89e-05
2315,1,21,213.64,45.0,5.88e-05
2316,1,52,209.67,46.0,5.88e-05
2317,1,52,215.87,46.0,5.88e-05
2318,0,23,-3.77,46.0,5.87e-05
2319,0,18,12.96,45.0,5.87e-05
2320,1,25,239.88,46.0,5.87e-05
2321,1,45,206.53,47.0,5.86e-05
2322,0,25,18.39,47.0,5.86e-05
2323,0,54,48.69,47.0,5.86e-05
2324,1,38,226.00,48.0,5.86e-05
2325,0,13,-23.76,48.0,5.85e-05
2328,0,53,39.23,48.0,5.85e-05
2329,1,39,214.69,48.0,5.85e-05
2330,1,49,232.07,48.0,5.84e-05
2331,1,26,214.59,48.0,5.84e-05
2332,0,7,-18.18,47.0,5.84e-05
2333,1,62,252.30,47.0,5.83e-05
2334,1,28,221.26,47.0,5.83e-05
2335,1,51,237.78,47.0,5.83e-05
2336,0,15,-25.14,46.0,5.82e-05
2337,1,73,217.16,47.0,5.82e-05
2338,0,9,-12.15,47.0,5.82e-05
2339,0,23,-5.05,47.0,5.82e-05
2340,0,2,-28.44,46.0,5.81e-05
2341,0,8,-19.48,45.0,5.81e-05
2342,1,34,211.59,46.0,5.81e-05
2343,0,16,-9.33,45.0,5.80e-05
2344,0,15,-19.53,44.0,5.80e-05
2345,0,5,-9.91,44.0,5.80e-05
2346,1,35,226.94,45.0,5.79e-05
2347,0,2,-28.30,45.0,5.79e-05
2348,0,39,27.85,45.0,5.79e-05
2349,0,25,-1.18,44.0,5.78e-05
2350,1,52,206.95,44.0,5.78e-05
2351,0,16,10.24,43.0,5.78e-05
2352,0,2,-28.79,42.0,5.78e-05
2353,0,14,-16.40,41.0,5.77e-05
2354,0,11,-7.66,40.0,5.77e-05
2355,0,3,-28.33,40.0,5.77e-05
2356,1,43,235.24,40.0,5.76e-05
2357,1,50,242.44,41.0,5.76e-05
2358,0,11,-14.98,41.0,5.76e-05
2359,0,37,44.91,40.0,5.75e-05
2360,0,47,43.10,40.0,5.75e-05
2361,0,8,-14.21,40.0,5.75e-05
2362,0,5,-29.31,40.0,5.74e-05
2363,1,73,233.95,41.0,5.74e-05
2364,0,49,37.66,40.0,5.74e-05
2365,1,41,223.91,40.0,5.74e-05
2366,1,78,225.56,41.0,5.73e-05
2367,0,31,42.55,41.0,5.73e-05
2369,1,25,216.30,41.0,5.73e-05
2370,1,64,219.38,42.0,5.72e-05
2371,0,14,-3.37,42.0,5.72e-05
2372,1,36,249.87,42.0,5.72e-05
2373,1,60,234.55,42.0,5.71e-05
2374,0,2,-31.64,42.0,5.71e-05
2376,1,70,226.49,42.0,5.71e-05
2377,0,39,53.48,42.0,5.70e-05
2378,1,24,201.32,42.0,5.70e-05
2379,0,52,42.34,41.0,5.70e-05
2380,1,35,196.87,42.0,5.70e-05
2381,0,29,-5.61,41.0,5.69e-05
2382,0,14,-18.78,40.0,5.69e-05
2383,1,45,238.96,40.0,5.69e-05
2384,1,44,196.24,40.0,5.68e-05
2385,0,3,-19.32,40.0,5.68e-05
2386,0,8,-19.75,39.0,5.68e-05
2387,0,2,-27.33,39.0,5.67e-05
2388,1,39,254.38,40.0,5.67e-05
2389,0,19,20.00,39.0,5.67e-05
2390,1,29,209.78,39.0,5.66e-05
2391,0,18,14.75,39.0,5.66e-05
2392,1,63,216.41,39.0,5.66e-05
2394,1,36,201.82,39.0,5.65e-05
2395,1,42,208.56,39.0,5.65e-05
2396,0,2,-31.81,38.0,5.65e-05
2397,0,49,80.78,38.0,5.65e-05
2398,1,40,215.50,38.0,5.64e-05
2399,0,18,-14.68,38.0,5.64e-05
2400,1,74,218.32,39.0,5.64e-05
2401,1,37,213.86,40.0,5.63e-05
2402,0,14,11.70,40.0,5.63e-05
2404,0,6,-37.02,40.0,5.63e-05
2405,1,22,207.62,41.0,5.62e-05
2406,0,18,4.29,41.0,5.62e-05
2407,1,42,227.86,42.0,5.62e-05
2408,0,5,-23.15,42.0,5.61e-05
2409,0,35,17.18,42.0,5.61e-05
2411,1,34,201.11,43.0,5.61e-05
2412,0,21,-26.76,42.0,5.61e-05
2413,0,18,15.65,41.0,5.60e-05
2414,0,3,-26.04,41.0,5.60e-05
2415,1,36,217.22,41.0,5.60e-05
2416,0,31,31.62,40.0,5.59e-05
2417,0,50,22.22,39.0,5.59e-05
2418,1,79,192.56,40.0,5.59e-05
2419,1,39,220.59,41.0,5.58e-05
2420,1,39,210.67,41.0,5.58e-05
2421,0,14,-17.44,40.0,5.58e-05
2422,0,26,15.24,40.0,5.57e-05
2423,1,27,207.78,41.0,5.57e-05
2424,0,4,-9.70,40.0,5.57e-05
2425,0,50,19.08,40.0,5.57e-05
2426,0,26,-1.17,40.0,5.56e-05
2427,0,14,-28.19,40.0,5.56e-05
2428,0,3,-34.29,40.0,5.56e-05
2429,1,44,222.04,40.0,5.55e-05
2431,0,12,7.63,38.0,5.55e-05
2432,0,24,17.39,38.0,5.55e-05
2433,1,51,200.04,38.0,5.54e-05
2434,0,15,12.46,37.0,5.54e-05
2435,0,32,48.13,36.0,5.54e-05
2436,0,5,-34.85,36.0,5.53e-05
2437,0,10,-19.39,35.0,5.53e-05
2438,0,5,-18.41,35.0,5.53e-05
2440,0,35,17.92,35.0,5.53e-05
2441,0,3,-26.86,35.0,5.52e-05
2442,1,67,199.15,35.0,5.52e-05
2443,1,56,222.20,36.0,5.52e-05
2444,0,3,-24.10,36.0,5.51e-05
2445,1,80,275.22,37.0,5.51e-05
2446,0,45,-14.69,36.0,5.51e-05
2447,0,13,-15.38,36.0,5.50e-05
2448,1,31,207.71,37.0,5.50e-05
2449,1,58,209.63,38.0,5.50e-05
2450,0,29,30.04,37.0,5.49e-05
2451,0,22,-10.92,37.0,5.49e-05
2452,1,28,226.94,38.0,5.49e-05
2453,0,50,57.68,38.0,5.48e-05
2454,0,10,-13.51,38.0,5.48e-05
2455,1,52,236.16,39.0,5.48e-05
2456,0,13,-14.10,38.0,5.48e-05
2457,0,2,-33.57,37.0,5.47e-05
2458,1,27,214.28,38.0,5.47e-05
2459,0,35,-31.89,38.0,5.47e-05
2460,1,49,225.58,39.0,5.46e-05
2461,0,2,-30.10,39.0,5.46e-05
2462,1,61,229.87,40.0,5.46e-05
2463,1,45,221.42,40.0,5.45e-05
2464,0,4,-26.93,40.0,5.45e-05
2465,1,26,207.69,40.0,5.45e-05
2466,0,19,-21.81,39.0,5.44e-05
2467,0,24,49.28,39.0,5.44e-05
2468,1,39,195.32,40.0,5.44e-05
2469,0,56,77.18,39.0,5.44e-05
2470,0,5,-27.05,38.0,5.43e-05
2471,1,38,218.04,39.0,5.43e-05
2472,1,65,243.44,39.0,5.43e-05
2473,0,13,-4.04,38.0,5.42e-05
2474,0,77,84.04,38.0,5.42e-05
2476,0,14,10.70,37.0,5.42e-05
2477,1,54,218.99,38.0,5.41e-05
2478,0,23,13.52,37.0,5.41e-05
2479,1,28,216.03,38.0,5.41e-05
2480,1,86,234.60,38.0,5.40e-05
2481,0,45,58.35,38.0,5.40e-05
2482,1,63,204.25,39.0,5.40e-05
2483,0,23,42.25,38.0,5.39e-05
2484,1,42,192.41,38.0,5.39e-05
2485,1,43,213.10,39.0,5.39e-05
2486,1,26,208.58,40.0,5.39e-05
2487,0,2,-33.83,40.0,5.38e-05
2488,0,12,15.15,39.0,5.38e-05
2489,1,40,239.68,40.0,5.38e-05
2490,0,38,13.47,39.0,5.37e-05
2491,1,33,256.05,40.0,5.37e-05
2492,1,46,227.00,40.0,5.37e-05
2493,0,8,12.89,40.0,5.36e-05
2494,0,6,-7.03,39.0,5.36e-05
2495,1,23,199.90,39.0,5.36e-05
2496,1,48,227.11,40.0,5.35e-05
2497,1,34,221.12,41.0,5.35e-05
2498,1,33,235.33,41.0,5.35e-05
2499,1,84,198.98,42.0,5.35e-05
2500,1,59,245.04,42.0,5.34e-05
2501,1,41,239.72,42.0,5.34e-05
2502,0,2,-31.74,42.0,5.34e-05
2503,0,11,13.34,42.0,5.33e-05
2505,1,27,221.72,42.0,5.33e-05
2506,1,57,216.82,43.0,5.33e-05
2507,1,64,227.73,43.0,5.32e-05
2508,1,38,236.97,44.0,5.32e-05
2509,1,57,209.76,45.0,5.32e-05
2510,1,59,196.82,46.0,5.31e-05
2511,1,61,193.20,46.0,5.31e-05
2512,0,15,-15.20,46.0,5.31e-05
2513,0,18,19.90,46.0,5.30e-05
2514,0,7,-9.73,46.0,5.30e-05
2515,1,18,211.45,46.0,5.30e-05
2516,0,55,83.57,46.0,5.30e-05
2517,1,39,226.93,47.0,5.29e-05
2518,0,55,43.16,46.0,5.29e-05
2519,0,28,31.37,45.0,5.29e-05
2520,1,38,193.98,45.0,5.28e-05
2521,1,25,221.69,46.0,5.28e-05
2522,0,66,69.72,46.0,5.28e-05
2523,0,34,59.91,45.0,5.27e-05
2524,0,6,-6.05,45.0,5.27e-05
2525,0,63,69.84,45.0,5.27e-05
2526,0,12,-19.31,45.0,5.26e-05
2527,1,47,215.42,46.0,5.26e-05
2528,1,45,227.50,47.0,5.26e-05
2529,1,40,239.03,47.0,5.26e-05
2530,1,19,220.42,48.0,5.25e-05
2531,0,28,55.31,48.0,5.25e-05
2532,0,57,23.58,48.0,5.25e-05
2533,1,85,211.67,48.0,5.24e-05
2534,0,57,21.27,48.0,5.24e-05
2535,0,40,30.68,48.0,5.24e-05
2536,0,21,-10.54,48.0,5.23e-05
2537,0,2,-25.90,48.0,5.23e-05
2538,0,8,-12.28,48.0,5.23e-05
2539,1,64,211.60,49.0,5.22e-05
2540,1,74,204.85,50.0,5.22e-05
2541,0,3,-31.11,50.0,5.22e-05
2542,0,39,10.89,49.0,5.21e-05
2543,1,31,239.23,49.0,5.21e-05
2544,0,6,-4.95,49.0,5.21e-05
2545,1,59,231.97,49.0,5.21e-05
2546,1,51,219.63,50.0,5.20e-05
2547,0,3,-18.65,50.0,5.20e-05
2548,0,30,45.90,49.0,5.20e-05
2549,0,3,-39.31,48.0,5.19e-05
2550,0,38,84.81,48.0,5.19e-05
2551,1,53,212.82,49.0,5.19e-05
2552,1,33,220.87,49.0,5.18e-05
2553,1,54,230.32,50.0,5.18e-05
2554,1,60,237.43,51.0,5.18e-05
2555,0,5,-26.05,50.0,5.17e-05
2556,1,31,208.44,51.0,5.17e-05
2557,1,60,222.41,52.0,5.17e-05
2558,0,38,44.38,51.0,5.17e-05
2559,1,51,228.19,52.0,5.16e-05
2560,1,31,199.72,52.0,5.16e-05
2561,0,51,47.75,52.0,5.16e-05
2562,0,16,14.90,51.0,5.15e-05
2563,1,89,222.72,51.0,5.15e-05
2564,0,36,40.16,51.0,5.15e-05
2565,1,48,237.70,51.0,5.14e-05
2566,1,74,235.52,52.0,5.14e-05
2567,0,24,26.68,52.0,5.14e-05
2568,1,27,216.46,52.0,5.13e-05
2569,1,35,203.33,53.0,5.13e-05
2570,0,27,17.91,53.0,5.13e-05
2571,0,21,38.15,52.0,5.12e-05
2572,1,53,212.21,52.0,5.12e-05
2573,0,53,93.40,52.0,5.12e-05
2574,1,58,207.97,53.0,5.12e-05
2575,1,18,209.66,54.0,5.11e-05
2576,0,40,26.50,54.0,5.11e-05
2577,0,8,-21.20,53.0,5.11e-05
2578,1,66,223.17,54.0,5.10e-05
2579,0,14,6.04,53.0,5.10e-05
2580,0,25,-7.85,52.0,5.10e-05
2581,0,40,-41.93,52.0,5.09e-05
2582,0,4,-23.02,51.0,5.09e-05
2583,1,65,225.73,52.0,5.09e-05
2584,0,7,-26.92,51.0,5.08e-05
2585,1,49,216.58,51.0,5.08e-05
2586,0,39,47.84,50.0,5.08e-05
2587,1,36,239.47,51.0,5.07e-05
2588,1,58,230.84,52.0,5.07e-05
2589,0,20,15.27,51.0,5.07e-05
2590,0,9,-19.85,51.0,5.07e-05
2591,0,11,-11.64,50.0,5.06e-05
2592,0,28,44.58,49.0,5.06e-05
2593,1,41,228.33,50.0,5.06e-05
2594,0,14,-12.96,50.0,5.05e-05
2595,0,18,22.79,49.0,5.05e-05
2596,0,5,-25.70,48.0,5.05e-05
2597,0,5,-37.76,47.0,5.04e-05
2598,1,42,214.44,47.0,5.04e-05
2599,1,66,226.49,47.0,5.04e-05
2600,0,9,-18.17,46.0,5.03e-05
2601,0,44,38.34,45.0,5.03e-05
2602,0,6,-8.98,45.0,5.03e-05
2603,1,51,218.20,46.0,5.03e-05
2604,0,11,-34.29,46.0,5.02e-05
2605,0,24,38.23,45.0,5.02e-05
2606,1,25,217.23,45.0,5.02e-05
2607,0,31,56.13,44.0,5.01e-05
2608,1,64,248.25,44.0,5.01e-05
2609,1,31,226.85,44.0,5.01e-05
2610,0,36,-11.14,43.0,5.00e-05
2611,1,50,254.01,43.0,5.00e-05
2612,0,32,28.56,43.0,5.00e-05
2613,1,69,223.35,44.0,4.99e-05
2614,0,24,26.78,44.0,4.99e-05
2615,0,6,-12.02,43.0,4.99e-05
2616,1,56,233.71,44.0,4.98e-05
2617,1,45,216.35,44.0,4.98e-05
2618,0,8,-36.47,44.0,4.98e-05
2619,0,19,14.43,44.0,4.98e-05
2620,1,38,251.89,44.0,4.97e-05
2621,1,34,199.95,44.0,4.97e-05
2622,0,12,-17.44,44.0,4.97e-05
2623,0,9,-1.41,44.0,4.96e-05
2624,0,55,70.40,44.0,4.96e-05
2625,0,17,20.49,44.0,4.96e-05
2626,0,33,-1.18,44.0,4.95e-05
2627,1,42,221.02,44.0,4.95e-05
2628,0,8,-8.63,43.0,4.95e-05
2629,0,35,3.07,42.0,4.94e-05
2630,0,55,37.74,41.0,4.94e-05
2631,0,36,41.70,41.0,4.94e-05
2632,0,10,18.09,41.0,4.93e-05
2633,0,2,-24.94,40.0,4.93e-05
2634,0,5,-25.40,40.0,4.93e-05
2635,0,25,-3.44,40.0,4.93e-05
2636,1,25,206.76,41.0,4.92e-05
2637,1,60,194.29,42.0,4.92e-05
2638,0,39,79.37,42.0,4.92e-05
2639,1,71,193.07,42.0,4.91e-05
2640,1,31,237.08,42.0,4.91e-05
2641,1,64,222.55,43.0,4.91e-05
2642,1,42,210.09,44.0,4.90e-05
2643,0,22,-4.34,43.0,4.90e-05
2644,0,14,7.44,43.0,4.90e-05
2645,1,78,213.81,43.0,4.89e-05
2646,1,48,205.84,43.0,4.89e-05
2647,1,50,222.87,44.0,4.89e-05
2648,1,27,223.95,45.0,4.89e-05
2649,0,20,-11.38,45.0,4.88e-05
2650,0,3,-31.53,45.0,4.88e-05
2651,1,38,205.95,45.0,4.88e-05
2652,0,21,11.03,44.0,4.87e-05
2653,1,77,215.71,44.0,4.87e-05
2654,0,29,28.69,43.0,4.87e-05
2655,0,36,47.02,43.0,4.86e-05
2656,0,15,-4.70,42.0,4.86e-05
2657,1,33,202.97,42.0,4.86e-05
2658,0,13,-11.81,42.0,4.85e-05
2659,1,37,224.05,42.0,4.85e-05
2660,0,63,93.30,41.0,4.85e-05
2661,1,39,209.83,42.0,4.84e-05
2662,1,50,243.26,43.0,4.84e-05
2663,1,53,202.53,43.0,4.84e-05
2664,1,85,156.34,44.0,4.84e-05
2665,0,10,-44.75,43.0,4.83e-05
2666,1,24,216.12,43.0,4.83e-05
2667,0,34,62.39,43.0,4.83e-05
2668,0,40,4.49,42.0,4.82e-05
2669,0,3,-32.81,41.0,4.82e-05
2670,0,53,70.87,41.0,4.82e-05
2671,1,52,239.80,42.0,4.81e-05
2672,1,60,210.64,42.0,4.81e-05
2673,1,52,218.48,43.0,4.81e-05
2674,0,33,32.73,42.0,4.80e-05
2675,0,68,-61.39,41.0,4.80e-05
2676,1,53,240.37,42.0,4.80e-05
2677,1,46,192.92,43.0,4.80e-05
2678,1,15,218.29,43.0,4.79e-05
2679,0,14,-15.95,43.0,4.79e-05
2680,0,25,24.94,43.0,4.79e-05
2681,0,25,6.98,43.0,4.78e-05
2682,1,67,230.36,44.0,4.78e-05
2683,0,31,20.73,43.0,4.78e-05
2684,0,37,61.69,43.0,4.77e-05
2685,0,49,36.52,42.0,4.77e-05
2686,1,60,208.81,43.0,4.77e-05
2687,0,20,12.80,42.0,4.76e-05
2688,0,34,2.88,41.0,4.76e-05
2689,0,41,69.34,41.0,4.76e-05
2690,0,21,-6.80,41.0,4.75e-05
2691,0,8,-29.07,41.0,4.75e-05
2692,0,26,-12.49,41.0,4.75e-05
2693,0,7,-7.62,40.0,4.75e-05
2694,1,68,195.88,41.0,4.74e-05
2695,1,32,223.68,42.0,4.74e-05
2696,1,54,226.30,43.0,4.74e-05
2697,1,76,240.88,44.0,4.73e-05
2698,0,5,-28.32,43.0,4.73e-05
2699,1,57,251.18,43.0,4.73e-05
2701,1,37,217.18,44.0,4.72e-05
2702,1,33,217.78,45.0,4.72e-05
2703,1,78,214.95,45.0,4.72e-05
2704,0,8,-20.17,45.0,4.71e-05
2705,1,49,228.21,46.0,4.71e-05
2706,1,34,228.78,46.0,4.71e-05
2707,1,35,215.79,47.0,4.71e-05
2708,1,70,213.02,47.0,4.70e-05
2709,0,7,-19.47,46.0,4.70e-05
2710,0,2,-24.63,46.0,4.70e-05
2712,0,2,-33.12,45.0,4.69e-05
2713,0,35,11.08,44.0,4.69e-05
2714,0,20,42.32,44.0,4.69e-05
2715,1,26,213.80,45.0,4.68e-05
2716,0,27,39.47,44.0,4.68e-05
2717,1,27,217.84,44.0,4.68e-05
2718,0,26,7.44,44.0,4.67e-05
2719,1,71,248.71,45.0,4.67e-05
2720,1,47,245.03,45.0,4.67e-05
2721,1,28,213.73,45.0,4.66e-05
2722,1,40,186.57,46.0,4.66e-05
2724,0,20,-4.93,46.0,4.66e-05
2725,0,4,-29.43,46.0,4.66e-05
2726,0,5,-27.67,46.0,4.65e-05
2727,1,45,229.03,46.0,4.65e-05
2728,0,65,81.18,46.0,4.65e-05
2729,0,37,13.95,46.0,4.64e-05
2730,1,24,201.74,47.0,4.64e-05
2732,0,13,-11.78,47.0,4.64e-05
2733,0,4,-39.70,47.0,4.63e-05
2734,0,16,-10.25,47.0,4.63e-05
2735,0,30,11.98,47.0,4.63e-05
2736,0,2,-28.63,46.0,4.62e-05
2737,0,20,4.61,45.0,4.62e-05
2738,1,35,221.12,46.0,4.62e-05
2739,0,16,18.68,45.0,4.62e-05
2740,1,42,205.54,45.0,4.61e-05
2742,1,48,213.70,44.0,4.61e-05
2743,1,70,193.45,45.0,4.61e-05
2744,1,53,212.75,46.0,4.60e-05
2745,0,13,13.89,45.0,4.60e-05
2746,0,6,-24.56,44.0,4.60e-05
2747,0,11,-29.75,43.0,4.59e-05
2748,1,67,253.50,43.0,4.59e-05
2749,1,26,198.60,44.0,4.59e-05
2750,0,12,-4.21,44.0,4.58e-05
2751,0,23,55.14,43.0,4.58e-05
2752,0,8,-14.25,43.0,4.58e-05
2753,0,2,-24.73,42.0,4.57e-05
2754,0,20,12.66,42.0,4.57e-05
2755,1,61,241.32,43.0,4.57e-05
2756,0,13,8.58,43.0,4.57e-05
2757,0,9,-38.32,42.0,4.56e-05
2758,1,60,235.73,43.0,4.56e-05
2759,1,69,220.31,43.0,4.56e-05
2760,1,55,246.07,44.0,4.55e-05
2761,1,44,236.44,44.0,4.55e-05
2763,0,59,29.19,42.0,4.55e-05
2764,1,34,222.93,42.0,4.54e-05
2765,0,8,-20.67,42.0,4.54e-05
2766,0,41,32.77,41.0,4.54e-05
2767,1,55,243.62,42.0,4.53e-05
2768,1,46,224.98,43.0,4.53e-05
2769,1,46,217.49,44.0,4.53e-05
2770,0,9,-23.82,44.0,4.53e-05
2771,0,40,60.95,43.0,4.52e-05
2772,0,30,24.85,42.0,4.52e-05
2773,0,5,-35.47,41.0,4.52e-05
2775,1,18,219.54,42.0,4.51e-05
2776,1,54,200.84,42.0,4.51e-05
2777,0,24,-19.17,41.0,4.51e-05
2778,1,35,227.06,41.0,4.50e-05
2779,0,7,-34.62,41.0,4.50e-05
2780,0,3,-25.13,41.0,4.50e-05
2781,0,20,-1.67,41.0,4.49e-05
2782,1,51,227.40,41.0,4.49e-05
2783,0,12,7.20,41.0,4.49e-05
2784,1,67,201.37,42.0,4.49e-05
2785,1,38,216.92,43.0,4.48e-05
2786,1,25,231.78,43.0,4.48e-05
2787,0,5,-20.20,43.0,4.48e-05
2788,0,21,-7.04,43.0,4.47e-05
2789,0,18,17.95,43.0,4.47e-05
2790,0,3,-30.25,43.0,4.47e-05
2791,1,33,199.43,44.0,4.46e-05
2792,0,15,-16.28,44.0,4.46e-05
2793,0,21,-14.64,44.0,4.46e-05
2795,1,33,199.27,43.0,4.45e-05
2796,0,53,69.05,42.0,4.45e-05
2797,0,9,-18.79,41.0,4.45e-05
2798,1,73,244.26,42.0,4.45e-05
2800,1,33,206.81,42.0,4.44e-05
2801,1,40,218.60,42.0,4.44e-05
2802,1,71,216.96,42.0,4.44e-05
2803,0,3,-25.25,41.0,4.43e-05
2804,1,33,204.54,42.0,4.43e-05
2805,0,5,-20.14,41.0,4.43e-05
2806,1,29,205.01,41.0,4.42e-05
2807,0,14,-6.92,40.0,4.42e-05
2808,0,20,-7.63,39.0,4.42e-05
2809,0,17,30.48,39.0,4.41e-05
2810,1,33,223.15,40.0,4.41e-05
2811,1,28,231.59,41.0,4.41e-05
2812,1,38,248.73,42.0,4.40e-05
2813,1,75,211.74,43.0,4.40e-05
2814,0,15,-26.88,43.0,4.40e-05
2815,0,13,-15.20,42.0,4.40e-05
2816,0,18,26.83,42.0,4.39e-05
2817,0,24,0.48,41.0,4.39e-05
2818,0,9,-16.00,41.0,4.39e-05
2819,0,29,-11.33,40.0,4.38e-05
2820,1,41,206.72,40.0,4.38e-05
2821,0,5,-42.06,39.0,4.38e-05
2823,0,8,-14.22,38.0,4.37e-05
2824,1,83,245.40,39.0,4.37e-05
2825,1,34,276.96,40.0,4.37e-05
2826,0,4,-20.14,40.0,4.36e-05
2827,0,5,-11.96,39.0,4.36e-05
2828,1,61,229.55,40.0,4.36e-05
2829,0,18,14.78,40.0,4.36e-05
2830,0,5,-37.60,39.0,4.35e-05
2831,0,13,29.34,39.0,4.35e-05
2832,0,28,-1.01,39.0,4.35e-05
2833,1,55,211.34,40.0,4.34e-05
2834,0,3,-21.47,40.0,4.34e-05
2835,1,26,231.53,41.0,4.34e-05
2837,1,58,221.44,42.0,4.33e-05
2838,1,70,207.78,42.0,4.33e-05
2839,0,20,34.71,42.0,4.33e-05
2840,0,38,58.34,41.0,4.32e-05
2841,0,12,-2.60,41.0,4.32e-05
2842,1,44,194.39,41.0,4.32e-05
2843,1,68,228.43,41.0,4.32e-05
2844,1,29,205.35,41.0,4.31e-05
2845,0,16,28.03,41.0,4.31e-05
2847,0,25,26.41,41.0,4.31e-05
2848,1,68,198.05,41.0,4.30e-05
2849,0,2,-33.16,40.0,4.30e-05
2850,1,20,218.13,41.0,4.30e-05
2851,1,52,231.73,42.0,4.29e-05
2852,1,46,214.86,43.0,4.29e-05
2853,0,2,-25.24,43.0,4.29e-05
2854,1,33,231.18,44.0,4.28e-05
2855,1,18,217.81,44.0,4.28e-05
2857,0,34,6.17,44.0,4.28e-05
2858,0,2,-25.81,43.0,4.28e-05
2859,1,40,204.73,43.0,4.27e-05
2860,1,40,231.43,43.0,4.27e-05
2861,0,7,-13.23,42.0,4.27e-05
2862,0,36,55.23,42.0,4.26e-05
2863,0,61,64.27,42.0,4.26e-05
2864,0,16,63.16,41.0,4.26e-05
2865,1,40,226.92,42.0,4.25e-05
2867,0,55,63.05,41.0,4.25e-05
2868,0,2,-33.65,40.0,4.25e-05
2869,0,51,53.37,39.0,4.24e-05
2870,0,3,-29.34,39.0,4.24e-05
2871,0,2,-25.20,39.0,4.24e-05
2872,1,35,219.45,40.0,4.24e-05
2873,1,38,230.80,41.0,4.23e-05
2874,1,47,243.03,42.0,4.23e-05
2875,0,15,19.75,41.0,4.23e-05
2876,1,39,221.05,41.0,4.22e-05
2877,1,64,236.70,42.0,4.22e-05
2878,1,57,200.42,42.0,4.22e-05
2879,0,15,-21.53,42.0,4.21e-05
2880,0,22,-31.69,42.0,4.21e-05
2881,0,7,-9.85,42.0,4.21e-05
2882,0,16,35.47,41.0,4.21e-05
2883,0,28,-7.51,41.0,4.20e-05
2884,1,48,205.81,41.0,4.20e-05
2885,0,21,-18.60,40.0,4.20e-05
2886,1,49,242.77,40.0,4.19e-05
2887,1,22,215.89,41.0,4.19e-05
2888,0,3,-23.67,41.0,4.19e-05
2889,0,15,8.22,41.0,4.18e-05
2890,0,23,-27.84,41.0,4.18e-05
2891,0,22,13.55,40.0,4.18e-05
2892,1,32,208.11,41.0,4.17e-05
2893,1,32,233.45,42.0,4.17e-05
2894,0,48,85.99,42.0,4.17e-05
2895,1,66,194.52,42.0,4.17e-05
2896,0,12,-16.28,42.0,4.16e-05
2897,0,39,22.09,42.0,4.16e-05
2899,0,10,4.39,41.0,4.16e-05
2900,1,56,239.01,41.0,4.15e-05
2901,1,61,203.49,41.0,4.15e-05
2902,0,6,-46.13,40.0,4.15e-05
2903,0,14,18.28,40.0,4.14e-05
2904,1,63,226.20,40.0,4.14e-05
2905,0,25,-0.98,40.0,4.14e-05
2906,1,31,208.88,40.0,4.13e-05
2907,0,35,31.02,40.0,4.13e-05
2908,0,12,11.01,40.0,4.13e-05
2909,0,25,16.19,40.0,4.13e-05
2910,0,44,39.92,39.0,4.12e-05
2911,0,16,16.43,38.0,4.12e-05
2913,0,43,21.49,36.0,4.12e-05
2914,1,61,199.86,37.0,4.11e-05
2915,1,35,222.95,38.0,4.11e-05
2916,1,48,193.25,39.0,4.11e-05
2917,0,16,4.68,39.0,4.10e-05
2918,0,23,-4.70,39.0,4.10e-05
2919,1,89,222.51,40.0,4.10e-05
2921,1,76,240.92,40.0,4.09e-05
2922,1,58,218.78,41.0,4.09e-05
2923,0,35,11.57,41.0,4.09e-05
2924,0,64,43.93,40.0,4.09e-05
2925,0,49,79.74,39.0,4.08e-05
2926,1,54,229.96,40.0,4.08e-05
2927,0,10,-7.25,40.0,4.08e-05
2928,0,49,49.07,39.0,4.07e-05
2929,1,66,215.79,40.0,4.07e-05
2930,1,42,230.62,41.0,4.07e-05
2931,1,65,229.59,42.0,4.06e-05
2932,0,26,13.20,42.0,4.06e-05
2933,0,38,-10.38,41.0,4.06e-05
2934,0,12,-24.35,41.0,4.06e-05
2935,1,74,198.19,41.0,4.05e-05
2936,1,56,226.24,42.0,4.05e-05
2937,1,47,225.91,42.0,4.05e-05
2938,1,31,224.33,42.0,4.04e-05
2940,1,45,205.18,43.0,4.04e-05
2941,0,7,-36.03,43.0,4.04e-05
2942,0,13,-13.00,42.0,4.03e-05
2943,0,11,-25.82,41.0,4.03e-05
2944,1,20,209.42,41.0,4.03e-05
2945,0,22,-38.43,41.0,4.02e-05
2946,1,50,260.03,42.0,4.02e-05
2947,0,13,4.56,42.0,4.02e-05
2948,1,77,247.73,42.0,4.02e-05
2949,0,7,-33.66,42.0,4.01e-05
2950,1,40,231.23,42.0,4.01e-05
2953,1,73,227.39,41.0,4.01e-05
2954,0,22,-27.55,40.0,4.00e-05
2955,0,14,9.74,39.0,4.00e-05
2956,1,44,230.84,40.0,4.00e-05
2957,0,44,32.50,40.0,3.99e-05
2958,1,77,220.36,41.0,3.99e-05
2959,1,69,241.87,41.0,3.99e-05
2960,0,34,16.95,40.0,3.99e-05
2961,1,55,210.66,41.0,3.98e-05
2962,0,5,-13.86,41.0,3.98e-05
2963,0,15,-11.12,41.0,3.98e-05
2964,0,20,-3.88,41.0,3.97e-05
2965,1,24,204.18,41.0,3.97e-05
2966,0,2,-32.13,41.0,3.97e-05
2967,0,10,-1.90,41.0,3.96e-05
2968,1,95,225.56,42.0,3.96e-05
2969,0,18,8.96,42.0,3.96e-05
2970,0,34,9.36,42.0,3.96e-05
2971,0,17,24.22,42.0,3.95e-05
2972,0,54,15.67,41.0,3.95e-05
2973,0,19,-23.42,40.0,3.95e-05
2974,0,8,-5.83,39.0,3.94e-05
2975,0,2,-29.91,39.0,3.94e-05
2977,1,73,217.57,38.0,3.94e-05
2978,1,54,228.20,38.0,3.93e-05
2979,0,6,-17.49,38.0,3.93e-05
2980,0,74,41.49,38.0,3.93e-05
2981,1,30,229.33,39.0,3.92e-05
2982,0,22,7.22,39.0,3.92e-05
2983,0,22,2.26,39.0,3.92e-05
2984,0,4,-16.05,38.0,3.92e-05
2985,1,66,214.52,39.0,3.91e-05
2986,0,2,-28.85,38.0,3.91e-05
2988,1,24,217.37,38.0,3.91e-05
2989,0,8,-10.30,38.0,3.90e-05
2990,0,10,-23.31,38.0,3.90e-05
2991,0,17,-7.44,38.0,3.90e-05
2993,0,19,-37.90,36.0,3.89e-05
2994,0,25,33.74,36.0,3.89e-05
2995,0,74,16.94,35.0,3.89e-05
2996,1,36,185.77,36.0,3.89e-05
2997,0,51,39.21,36.0,3.88e-05
2998,0,17,28.91,36.0,3.88e-05
2999,1,38,216.33,37.0,3.88e-05
3000,0,52,67.91,36.0,3.87e-05
3001,0,58,24.67,35.0,3.87e-05
3002,0,64,79.99,35.0,3.87e-05
3003,1,37,209.95,36.0,3.86e-05
3004,1,63,213.52,36.0,3.86e-05
3005,1,45,205.55,37.0,3.86e-05
3006,1,53,258.55,37.0,3.86e-05
3007,1,61,238.37,38.0,3.85e-05
3008,1,34,212.94,39.0,3.85e-05
3009,0,37,20.31,39.0,3.85e-05
3010,0,28,39.56,39.0,3.84e-05
3011,1,29,224.55,40.0,3.84e-05
3012,0,36,3.08,40.0,3.84e-05
3013,0,8,-17.75,40.0,3.83e-05
3014,1,54,223.76,40.0,3.83e-05
3015,0,4,-22.95,39.0,3.83e-05
3016,1,46,228.40,39.0,3.83e-05
3017,0,3,-33.66,39.0,3.82e-05
3018,0,11,10.05,39.0,3.82e-05
3019,1,79,222.81,39.0,3.82e-05
3020,0,3,-19.54,39.0,3.81e-05
3021,0,27,34.68,38.0,3.81e-05
3022,0,21,15.76,37.0,3.81e-05
3023,0,32,-10.90,37.0,3.80e-05
3024,0,31,-6.80,37.0,3.80e-05
3025,0,5,-18.82,37.0,3.80e-05
3026,0,2,-27.28,36.0,3.79e-05
3027,1,67,214.07,37.0,3.79e-05
3028,0,19,8.68,37.0,3.79e-05
3029,1,69,222.17,37.0,3.79e-05
3030,0,26,11.74,36.0,3.78e-05
3031,1,47,219.89,36.0,3.78e-05
3032,0,14,-10.17,36.0,3.78e-05
3033,0,8,-9.00,36.0,3.77e-05
3034,1,52,223.86,37.0,3.77e-05
3035,0,12,-8.34,36.0,3.77e-05
3036,1,18,222.08,36.0,3.76e-05
3037,1,41,220.70,36.0,3.76e-05
3038,0,11,7.57,35.0,3.76e-05
3040,1,41,197.46,35.0,3.76e-05
3041,1,53,216.65,36.0,3.75e-05
3042,1,49,232.46,37.0,3.75e-05
3043,1,35,213.49,38.0,3.75e-05
3044,0,3,-27.19,37.0,3.74e-05
3045,1,98,206.58,38.0,3.74e-05
3046,0,9,-5.55,37.0,3.74e-05
3047,0,44,69.85,37.0,3.73e-05
3048,0,40,5.85,36.0,3.73e-05
3049,0,16,-15.92,36.0,3.73e-05
3050,0,25,51.16,35.0,3.73e-05
3051,0,27,-4.25,35.0,3.72e-05
3052,0,72,34.82,35.0,3.72e-05
3053,0,5,-20.43,34.0,3.72e-05
3054,0,5,-39.42,34.0,3.71e-05
3055,1,72,246.55,35.0,3.71e-05
3056,0,43,-1.91,34.0,3.71e-05
3057,1,99,247.39,35.0,3.70e-05
3058,0,12,-19.48,34.0,3.70e-05
3059,0,38,-25.51,33.0,3.70e-05
3060,1,45,221.68,34.0,3.70e-05
3061,0,29,9.37,33.0,3.69e-05
3062,1,35,221.65,34.0,3.69e-05
3063,0,53,46.80,34.0,3.69e-05
3064,0,9,-6.67,34.0,3.68e-05
3065,1,49,255.31,34.0,3.68e-05
3066,1,48,207.58,35.0,3.68e-05
3067,1,34,223.15,36.0,3.67e-05
3068,1,46,234.90,36.0,3.67e-05
3069,1,44,242.23,37.0,3.67e-05
3070,1,34,222.25,38.0,3.67e-05
3072,1,45,246.34,39.0,3.66e-05
3073,1,79,193.65,40.0,3.66e-05
3074,1,37,265.69,41.0,3.66e-05
3075,0,25,31.57,41.0,3.65e-05
3076,0,11,-5.75,41.0,3.65e-05
3077,1,42,203.85,41.0,3.65e-05
3078,0,10,-17.80,40.0,3.65e-05
3079,0,3,-23.73,40.0,3.64e-05
3080,0,16,20.79,40.0,3.64e-05
3081,1,37,202.88,40.0,3.64e-05
3082,1,34,229.31,41.0,3.63e-05
3083,0,5,-28.53,41.0,3.63e-05
3084,1,47,197.14,42.0,3.63e-05
3085,1,34,215.58,42.0,3.62e-05
3086,0,12,5.13,42.0,3.62e-05
3087,1,52,222.15,43.0,3.62e-05
3088,1,39,197.60,43.0,3.62e-05
3089,0,30,56.87,43.0,3.61e-05
3090,0,2,-27.67,43.0,3.61e-05
3091,1,57,213.96,44.0,3.61e-05
3092,1,60,228.92,45.0,3.60e-05
3093,0,8,2.96,45.0,3.60e-05
3094,1,49,214.20,46.0,3.60e-05
3095,1,31,227.53,47.0,3.59e-05
3096,0,2,-29.58,46.0,3.59e-05
3097,0,9,-8.99,46.0,3.59e-05
3098,1,59,228.32,47.0,3.59e-05
3099,1,39,195.70,47.0,3.58e-05
3100,0,26,25.62,47.0,3.58e-05
3101,1,52,245.37,48.0,3.58e-05
3102,1,37,213.93,49.0,3.57e-05
3103,1,74,229.45,49.0,3.57e-05
3104,1,59,242.79,49.0,3.57e-05
3105,0,18,11.88,48.0,3.56e-05
3106,1,53,212.47,48.0,3.56e-05
3107,0,22,2.10,47.0,3.56e-05
3108,0,2,-28.72,46.0,3.56e-05
3110,0,21,16.31,46.0,3.55e-05
3111,0,12,-14.18,45.0,3.55e-05
3112,0,2,-28.28,45.0,3.55e-05
3113,0,10,-9.67,45.0,3.54e-05
3114,1,62,219.41,45.0,3.54e-05
3115,0,30,-25.05,45.0,3.54e-05
3116,0,17,-11.43,44.0,3.54e-05
3117,1,65,230.10,45.0,3.53e-05
3118,0,50,33.23,45.0,3.53e-05
3119,0,10,-17.35,44.0,3.53e-05
3121,1,28,199.01,45.0,3.52e-05
3122,0,23,-22.98,45.0,3.52e-05
3123,0,28,36.36,45.0,3.52e-05
3124,1,39,237.24,46.0,3.51e-05
3125,1,52,243.09,47.0,3.51e-05
3126,0,39,18.28,47.0,3.51e-05
3127,0,34,12.33,46.0,3.51e-05
3128,1,49,251.99,47.0,3.50e-05
3129,1,48,234.34,47.0,3.50e-05
3130,0,3,-29.91,47.0,3.50e-05
3131,1,50,234.83,47.0,3.49e-05
3132,0,7,-15.63,47.0,3.49e-05
3133,1,36,217.16,48.0,3.49e-05
3134,0,3,-27.21,47.0,3.48e-05
3135,1,39,226.79,48.0,3.48e-05
3136,1,35,258.86,48.0,3.48e-05
3137,0,54,78.71,47.0,3.48e-05
3138,1,45,236.41,48.0,3.47e-05
3139,1,77,189.50,49.0,3.47e-05
3141,0,32,-5.83,47.0,3.47e-05
3142,0,13,16.79,46.0,3.46e-05
3143,0,28,28.92,45.0,3.46e-05
3145,1,42,213.55,45.0,3.46e-05
3146,0,39,-11.53,45.0,3.46e-05
3147,0,17,13.72,45.0,3.45e-05
3148,0,3,-30.08,45.0,3.45e-05
3149,1,31,205.77,46.0,3.45e-05
3150,1,58,211.80,47.0,3.44e-05
3151,1,24,209.05,48.0,3.44e-05
3152,0,31,20.24,48.0,3.44e-05
3153,0,51,21.61,48.0,3.43e-05
3154,0,13,17.99,48.0,3.43e-05
3155,1,71,211.11,48.0,3.43e-05
3156,0,24,25.11,48.0,3.43e-05
3157,0,12,-4.36,47.0,3.42e-05
3158,1,20,210.77,48.0,3.42e-05
3159,0,24,4.78,48.0,3.42e-05
3160,0,3,-21.85,47.0,3.41e-05
3161,1,55,239.30,48.0,3.41e-05
3162,0,4,-26.78,47.0,3.41e-05
3163,1,42,247.61,48.0,3.41e-05
3164,0,22,11.69,48.0,3.40e-05
3165,0,25,25.43,47.0,3.40e-05
3166,1,68,220.54,47.0,3.40e-05
3167,1,34,225.78,47.0,3.39e-05
3168,0,8,-12.58,46.0,3.39e-05
3169,0,37,-28.70,45.0,3.39e-05
3170,1,39,199.60,45.0,3.38e-05
3171,0,16,15.28,45.0,3.38e-05
3172,0,18,20.56,44.0,3.38e-05
3173,1,82,224.12,44.0,3.38e-05
3174,1,54,249.27,44.0,3.37e-05
3175,1,35,214.43,45.0,3.37e-05
3176,1,26,220.52,46.0,3.37e-05
3177,0,10,-20.64,45.0,3.36e-05
3178,0,3,-36.72,45.0,3.36e-05
3179,1,68,197.34,46.0,3.36e-05
3180,0,8,-19.46,46.0,3.36e-05
3181,1,48,220.11,46.0,3.35e-05
3182,0,16,14.28,45.0,3.35e-05
3183,1,25,226.73,46.0,3.35e-05
3184,0,25,18.28,45.0,3.34e-05
3185,1,45,227.76,45.0,3.34e-05
3186,0,4,-35.72,45.0,3.34e-05
3187,0,25,15.82,44.0,3.34e-05
3188,0,4,-16.73,43.0,3.33e-05
3189,1,55,223.81,44.0,3.33e-05
3190,0,26,-21.04,44.0,3.33e-05
3191,0,4,-26.36,43.0,3.32e-05
3192,1,45,220.73,43.0,3.32e-05
3193,0,5,-25.34,43.0,3.32e-05
3194,1,78,223.24,43.0,3.31e-05
3195,0,17,-19.13,42.0,3.31e-05
3196,1,40,230.41,43.0,3.31e-05
3197,1,76,208.27,44.0,3.31e-05
3198,1,42,235.41,44.0,3.30e-05
3199,1,48,199.44,44.0,3.30e-05
3200,0,11,-7.69,44.0,3.30e-05
3201,1,51,225.48,44.0,3.29e-05
3202,0,2,-29.00,43.0,3.29e-05
3203,1,56,235.88,43.0,3.29e-05
3204,1,80,202.21,43.0,3.29e-05
3205,0,5,-20.43,43.0,3.28e-05
3206,1,62,181.40,43.0,3.28e-05
3207,1,67,205.75,44.0,3.28e-05
3208,1,64,235.10,45.0,3.27e-05
3209,1,54,229.97,46.0,3.27e-05
3210,0,6,-22.23,46.0,3.27e-05
3211,0,2,-27.37,46.0,3.27e-05
3212,1,60,235.78,47.0,3.26e-05
3213,0,2,-33.83,47.0,3.26e-05
3214,1,48,241.56,47.0,3.26e-05
3215,0,6,-22.78,47.0,3.25e-05
3216,1,60,235.72,48.0,3.25e-05
3217,0,7,-30.53,47.0,3.25e-05
3218,0,17,2.19,47.0,3.25e-05
3219,1,43,223.04,48.0,3.24e-05
3220,1,19,212.15,49.0,3.24e-05
3221,0,2,-33.21,48.0,3.24e-05
3222,1,54,218.84,49.0,3.23e-05
3223,0,16,19.46,49.0,3.23e-05
3224,0,4,-33.00,48.0,3.23e-05
3225,0,11,14.17,47.0,3.22e-05
3226,0,3,-29.79,47.0,3.22e-05
3227,0,28,-19.20,47.0,3.22e-05
3228,0,24,10.54,46.0,3.22e-05
3229,1,67,212.67,46.0,3.21e-05
3230,0,35,47.92,46.0,3.21e-05
3231,0,17,-22.90,45.0,3.21e-05
3232,1,59,197.83,46.0,3.20e-05
3233,0,7,-40.92,45.0,3.20e-05
3234,1,31,223.27,46.0,3.20e-05
3235,0,9,-19.47,45.0,3.20e-05
3236,1,21,238.76,45.0,3.19e-05
3237,0,6,-29.09,45.0,3.19e-05
3238,1,46,223.34,45.0,3.19e-05
3239,1,81,236.64,45.0,3.18e-05
3240,1,33,208.24,46.0,3.18e-05
3241,0,24,11.56,46.0,3.18e-05
3242,0,37,-8.36,46.0,3.18e-05
3244,0,2,-31.10,46.0,3.17e-05
3245,1,55,248.93,46.0,3.17e-05
3246,1,66,214.36,47.0,3.17e-05
3247,1,32,213.68,48.0,3.16e-05
3248,1,70,217.09,49.0,3.16e-05
3249,1,38,198.93,49.0,3.16e-05
3250,0,42,47.63,48.0,3.16e-05
3251,0,55,18.34,47.0,3.15e-05
3252,0,37,45.58,47.0,3.15e-05
3253,0,37,14.64,47.0,3.15e-05
3254,0,22,7.99,47.0,3.14e-05
3255,1,54,210.62,47.0,3.14e-05
3256,1,42,250.05,48.0,3.14e-05
3257,1,71,206.06,49.0,3.14e-05
3258,0,30,24.25,48.0,3.13e-05
3259,0,7,-25.41,48.0,3.13e-05
3260,1,56,225.35,49.0,3.13e-05
3261,1,43,233.21,49.0,3.12e-05
3262,1,56,224.93,50.0,3.12e-05
3263,0,37,-14.63,49.0,3.12e-05
3264,0,33,30.94,49.0,3.12e-05
3265,0,3,-35.05,49.0,3.11e-05
3266,1,17,216.86,49.0,3.11e-05
3267,1,94,184.59,49.0,3.11e-05
3268,1,56,213.20,50.0,3.10e-05
3269,0,7,-19.87,50.0,3.10e-05
3270,1,71,209.04,50.0,3.10e-05
3271,0,35,8.48,50.0,3.10e-05
3272,0,54,37.43,50.0,3.09e-05
3273,1,38,244.88,50.0,3.09e-05
3274,0,11,16.77,49.0,3.09e-05
3275,0,7,-24.90,48.0,3.08e-05
3276,0,24,-19.51,47.0,3.08e-05
3277,0,12,-33.44,47.0,3.08e-05
3278,0,28,18.00,47.0,3.08e-05
3279,1,47,231.80,47.0,3.07e-05
3280,1,66,234.04,48.0,3.07e-05
3281,1,58,213.00,48.0,3.07e-05
3282,0,74,32.03,48.0,3.06e-05
3284,0,9,-14.74,47.0,3.06e-05
3285,0,9,-14.49,46.0,3.06e-05
3286,1,75,242.89,47.0,3.06e-05
3287,0,63,13.49,47.0,3.05e-05
3288,0,94,64.65,47.0,3.05e-05
3289,0,44,87.60,46.0,3.05e-05
3290,0,11,-16.55,46.0,3.04e-05
3291,0,53,-1.05,46.0,3.04e-05
3292,1,42,228.28,46.0,3.04e-05
3293,0,6,-22.42,46.0,3.04e-05
3294,1,53,242.48,46.0,3.03e-05
3295,1,49,217.84,47.0,3.03e-05
3296,0,10,-28.91,46.0,3.03e-05
3297,0,14,-5.17,45.0,3.02e-05
3299,0,60,2.27,43.0,3.02e-05
3300,0,9,-8.71,43.0,3.02e-05
3301,0,8,-7.19,42.0,3.02e-05
3302,0,52,67.15,42.0,3.01e-05
3303,0,2,-33.65,41.0,3.01e-05
3304,1,42,222.99,41.0,3.01e-05
3305,1,26,214.20,42.0,3.00e-05
3306,0,17,9.14,41.0,3.00e-05
3307,1,45,218.41,41.0,3.00e-05
3308,0,3,-21.82,40.0,3.00e-05
3309,1,45,212.59,40.0,2.99e-05
3310,1,31,241.36,41.0,2.99e-05
3311,1,60,214.84,42.0,2.99e-05
3312,0,7,-15.30,41.0,2.98e-05
3313,0,39,23.33,41.0,2.98e-05
3314,1,56,228.03,41.0,2.98e-05
3315,0,13,-2.13,41.0,2.98e-05
3316,1,59,214.77,41.0,2.97e-05
3317,1,52,219.79,42.0,2.97e-05
3318,0,2,-29.71,42.0,2.97e-05
3319,1,22,222.21,42.0,2.96e-05
3320,0,12,0.72,41.0,2.96e-05
3321,0,7,-3.52,41.0,2.96e-05
3322,0,31,16.93,40.0,2.96e-05
3323,0,11,-30.54,40.0,2.95e-05
3324,0,9,-15.87,40.0,2.95e-05
3325,1,72,253.49,41.0,2.95e-05
3326,0,4,-36.07,41.0,2.95e-05
3327,1,25,225.84,42.0,2.94e-05
3328,0,67,40.84,42.0,2.94e-05
3329,0,11,-23.67,41.0,2.94e-05
3330,0,15,2.76,41.0,2.93e-05
3331,0,27,-20.92,41.0,2.93e-05
3332,1,41,210.91,41.0,2.93e-05
3333,0,15,8.49,41.0,2.93e-05
3334,0,35,66.42,40.0,2.92e-05
3335,1,32,215.69,41.0,2.92e-05
3336,0,31,7.41,40.0,2.92e-05
3338,1,64,232.29,40.0,2.91e-05
3339,0,16,-20.76,39.0,2.91e-05
3340,0,19,-17.42,38.0,2.91e-05
3341,0,34,19.83,38.0,2.91e-05
3342,0,5,-25.12,38.0,2.90e-05
3343,1,39,227.96,39.0,2.90e-05
3345,1,36,210.65,39.0,2.90e-05
3346,0,28,9.91,38.0,2.89e-05
3348,1,36,226.05,37.0,2.89e-05
3349,1,65,253.64,37.0,2.89e-05
3350,0,8,-7.37,37.0,2.89e-05
3351,1,47,241.28,38.0,2.88e-05
3352,0,3,-24.41,38.0,2.88e-05
3353,0,13,-9.92,38.0,2.88e-05
3354,0,12,-6.01,38.0,2.88e-05
3355,0,11,7.96,37.0,2.87e-05
3356,1,46,211.76,37.0,2.87e-05
3357,1,39,246.63,37.0,2.87e-05
3358,1,32,220.73,38.0,2.86e-05
3359,1,38,211.16,39.0,2.86e-05
3360,0,40,13.61,38.0,2.86e-05
3361,1,39,258.57,38.0,2.86e-05
3362,0,15,-44.63,37.0,2.85e-05
3363,0,42,-45.79,37.0,2.85e-05
3364,0,4,-23.43,37.0,2.85e-05
3365,1,56,207.69,38.0,2.84e-05
3366,1,42,212.52,38.0,2.84e-05
3367,0,35,19.57,37.0,2.84e-05
3368,0,20,16.41,36.0,2.84e-05
3369,0,6,-9.59,36.0,2.83e-05
3370,1,21,227.92,36.0,2.83e-05
3371,0,67,65.62,36.0,2.83e-05
3372,0,19,20.76,36.0,2.82e-05
3373,1,40,230.78,36.0,2.82e-05
3374,0,16,34.29,36.0,2.82e-05
3375,1,77,221.57,37.0,2.82e-05
3376,1,43,230.99,38.0,2.81e-05
3377,0,54,56.18,38.0,2.81e-05
3378,0,32,3.89,38.0,2.81e-05
3379,0,17,23.71,37.0,2.81e-05
3380,0,3,-22.44,36.0,2.80e-05
3381,1,65,173.83,36.0,2.80e-05
3382,0,8,-10.71,36.0,2.80e-05
3383,0,60,86.75,36.0,2.79e-05
3384,0,55,82.19,36.0,2.79e-05
3385,0,4,-30.82,36.0,2.79e-05
3386,1,26,216.46,36.0,2.79e-05
3387,1,36,224.78,37.0,2.78e-05
3388,0,30,41.87,37.0,2.78e-05
3389,0,77,74.92,37.0,2.78e-05
3390,0,66,51.81,37.0,2.78e-05
3391,0,18,13.00,37.0,2.77e-05
3392,1,41,214.40,37.0,2.77e-05
3393,1,47,235.39,38.0,2.77e-05
3394,0,22,32.16,37.0,2.76e-05
3395,1,65,218.13,37.0,2.76e-05
3396,1,116,205.70,38.0,2.76e-05
3397,0,5,-27.92,38.0,2.76e-05
3399,0,2,-24.56,38.0,2.75e-05
3400,1,52,215.11,39.0,2.75e-05
3401,0,11,-14.56,39.0,2.75e-05
3402,0,6,-32.69,39.0,2.74e-05
3403,0,50,24.25,39.0,2.74e-05
3404,0,43,41.82,38.0,2.74e-05
3405,1,25,220.69,38.0,2.74e-05
3406,0,30,27.58,38.0,2.73e-05
3407,0,12,-7.81,37.0,2.73e-05
3408,0,2,-30.83,37.0,2.73e-05
3409,0,7,-7.87,36.0,2.73e-05
3411,0,15,13.16,34.0,2.72e-05
3412,0,2,-30.52,34.0,2.72e-05
3413,0,2,-25.58,34.0,2.72e-05
3414,0,20,3.36,33.0,2.71e-05
3415,1,68,220.42,34.0,2.71e-05
3416,1,33,233.86,34.0,2.71e-05
3417,0,10,-20.37,33.0,2.71e-05
3418,0,59,28.18,33.0,2.70e-05
3419,0,62,79.92,32.0,2.70e-05
3420,1,48,250.37,33.0,2.70e-05
3421,0,12,-19.79,33.0,2.70e-05
3422,1,55,207.68,34.0,2.69e-05
3423,0,81,7.74,34.0,2.69e-05
3424,0,47,64.56,34.0,2.69e-05
3425,1,22,221.17,34.0,2.68e-05
3426,0,5,-26.65,34.0,2.68e-05
3427,1,48,231.81,34.0,2.68e-05
3428,0,5,-17.81,34.0,2.68e-05
3429,0,6,-15.55,34.0,2.67e-05
3430,1,58,224.29,35.0,2.67e-05
3431,1,45,257.14,36.0,2.67e-05
3432,1,55,234.71,36.0,2.67e-05
3433,1,28,238.87,37.0,2.66e-05
3434,0,50,22.33,37.0,2.66e-05
3435,0,9,-18.46,36.0,2.66e-05
3436,1,41,259.32,37.0,2.65e-05
3437,0,46,18.51,37.0,2.65e-05
3438,0,62,61.25,36.0,2.65e-05
3439,1,84,216.12,37.0,2.65e-05
3440,0,24,-34.90,37.0,2.64e-05
3441,0,39,-14.47,37.0,2.64e-05
3442,0,17,-7.01,37.0,2.64e-05
3443,1,44,246.53,37.0,2.64e-05
3444,1,24,212.18,38.0,2.63e-05
3445,1,22,207.86,38.0,2.63e-05
3446,0,2,-25.58,38.0,2.63e-05
3447,1,59,260.91,39.0,2.62e-05
3448,0,87,69.87,38.0,2.62e-05
3449,0,19,24.83,37.0,2.62e-05
3450,1,66,210.83,38.0,2.62e-05
3451,0,49,28.96,37.0,2.61e-05
3452,0,53,35.20,37.0,2.61e-05
3453,0,62,46.56,37.0,2.61e-05
3454,0,3,-30.14,37.0,2.61e-05
3455,1,51,218.56,38.0,2.60e-05
3456,0,17,39.25,37.0,2.60e-05
3457,0,26,16.67,36.0,2.60e-05
3458,0,26,17.50,35.0,2.59e-05
3459,0,21,28.71,34.0,2.59e-05
3460,0,10,-32.12,34.0,2.59e-05
3461,0,10,-15.86,33.0,2.59e-05
3462,1,59,211.48,34.0,2.58e-05
3463,1,67,216.68,35.0,2.58e-05
3464,1,57,232.03,36.0,2.58e-05
3465,0,33,55.51,35.0,2.58e-05
3466,0,28,19.44,34.0,2.57e-05
3467,0,17,25.80,34.0,2.57e-05
3468,1,26,210.58,35.0,2.57e-05
3469,1,69,226.31,36.0,2.57e-05
3470,1,57,236.99,36.0,2.56e-05
3471,1,53,180.14,37.0,2.56e-05
3472,1,66,227.22,38.0,2.56e-05
3473,0,44,48.66,37.0,2.55e-05
3474,0,30,-2.89,37.0,2.55e-05
3475,1,46,214.12,37.0,2.55e-05
3476,1,23,206.35,37.0,2.55e-05
3477,1,56,223.33,38.0,2.54e-05
3478,0,17,-3.58,38.0,2.54e-05
3479,0,3,-36.78,38.0,2.54e-05
3480,0,22,1.05,38.0,2.54e-05
3481,0,20,8.38,37.0,2.53e-05
3482,0,13,-0.92,37.0,2.53e-05
3483,0,12,14.87,37.0,2.53e-05
3484,0,2,-25.28,37.0,2.52e-05
3485,1,44,240.46,38.0,2.52e-05
3487,1,65,167.54,37.0,2.52e-05
3488,1,50,224.05,38.0,2.52e-05
3489,0,68,72.39,38.0,2.51e-05
3490,1,46,234.53,39.0,2.51e-05
3491,0,11,-7.58,39.0,2.51e-05
3492,0,24,33.26,38.0,2.51e-05
3493,0,17,4.47,37.0,2.50e-05
3494,1,48,219.41,38.0,2.50e-05
3495,1,35,237.49,38.0,2.50e-05
3496,1,38,191.10,38.0,2.50e-05
3497,0,3,-34.57,38.0,2.49e-05
3498,0,47,27.23,38.0,2.49e-05
3499,1,32,225.61,39.0,2.49e-05
3500,1,59,212.95,39.0,2.48e-05
3501,0,41,52.29,39.0,2.48e-05
3502,1,47,223.81,40.0,2.48e-05
3504,0,22,4.63,40.0,2.48e-05
3505,0,7,-23.63,39.0,2.47e-05
3506,0,19,-11.97,39.0,2.47e-05
3507,0,16,-6.41,39.0,2.47e-05
3508,1,28,212.87,40.0,2.47e-05
3509,0,13,-24.19,40.0,2.46e-05
3510,1,33,222.05,41.0,2.46e-05
3511,1,22,197.86,42.0,2.46e-05
3513,0,90,68.40,42.0,2.46e-05
3514,0,14,2.72,42.0,2.45e-05
3515,1,38,209.00,42.0,2.45e-05
3516,0,5,-26.67,41.0,2.45e-05
3517,0,33,11.98,41.0,2.45e-05
3518,1,50,209.25,42.0,2.44e-05
3519,1,52,213.89,43.0,2.44e-05
3520,1,52,232.13,43.0,2.44e-05
3521,0,5,-26.21,43.0,2.43e-05
3522,0,11,-42.50,42.0,2.43e-05
3523,0,16,-16.14,42.0,2.43e-05
3524,0,37,-21.47,42.0,2.43e-05
3525,0,43,14.21,41.0,2.42e-05
3526,1,79,221.62,42.0,2.42e-05
3527,0,4,-24.16,41.0,2.42e-05
3528,0,50,46.12,41.0,2.42e-05
3529,0,20,28.81,41.0,2.41e-05
3531,1,54,251.07,40.0,2.41e-05
3532,0,7,-34.30,39.0,2.41e-05
3533,0,19,44.39,38.0,2.41e-05
3534,0,15,5.63,38.0,2.40e-05
3535,1,64,201.83,39.0,2.40e-05
3536,0,26,-3.09,38.0,2.40e-05
3537,1,63,222.67,39.0,2.40e-05
3538,0,44,-0.13,39.0,2.39e-05
3539,0,14,3.44,38.0,2.39e-05
3541,1,30,227.96,39.0,2.39e-05
3542,0,20,-6.30,39.0,2.38e-05
3543,0,14,1.01,38.0,2.38e-05
3544,1,59,220.89,38.0,2.38e-05
3545,1,71,231.96,38.0,2.38e-05
3546,0,12,-19.35,38.0,2.37e-05
3547,1,36,222.65,38.0,2.37e-05
3548,1,73,237.46,39.0,2.37e-05
3549,1,47,228.41,40.0,2.37e-05
3550,0,14,0.37,39.0,2.36e-05
3551,1,28,222.30,40.0,2.36e-05
3552,0,22,25.03,40.0,2.36e-05
3553,1,22,219.15,41.0,2.36e-05
3554,1,55,221.21,42.0,2.35e-05
3555,0,40,-18.89,41.0,2.35e-05
3556,0,18,-9.96,41.0,2.35e-05
3557,1,60,241.90,42.0,2.35e-05
3558,0,31,33.18,42.0,2.34e-05
3559,1,97,196.94,43.0,2.34e-05
3560,0,3,-38.40,43.0,2.34e-05
3561,1,47,230.82,44.0,2.33e-05
3562,0,23,39.77,43.0,2.33e-05
3563,0,23,-16.35,42.0,2.33e-05
3564,0,20,32.27,41.0,2.33e-05
3565,0,10,-4.26,41.0,2.32e-05
3566,0,6,-22.74,41.0,2.32e-05
3567,0,13,-2.83,41.0,2.32e-05
3568,1,28,226.74,41.0,2.32e-05
3569,1,29,228.96,41.0,2.31e-05
3571,0,10,3.94,39.0,2.31e-05
3572,0,18,-25.64,38.0,2.31e-05
3573,0,93,87.31,38.0,2.31e-05
3574,0,4,-12.94,38.0,2.30e-05
3575,1,45,218.22,38.0,2.30e-05
3576,1,64,211.02,38.0,2.30e-05
3577,1,36,217.22,38.0,2.30e-05
3578,0,13,0.77,38.0,2.29e-05
3579,0,7,-31.34,38.0,2.29e-05
3580,0,4,-19.44,38.0,2.29e-05
3581,1,57,249.84,39.0,2.29e-05
3582,0,46,37.08,39.0,2.28e-05
3583,1,68,224.82,40.0,2.28e-05
3584,1,44,251.32,41.0,2.28e-05
3585,0,23,-17.47,40.0,2.28e-05
3586,1,32,243.90,41.0,2.27e-05
3587,0,7,-8.28,40.0,2.27e-05
3588,1,75,198.21,40.0,2.27e-05
3589,1,58,233.42,41.0,2.27e-05
3590,0,27,35.01,40.0,2.26e-05
3591,0,21,21.21,40.0,2.26e-05
3592,1,52,232.23,41.0,2.26e-05
3593,1,40,221.87,42.0,2.25e-05
3594,1,67,226.76,42.0,2.25e-05
3595,0,24,17.15,41.0,2.25e-05
3596,1,37,245.61,41.0,2.25e-05
3597,1,57,202.97,42.0,2.24e-05
3598,0,4,-25.80,42.0,2.24e-05
3599,0,14,-22.08,41.0,2.24e-05
3600,0,7,-24.28,40.0,2.24e-05
3601,1,56,205.26,41.0,2.23e-05
3602,0,38,60.35,40.0,2.23e-05
3603,0,5,-2.75,40.0,2.23e-05
3604,0,43,49.90,40.0,2.23e-05
3605,1,32,251.30,41.0,2.22e-05
3606,0,8,-13.04,41.0,2.22e-05
3607,0,9,-19.03,41.0,2.22e-05
3608,0,58,24.37,40.0,2.22e-05
3609,0,22,5.63,40.0,2.21e-05
3610,0,50,75.13,39.0,2.21e-05
3611,1,39,197.41,39.0,2.21e-05
3612,0,34,52.31,39.0,2.21e-05
3613,0,18,-32.68,39.0,2.20e-05
3614,1,25,218.11,40.0,2.20e-05
3615,0,59,34.38,39.0,2.20e-05
3616,1,57,220.74,40.0,2.20e-05
3617,0,17,3.74,40.0,2.19e-05
3618,0,17,17.62,39.0,2.19e-05
3619,0,7,-16.82,38.0,2.19e-05
3620,1,51,217.86,38.0,2.19e-05
3621,0,4,-30.45,38.0,2.18e-05
3622,1,18,220.03,39.0,2.18e-05
3623,0,42,40.05,39.0,2.18e-05
3624,1,45,236.53,40.0,2.18e-05
3625,1,52,206.60,41.0,2.17e-05
3626,1,44,251.19,41.0,2.17e-05
3627,0,2,-29.38,41.0,2.17e-05
3628,1,33,224.23,42.0,2.17e-05
3629,1,48,230.25,43.0,2.16e-05
3630,0,11,-7.41,43.0,2.16e-05
3631,1,27,216.51,43.0,2.16e-05
3632,1,55,203.88,44.0,2.16e-05
3633,1,44,238.56,45.0,2.15e-05
3634,1,74,212.48,46.0,2.15e-05
3635,0,9,-13.09,45.0,2.15e-05
3636,0,45,19.91,45.0,2.15e-05
3637,0,18,18.70,44.0,2.14e-05
3638,1,26,232.26,45.0,2.14e-05
3639,0,30,13.14,45.0,2.14e-05
3640,1,42,237.89,46.0,2.14e-05
3641,0,12,-4.70,45.0,2.13e-05
3642,1,49,197.02,46.0,2.13e-05
3643,0,24,9.67,46.0,2.13e-05
3644,0,16,4.59,45.0,2.13e-05
3645,1,71,207.26,45.0,2.12e-05
3646,1,58,190.35,46.0,2.12e-05
3647,1,57,226.69,46.0,2.12e-05
3648,1,46,222.86,46.0,2.12e-05
3649,0,12,-19.27,45.0,2.11e-05
3650,0,5,-26.96,45.0,2.11e-05
3651,0,52,28.59,44.0,2.11e-05
3652,0,40,38.14,44.0,2.11e-05
3653,1,36,233.10,44.0,2.10e-05
3654,1,65,260.31,44.0,2.10e-05
3655,1,46,212.64,45.0,2.10e-05
3656,0,43,-3.33,45.0,2.10e-05
3657,1,24,219.47,45.0,2.09e-05
3658,0,5,-21.08,45.0,2.09e-05
3659,0,29,-9.11,44.0,2.09e-05
3660,1,62,236.65,45.0,2.09e-05
3661,1,49,235.75,45.0,2.08e-05
3662,1,24,205.12,46.0,2.08e-05
3663,0,20,-1.33,46.0,2.08e-05
3664,1,32,234.51,47.0,2.08e-05
3665,0,26,33.94,47.0,2.07e-05
3666,1,51,240.65,48.0,2.07e-05
3667,1,79,228.80,49.0,2.07e-05
3668,0,46,41.31,48.0,2.07e-05
3669,0,13,5.83,47.0,2.06e-05
3670,1,39,224.44,48.0,2.06e-05
3671,0,16,0.79,48.0,2.06e-05
3672,1,26,202.10,49.0,2.06e-05
3673,0,4,-23.18,49.0,2.05e-05
3674,0,46,55.54,49.0,2.05e-05
3675,1,48,202.80,49.0,2.05e-05
3676,1,36,225.48,49.0,2.05e-05
3677,1,21,232.08,49.0,2.04e-05
3678,0,16,14.56,49.0,2.04e-05
3679,0,17,-0.02,49.0,2.04e-05
3680,1,32,212.08,50.0,2.04e-05
3681,0,27,-4.08,49.0,2.03e-05
3682,1,52,187.93,50.0,2.03e-05
3683,1,50,246.02,50.0,2.03e-05
3684,0,15,8.43,49.0,2.03e-05
3685,1,55,233.20,50.0,2.02e-05
3686,0,46,21.54,49.0,2.02e-05
3687,0,18,-23.61,49.0,2.02e-05
3688,1,40,207.51,49.0,2.02e-05
3689,0,11,1.86,48.0,2.01e-05
3690,0,39,16.58,48.0,2.01e-05
3691,1,26,212.40,49.0,2.01e-05
3692,0,22,34.05,48.0,2.01e-05
3693,0,21,-7.62,47.0,2.00e-05
3694,1,72,217.53,47.0,2.00e-05
3695,1,60,214.32,48.0,2.00e-05
3696,0,7,-30.83,47.0,2.00e-05
3697,0,47,53.93,46.0,1.99e-05
3698,0,7,-17.30,46.0,1.99e-05
3699,0,10,-11.42,46.0,1.99e-05
3700,1,43,249.87,47.0,1.99e-05
3701,0,6,-39.66,46.0,1.98e-05
3702,1,73,212.31,47.0,1.98e-05
3703,0,9,-13.25,47.0,1.98e-05
3704,1,40,261.86,48.0,1.98e-05
3705,0,37,16.39,47.0,1.97e-05
3706,1,60,225.40,48.0,1.97e-05
3707,0,48,42.98,48.0,1.97e-05
3708,0,18,-8.49,48.0,1.97e-05
3709,0,54,50.78,48.0,1.96e-05
3710,1,31,210.42,49.0,1.96e-05
3711,0,22,35.87,48.0,1.96e-05
3712,0,19,0.65,48.0,1.96e-05
3713,0,5,-25.76,48.0,1.96e-05
3714,0,17,-4.93,47.0,1.95e-05
3716,1,66,227.32,47.0,1.95e-05
3717,0,2,-25.02,47.0,1.95e-05
3718,0,6,-18.13,47.0,1.95e-05
3719,0,6,-21.25,47.0,1.94e-05
3720,0,7,-12.50,46.0,1.94e-05
3721,0,37,25.54,46.0,1.94e-05
3722,1,84,204.18,46.0,1.94e-05
3723,0,7,-31.90,46.0,1.93e-05
3724,0,80,5.87,45.0,1.93e-05
3725,0,6,-19.42,44.0,1.93e-05
3726,0,12,20.64,43.0,1.93e-05
3727,0,31,-12.22,43.0,1.92e-05
3728,1,54,213.24,43.0,1.92e-05
3729,0,9,-26.64,42.0,1.92e-05
3730,1,98,211.42,43.0,1.92e-05
3731,0,27,56.10,42.0,1.91e-05
3732,0,24,34.39,41.0,1.91e-05
3733,1,36,230.32,41.0,1.91e-05
3734,1,53,230.25,41.0,1.91e-05
3735,0,31,-21.31,41.0,1.90e-05
3736,1,73,225.40,42.0,1.90e-05
3737,1,43,227.81,43.0,1.90e-05
3738,0,6,-17.72,42.0,1.90e-05
3739,0,34,-2.53,42.0,1.89e-05
3740,0,2,-24.92,41.0,1.89e-05
3741,0,4,-26.21,41.0,1.89e-05
3742,0,23,0.39,40.0,1.89e-05
3743,1,56,226.30,41.0,1.89e-05
3744,0,18,29.72,41.0,1.88e-05
3745,1,43,244.95,41.0,1.88e-05
3746,0,16,-26.37,40.0,1.88e-05
3747,1,46,225.89,40.0,1.88e-05
3748,1,22,201.66,40.0,1.87e-05
3749,1,57,213.75,41.0,1.87e-05
3750,0,6,-9.77,41.0,1.87e-05
3751,1,70,248.12,42.0,1.87e-05
3752,1,44,200.13,43.0,1.86e-05
3753,0,28,19.02,42.0,1.86e-05
3754,0,70,12.39,41.0,1.86e-05
3755,0,38,4.03,40.0,1.86e-05
3756,0,25,23.93,40.0,1.85e-05
3757,0,19,-29.85,39.0,1.85e-05
3758,0,10,-30.46,39.0,1.85e-05
3759,0,26,27.52,39.0,1.85e-05
3760,0,15,-3.20,38.0,1.84e-05
3761,0,59,24.72,37.0,1.84e-05
3762,0,15,-14.97,36.0,1.84e-05
3763,0,17,41.08,36.0,1.84e-05
3764,1,30,214.79,36.0,1.84e-05
3765,1,40,196.07,37.0,1.83e-05
3766,1,63,227.91,37.0,1.83e-05
3767,0,10,-3.78,36.0,1.83e-05
3768,1,40,217.52,37.0,1.83e-05
3769,1,43,208.72,38.0,1.82e-05
3770,1,50,215.81,38.0,1.82e-05
3771,1,52,228.44,39.0,1.82e-05
3772,1,67,220.91,39.0,1.82e-05
3773,1,38,232.72,40.0,1.81e-05
3774,0,13,-6.65,40.0,1.81e-05
3775,1,39,224.64,40.0,1.81e-05
3776,1,51,208.01,40.0,1.81e-05
3777,0,39,51.67,39.0,1.80e-05
3778,1,66,255.08,40.0,1.80e-05
3779,1,22,211.44,41.0,1.80e-05
3780,1,66,211.23,41.0,1.80e-05
3781,1,79,203.09,42.0,1.80e-05
3782,0,18,26.29,41.0,1.79e-05
3783,1,53,230.30,41.0,1.79e-05
3784,1,35,208.51,42.0,1.79e-05
3785,1,58,226.99,42.0,1.79e-05
3786,0,19,-26.81,42.0,1.78e-05
3787,0,29,29.65,42.0,1.78e-05
3788,0,19,-10.51,41.0,1.78e-05
3789,1,57,261.51,42.0,1.78e-05
3790,0,6,-13.75,42.0,1.77e-05
3791,0,18,25.92,41.0,1.77e-05
3792,1,36,217.35,42.0,1.77e-05
3793,0,3,-28.11,42.0,1.77e-05
3794,0,11,-14.43,41.0,1.76e-05
3795,0,8,-11.14,40.0,1.76e-05
3797,0,15,14.20,40.0,1.76e-05
3798,0,40,36.52,40.0,1.76e-05
3799,1,55,212.72,41.0,1.76e-05
3803,0,20,9.15,39.0,1.75e-05
3804,1,53,226.96,39.0,1.75e-05
3805,1,29,220.88,40.0,1.75e-05
3806,0,23,34.98,39.0,1.75e-05
3807,0,12,-15.33,39.0,1.74e-05
3808,0,50,19.55,39.0,1.74e-05
3809,0,44,48.62,39.0,1.74e-05
3810,0,56,46.26,38.0,1.74e-05
3811,0,32,50.51,38.0,1.73e-05
3812,0,4,-16.18,38.0,1.73e-05
3813,1,47,205.43,39.0,1.73e-05
3814,0,4,-29.57,39.0,1.73e-05
3816,1,24,198.51,39.0,1.73e-05
3817,1,50,248.01,40.0,1.72e-05
3818,0,8,-24.84,40.0,1.72e-05
3819,1,56,189.30,41.0,1.72e-05
3820,0,34,40.31,41.0,1.72e-05
3821,1,72,229.26,42.0,1.71e-05
3822,1,82,149.14,42.0,1.71e-05
3823,1,52,208.10,43.0,1.71e-05
3824,1,54,244.20,44.0,1.71e-05
3825,0,8,-30.00,44.0,1.70e-05
3826,0,19,21.99,44.0,1.70e-05
3827,0,27,21.94,44.0,1.70e-05
3828,0,10,-18.81,43.0,1.70e-05
3829,0,38,-1.42,43.0,1.70e-05
3830,0,49,62.23,42.0,1.69e-05
3831,1,51,194.23,43.0,1.69e-05
3832,1,57,243.28,44.0,1.69e-05
3833,1,64,167.83,44.0,1.69e-05
3834,0,37,53.84,43.0,1.68e-05
3836,0,12,-44.19,42.0,1.68e-05
3837,0,39,-69.01,41.0,1.68e-05
3838,1,32,204.87,42.0,1.68e-05
3839,0,10,-18.31,42.0,1.68e-05
3840,0,56,35.52,42.0,1.67e-05
3842,1,34,239.62,43.0,1.67e-05
3843,1,36,201.73,43.0,1.67e-05
3844,0,8,-0.01,43.0,1.67e-05
3845,0,5,-14.60,42.0,1.66e-05
3846,0,22,44.18,42.0,1.66e-05
3847,0,4,-25.79,41.0,1.66e-05
3848,1,35,224.27,41.0,1.66e-05
3849,1,25,207.13,41.0,1.65e-05
3850,1,33,243.03,42.0,1.65e-05
3851,0,56,49.32,41.0,1.65e-05
3852,0,2,-26.35,40.0,1.65e-05
3853,0,12,-0.96,40.0,1.65e-05
3854,1,48,216.69,41.0,1.64e-05
3855,1,32,216.33,42.0,1.64e-05
3856,1,37,224.12,43.0,1.64e-05
3858,0,22,15.23,43.0,1.64e-05
3859,1,45,217.66,44.0,1.63e-05
3861,0,43,9.32,44.0,1.63e-05
3862,0,25,-19.13,44.0,1.63e-05
3863,0,10,-13.50,44.0,1.63e-05
3864,0,5,-31.71,43.0,1.63e-05
3865,1,56,214.32,43.0,1.62e-05
3866,0,2,-26.54,42.0,1.62e-05
3867,1,57,202.19,43.0,1.62e-05
3868,1,56,255.21,43.0,1.62e-05
3869,0,6,-14.96,42.0,1.61e-05
3870,1,70,232.74,42.0,1.61e-05
3871,0,4,-28.81,41.0,1.61e-05
3872,0,4,-11.48,40.0,1.61e-05
3873,0,52,38.59,39.0,1.61e-05
3874,1,39,234.94,40.0,1.60e-05
3875,0,9,-25.57,39.0,1.60e-05
3876,1,33,227.67,39.0,1.60e-05
3877,0,21,-21.81,39.0,1.60e-05
3878,1,68,211.38,39.0,1.59e-05
3879,1,42,217.89,39.0,1.59e-05
3880,0,49,74.02,38.0,1.59e-05
3881,0,20,-6.46,37.0,1.59e-05
3883,1,53,219.08,37.0,1.59e-05
3885,1,64,196.76,36.0,1.58e-05
3886,1,66,230.33,37.0,1.58e-05
3887,1,27,220.33,38.0,1.58e-05
3889,0,64,61.54,37.0,1.58e-05
3890,1,41,234.32,38.0,1.57e-05
3891,0,6,-30.97,38.0,1.57e-05
3892,1,39,227.98,38.0,1.57e-05
3893,1,24,196.09,39.0,1.57e-05
3894,1,74,265.01,40.0,1.57e-05
3895,1,27,211.65,41.0,1.56e-05
3896,0,9,-6.37,41.0,1.56e-05
3897,0,14,22.41,41.0,1.56e-05
3898,0,21,7.30,41.0,1.56e-05
3900,0,13,-1.46,40.0,1.55e-05
3901,0,31,-27.27,40.0,1.55e-05
3902,0,38,17.36,40.0,1.55e-05
3903,0,6,-36.98,40.0,1.55e-05
3904,1,31,238.74,40.0,1.55e-05
3905,0,40,11.41,39.0,1.54e-05
3906,1,60,223.05,40.0,1.54e-05
3907,0,35,15.80,40.0,1.54e-05
3908,0,2,-28.00,40.0,1.54e-05
3909,0,3,-30.87,40.0,1.53e-05
3910,1,54,227.64,41.0,1.53e-05
3911,0,48,80.77,41.0,1.53e-05
3912,1,56,227.29,42.0,1.53e-05
3913,0,29,45.19,41.0,1.53e-05
3914,0,21,55.39,41.0,1.52e-05
3916,1,33,214.96,41.0,1.52e-05
3917,0,4,-23.70,40.0,1.52e-05
3918,1,36,220.03,41.0,1.52e-05
3919,0,13,-2.16,40.0,1.51e-05
3920,0,8,-20.79,40.0,1.51e-05
3921,0,10,-8.19,39.0,1.51e-05
3922,1,31,224.10,39.0,1.51e-05
3923,0,13,-30.33,38.0,1.51e-05
3924,0,28,29.01,37.0,1.50e-05
3925,1,32,226.08,38.0,1.50e-05
3926,1,57,230.89,39.0,1.50e-05
3927,1,33,218.32,40.0,1.50e-05
3928,1,34,242.36,41.0,1.50e-05
3929,1,45,221.90,42.0,1.49e-05
3930,0,35,-4.38,42.0,1.49e-05
3931,0,14,-21.99,41.0,1.49e-05
3932,1,46,201.20,41.0,1.49e-05
3933,0,2,-24.69,40.0,1.48e-05
3934,1,35,228.03,41.0,1.48e-05
3935,1,30,237.02,42.0,1.48e-05
3937,1,50,237.84,43.0,1.48e-05
3938,0,40,0.02,42.0,1.48e-05
3939,1,52,211.01,43.0,1.47e-05
3940,1,43,197.58,44.0,1.47e-05
3941,1,53,240.87,45.0,1.47e-05
3942,1,57,249.32,45.0,1.47e-05
3943,0,60,51.35,44.0,1.47e-05
3944,1,48,229.16,45.0,1.46e-05
3945,1,42,222.88,46.0,1.46e-05
3946,0,26,-34.96,46.0,1.46e-05
3947,1,50,207.59,47.0,1.46e-05
3948,0,19,-25.14,46.0,1.45e-05
3949,0,17,15.29,45.0,1.45e-05
3950,0,9,-12.94,44.0,1.45e-05
3951,1,24,212.89,45.0,1.45e-05
3952,0,6,-41.02,45.0,1.45e-05
3953,0,3,-33.07,45.0,1.44e-05
3954,1,37,199.00,45.0,1.44e-05
3955,1,55,172.02,45.0,1.44e-05
3957,1,45,217.04,45.0,1.44e-05
3958,1,48,266.78,46.0,1.44e-05
3959,0,14,1.47,45.0,1.43e-05
3960,0,11,-2.06,45.0,1.43e-05
3961,1,47,232.92,46.0,1.43e-05
3962,0,23,11.52,46.0,1.43e-05
3963,0,34,7.70,46.0,1.42e-05
3964,0,3,-23.64,46.0,1.42e-05
3965,1,43,215.39,46.0,1.42e-05
3967,0,3,-20.63,45.0,1.42e-05
3968,0,57,70.09,44.0,1.42e-05
3969,1,16,216.84,45.0,1.41e-05
3970,0,4,-22.80,44.0,1.41e-05
3972,1,74,232.63,45.0,1.41e-05
3973,0,13,2.15,45.0,1.41e-05
3974,1,51,274.60,45.0,1.41e-05
3975,0,61,32.93,45.0,1.40e-05
3976,0,46,34.59,44.0,1.40e-05
3977,0,5,-39.21,44.0,1.40e-05
3978,1,38,200.84,44.0,1.40e-05
3980,0,36,3.73,43.0,1.40e-05
3981,0,20,22.41,43.0,1.39e-05
3982,1,54,231.91,44.0,1.39e-05
3983,0,7,-21.40,43.0,1.39e-05
3984,1,72,224.92,44.0,1.39e-05
3985,0,39,-11.55,43.0,1.38e-05
3986,0,7,-26.48,42.0,1.38e-05
3987,1,56,208.59,42.0,1.38e-05
3988,0,5,-10.53,42.0,1.38e-05
3989,1,24,250.17,43.0,1.38e-05
3990,0,8,-26.59,42.0,1.37e-05
3991,1,50,260.27,43.0,1.37e-05
3992,0,19,29.42,42.0,1.37e-05
3993,0,18,-11.07,41.0,1.37e-05
3994,0,7,-34.39,40.0,1.37e-05
3995,1,53,226.32,40.0,1.36e-05
3996,1,106,218.33,41.0,1.36e-05
3997,1,64,236.31,42.0,1.36e-05
3998,1,41,214.11,43.0,1.36e-05
3999,0,7,-15.65,43.0,1.36e-05
4000,0,66,71.26,43.0,1.35e-05
4001,0,2,-30.99,43.0,1.35e-05
4002,1,42,209.37,44.0,1.35e-05
4003,1,38,216.15,45.0,1.35e-05
4004,1,53,193.34,45.0,1.35e-05
4005,0,56,72.23,45.0,1.34e-05
4006,0,14,4.47,44.0,1.34e-05
4007,1,54,235.17,45.0,1.34e-05
4008,0,21,1.52,45.0,1.34e-05
4009,0,24,25.27,45.0,1.33e-05
4010,0,33,-14.62,44.0,1.33e-05
4011,0,2,-26.93,44.0,1.33e-05
4012,0,19,32.88,43.0,1.33e-05
4013,0,22,26.85,43.0,1.33e-05
4014,1,25,227.98,44.0,1.32e-05
4015,0,15,-2.28,44.0,1.32e-05
4016,0,34,-33.56,43.0,1.32e-05
4017,0,4,-24.47,43.0,1.32e-05
4018,0,58,21.95,42.0,1.32e-05
4019,0,40,36.41,42.0,1.31e-05
4020,1,74,216.86,43.0,1.31e-05
4021,1,56,210.27,44.0,1.31e-05
4022,1,51,217.55,44.0,1.31e-05
4023,1,68,227.72,45.0,1.31e-05
4024,0,29,38.99,45.0,1.30e-05
4025,0,38,22.52,44.0,1.30e-05
4026,1,64,223.75,44.0,1.30e-05
4027,1,70,211.93,44.0,1.30e-05
4028,0,6,-1.55,43.0,1.30e-05
4029,1,27,223.41,43.0,1.29e-05
4030,1,76,228.42,44.0,1.29e-05
4031,1,39,219.63,45.0,1.29e-05
4032,1,26,215.14,45.0,1.29e-05
4033,1,39,240.06,46.0,1.29e-05
4034,1,48,229.16,46.0,1.28e-05
4035,1,69,246.13,46.0,1.28e-05
4036,1,48,216.39,47.0,1.28e-05
4037,1,82,218.68,47.0,1.28e-05
4038,1,55,191.40,48.0,1.28e-05
4039,0,25,-20.97,47.0,1.27e-05
4040,0,26,36.97,46.0,1.27e-05
4041,0,2,-25.43,45.0,1.27e-05
4042,0,30,-5.12,44.0,1.27e-05
4043,0,4,-15.30,44.0,1.27e-05
4044,1,36,201.28,44.0,1.26e-05
4045,0,3,-23.78,43.0,1.26e-05
4046,1,60,209.88,44.0,1.26e-05
4047,1,66,229.32,44.0,1.26e-05
4048,0,34,32.18,44.0,1.26e-05
4049,0,51,47.72,44.0,1.25e-05
4050,0,7,1.15,44.0,1.25e-05
4051,1,68,225.98,44.0,1.25e-05
4052,1,59,234.39,45.0,1.25e-05
4053,1,45,251.44,46.0,1.25e-05
4054,1,24,214.81,46.0,1.24e-05
4055,0,11,-22.97,45.0,1.24e-05
4056,1,58,221.63,46.0,1.24e-05
4057,0,34,73.04,45.0,1.24e-05
4058,0,81,52.55,44.0,1.24e-05
4059,1,59,228.09,45.0,1.23e-05
4060,1,36,212.18,46.0,1.23e-05
4061,0,3,-19.15,45.0,1.23e-05
4062,0,24,46.33,45.0,1.23e-05
4063,0,33,45.31,45.0,1.23e-05
4064,0,15,22.97,45.0,1.22e-05
4065,0,5,-24.19,44.0,1.22e-05
4066,1,51,226.71,45.0,1.22e-05
4067,0,13,-30.93,45.0,1.22e-05
4068,1,85,205.47,46.0,1.22e-05
4069,1,70,216.86,46.0,1.21e-05
4070,0,26,-10.77,46.0,1.21e-05
4071,1,37,221.29,47.0,1.21e-05
4072,1,25,230.38,47.0,1.21e-05
4073,0,3,-22.97,47.0,1.21e-05
4075,1,40,229.36,47.0,1.20e-05
4076,1,54,234.81,48.0,1.20e-05
4077,0,18,7.34,48.0,1.20e-05
4078,0,7,-16.30,47.0,1.20e-05
4079,0,6,-25.57,47.0,1.20e-05
4080,0,3,-32.97,47.0,1.19e-05
4081,0,2,-33.71,47.0,1.19e-05
4082,1,58,242.39,47.0,1.19e-05
4083,0,15,12.61,47.0,1.19e-05
4084,0,20,-13.39,46.0,1.19e-05
4085,1,49,243.02,47.0,1.18e-05
4086,1,45,231.72,48.0,1.18e-05
4087,0,24,-16.94,47.0,1.18e-05
4088,1,40,219.38,48.0,1.18e-05
4089,0,11,-16.64,47.0,1.18e-05
4090,1,40,244.27,48.0,1.18e-05
4091,0,22,-13.48,47.0,1.17e-05
4092,1,34,214.86,48.0,1.17e-05
4093,1,34,226.22,49.0,1.17e-05
4094,1,36,222.02,50.0,1.17e-05
4096,0,54,72.10,48.0,1.17e-05
4097,1,46,211.08,48.0,1.16e-05
4098,1,43,211.60,48.0,1.16e-05
4099,0,5,-13.18,48.0,1.16e-05
4100,1,64,211.96,49.0,1.16e-05
4101,1,70,188.47,50.0,1.16e-05
4102,0,15,11.68,49.0,1.15e-05
4103,1,36,207.48,49.0,1.15e-05
4104,0,40,77.02,48.0,1.15e-05
4105,1,37,218.46,49.0,1.15e-05
4106,0,9,1.65,49.0,1.15e-05
4107,1,46,205.80,49.0,1.14e-05
4108,1,55,217.99,50.0,1.14e-05
4109,1,45,244.39,51.0,1.14e-05
4110,1,49,229.57,52.0,1.14e-05
4111,0,33,45.38,52.0,1.14e-05
4112,1,27,194.70,53.0,1.13e-05
4113,1,36,234.52,54.0,1.13e-05
4114,0,10,-17.87,53.0,1.13e-05
4116,0,21,36.61,53.0,1.13e-05
4117,1,53,218.47,54.0,1.13e-05
4118,0,9,-19.39,54.0,1.13e-05
4119,0,43,57.31,54.0,1.12e-05
4120,0,21,29.54,53.0,1.12e-05
4121,0,8,-11.14,52.0,1.12e-05
4122,1,76,212.14,52.0,1.12e-05
4123,0,13,6.74,51.0,1.12e-05
4125,1,49,234.45,52.0,1.11e-05
4126,0,9,-12.52,51.0,1.11e-05
4127,1,55,228.88,51.0,1.11e-05
4128,0,10,3.70,51.0,1.11e-05
4129,1,30,218.96,51.0,1.11e-05
4130,0,11,-1.49,50.0,1.10e-05
4131,0,37,23.07,49.0,1.10e-05
4132,1,41,231.07,49.0,1.10e-05
4133,0,25,-21.50,48.0,1.10e-05
4135,0,18,5.27,46.0,1.10e-05
4136,1,81,215.22,46.0,1.10e-05
4137,1,50,240.86,46.0,1.09e-05
4138,0,40,56.49,45.0,1.09e-05
4139,1,73,217.99,46.0,1.09e-05
4141,0,2,-26.94,46.0,1.09e-05
4142,1,26,227.08,47.0,1.09e-05
4143,1,44,249.74,48.0,1.08e-05
4144,1,61,251.68,48.0,1.08e-05
4145,1,41,236.14,49.0,1.08e-05
4147,1,73,192.63,48.0,1.08e-05
4148,0,31,32.50,48.0,1.08e-05
4149,0,6,-20.64,48.0,1.07e-05
4150,0,39,32.75,48.0,1.07e-05
4151,0,6,-20.02,47.0,1.07e-05
4152,0,46,59.04,46.0,1.07e-05
4153,0,14,1.85,45.0,1.07e-05
4154,1,31,217.15,45.0,1.07e-05
4155,0,17,-21.19,45.0,1.06e-05
4156,0,13,-14.67,44.0,1.06e-05
4157,1,31,223.03,45.0,1.06e-05
4159,0,23,25.55,44.0,1.06e-05
4160,0,4,-28.05,43.0,1.06e-05
4161,1,44,245.57,44.0,1.05e-05
4163,0,39,-21.87,44.0,1.05e-05
4164,0,4,-14.39,44.0,1.05e-05
4165,0,8,-10.33,44.0,1.05e-05
4166,1,42,232.46,44.0,1.05e-05
4167,0,28,25.80,44.0,1.05e-05
4168,0,4,-26.66,43.0,1.04e-05
4169,1,33,198.02,43.0,1.04e-05
4170,0,16,10.75,43.0,1.04e-05
4171,1,45,237.24,43.0,1.04e-05
4172,0,6,-18.47,42.0,1.04e-05
4173,1,70,211.65,43.0,1.03e-05
4174,0,12,-6.28,43.0,1.03e-05
4175,0,34,23.11,42.0,1.03e-05
4176,0,5,-12.74,41.0,1.03e-05
4177,1,57,245.14,42.0,1.03e-05
4178,1,57,224.78,43.0,1.03e-05
4179,0,39,20.15,43.0,1.02e-05
4180,0,5,-23.90,43.0,1.02e-05
4181,0,44,60.38,43.0,1.02e-05
4182,1,37,252.69,43.0,1.02e-05
4183,1,33,239.40,44.0,1.02e-05
4184,1,52,205.15,45.0,1.01e-05
4185,1,67,208.86,45.0,1.01e-05
4186,0,41,54.72,44.0,1.01e-05
4188,0,6,-33.27,43.0,1.01e-05
4189,1,44,202.41,44.0,1.01e-05
4190,1,54,223.21,44.0,1.01e-05
4191,1,54,230.41,45.0,1.00e-05
4192,0,32,4.50,44.0,1.00e-05
4193,0,28,-2.49,43.0,1.00e-05
4194,0,17,-3.45,42.0,9.98e-06
4195,0,32,29.36,42.0,9.97e-06
4196,0,2,-25.29,42.0,9.95e-06
4197,0,55,41.18,41.0,9.93e-06
4198,1,68,222.60,41.0,9.91e-06
4199,1,33,215.47,42.0,9.89e-06
4201,0,11,-21.16,40.0,9.88e-06
4202,1,81,195.18,41.0,9.86e-06
4203,1,37,221.56,41.0,9.84e-06
4204,0,9,-33.34,41.0,9.82e-06
4205,0,13,21.22,40.0,9.81e-06
4206,0,9,-33.21,40.0,9.79e-06
4207,0,23,8.78,39.0,9.77e-06
4209,0,19,28.17,37.0,9.75e-06
4210,0,13,-7.13,36.0,9.74e-06
4211,0,3,-36.71,36.0,9.72e-06
4212,1,39,210.39,36.0,9.70e-06
4213,0,4,-36.25,35.0,9.68e-06
4214,1,90,227.36,36.0,9.66e-06
4216,1,44,224.47,37.0,9.65e-06
4217,1,67,207.51,37.0,9.63e-06
4218,0,42,51.76,37.0,9.61e-06
4219,1,71,203.74,38.0,9.59e-06
4220,0,35,-6.89,38.0,9.58e-06
4221,0,21,5.60,38.0,9.56e-06
4222,0,6,-26.66,37.0,9.54e-06
4223,0,5,-17.01,37.0,9.52e-06
4224,0,9,-23.69,37.0,9.51e-06
4225,0,7,-19.67,36.0,9.49e-06
4226,1,41,238.95,37.0,9.47e-06
4227,0,32,-3.06,36.0,9.45e-06
4228,1,84,215.92,37.0,9.44e-06
4229,0,21,-8.51,36.0,9.42e-06
4231,0,10,-6.80,36.0,9.40e-06
4232,0,7,-22.89,35.0,9.39e-06
4233,1,54,221.50,36.0,9.37e-06
4234,1,45,236.13,37.0,9.35e-06
4235,1,81,239.87,38.0,9.33e-06
4236,0,36,-20.30,37.0,9.32e-06
4237,0,21,-25.16,36.0,9.30e-06
4238,0,22,24.31,36.0,9.28e-06
4239,0,15,5.21,35.0,9.26e-06
4240,1,18,208.23,36.0,9.25e-06
4241,0,18,-22.33,36.0,9.23e-06
4242,1,35,226.90,36.0,9.21e-06
4243,0,17,43.64,35.0,9.20e-06
4244,0,2,-33.05,34.0,9.18e-06
4245,0,16,-12.61,33.0,9.16e-06
4246,0,17,-31.35,33.0,9.14e-06
4247,0,7,-28.96,32.0,9.13e-06
4248,0,36,3.65,32.0,9.11e-06
4249,0,16,0.25,32.0,9.09e-06
4250,1,40,198.09,33.0,9.08e-06
4251,0,2,-26.02,33.0,9.06e-06
4252,0,17,-26.78,33.0,9.04e-06
4253,1,45,215.45,34.0,9.03e-06
4254,0,34,49.34,33.0,9.01e-06
4255,1,64,215.27,34.0,8.99e-06
4256,0,4,-38.81,34.0,8.97e-06
4257,1,22,207.31,34.0,8.96e-06
4258,0,20,45.27,34.0,8.94e-06
4259,0,13,-10.19,34.0,8.92e-06
4261,0,49,49.81,33.0,8.91e-06
4262,0,4,-30.46,33.0,8.89e-06
4263,0,33,58.61,33.0,8.87e-06
4264,0,15,-13.23,33.0,8.86e-06
4265,0,57,28.03,33.0,8.84e-06
4266,0,3,-28.06,32.0,8.82e-06
4267,1,41,223.55,33.0,8.81e-06
4268,1,58,234.91,34.0,8.79e-06
4269,1,35,218.35,34.0,8.77e-06
4270,0,3,-30.53,34.0,8.76e-06
4271,0,14,-11.24,33.0,8.74e-06
4272,0,27,-4.77,33.0,8.72e-06
4273,0,13,-48.77,32.0,8.71e-06
4274,0,8,-25.73,32.0,8.69e-06
4275,1,40,207.09,33.0,8.67e-06
4276,0,22,26.44,33.0,8.66e-06
4277,0,20,41.06,32.0,8.64e-06
4278,0,48,56.08,31.0,8.62e-06
4279,0,58,33.61,31.0,8.61e-06
4280,0,28,1.25,31.0,8.59e-06
4281,0,7,-12.28,31.0,8.57e-06
4282,0,6,-16.78,30.0,8.56e-06
4283,1,63,234.23,30.0,8.54e-06
4284,0,22,25.72,29.0,8.52e-06
4285,0,8,-19.20,28.0,8.51e-06
4286,0,18,40.15,28.0,8.49e-06
4287,1,33,204.67,29.0,8.47e-06
4288,0,11,-1.24,29.0,8.46e-06
4289,0,25,12.35,28.0,8.44e-06
4290,0,35,10.35,27.0,8.42e-06
4291,0,31,40.01,26.0,8.41e-06
4292,0,15,7.90,26.0,8.39e-06
4293,1,73,213.52,27.0,8.38e-06
4294,1,41,216.92,28.0,8.36e-06
4295,0,14,-12.80,28.0,8.34e-06
4296,0,9,6.82,28.0,8.33e-06
4297,0,17,-29.49,28.0,8.31e-06
4298,1,53,287.78,28.0,8.29e-06
4299,0,16,-34.50,27.0,8.28e-06
4300,0,6,-16.19,27.0,8.26e-06
4301,0,37,22.81,27.0,8.25e-06
4302,0,79,88.70,26.0,8.23e-06
4303,0,5,-22.71,25.0,8.21e-06
4304,1,31,226.50,26.0,8.20e-06
4305,0,53,42.87,26.0,8.18e-06
4306,0,24,50.73,26.0,8.16e-06
4307,1,33,226.45,27.0,8.15e-06
4308,1,30,236.32,28.0,8.13e-06
4309,0,46,33.26,28.0,8.12e-06
4310,0,12,-21.96,28.0,8.10e-06
4311,0,2,-28.12,28.0,8.08e-06
4312,0,7,-28.41,27.0,8.07e-06
4313,1,62,249.81,28.0,8.05e-06
4314,0,36,-26.49,27.0,8.04e-06
4315,0,67,91.25,27.0,8.02e-06
4316,0,2,-31.78,26.0,8.00e-06
4317,0,5,-23.83,25.0,7.99e-06
4318,1,52,232.08,26.0,7.97e-06
4319,0,12,-4.00,25.0,7.96e-06
4320,0,50,-7.48,25.0,7.94e-06
4321,0,6,-18.37,25.0,7.92e-06
4322,1,43,201.50,26.0,7.91e-06
4323,0,6,-28.64,26.0,7.89e-06
4324,1,67,249.51,27.0,7.88e-06
4325,1,76,223.94,28.0,7.86e-06
4326,1,56,234.34,28.0,7.85e-06
4327,0,19,11.52,28.0,7.83e-06
4328,0,19,11.50,27.0,7.81e-06
4329,0,10,-17.38,27.0,7.80e-06
4330,0,20,-17.91,27.0,7.78e-06
4331,1,31,201.52,28.0,7.77e-06
4332,1,74,236.86,29.0,7.75e-06
4333,0,15,-16.06,28.0,7.74e-06
4334,0,14,24.02,27.0,7.72e-06
4335,0,3,-28.98,26.0,7.70e-06
4336,0,27,-17.15,26.0,7.69e-06
4337,0,19,38.35,26.0,7.67e-06
4338,0,60,59.54,26.0,7.66e-06
4339,0,32,49.07,26.0,7.64e-06
4340,1,48,198.23,26.0,7.63e-06
4341,1,45,220.31,27.0,7.61e-06
4342,1,53,249.38,27.0,7.60e-06
4343,0,19,-2.71,27.0,7.58e-06
4344,0,4,-24.97,27.0,7.56e-06
4345,1,68,224.17,28.0,7.55e-06
4346,0,22,7.62,28.0,7.53e-06
4347,0,5,-24.95,28.0,7.52e-06
4348,1,42,214.45,29.0,7.50e-06
4349,1,40,245.04,30.0,7.49e-06
4350,1,59,215.47,30.0,7.47e-06
4351,0,57,96.86,30.0,7.46e-06
4352,1,74,241.32,31.0,7.44e-06
4353,1,57,237.87,31.0,7.43e-06
4354,0,8,-17.21,31.0,7.41e-06
4355,1,26,230.99,31.0,7.40e-06
4356,0,14,-9.53,31.0,7.38e-06
4357,0,24,21.61,30.0,7.36e-06
4358,1,73,210.86,31.0,7.35e-06
4359,1,38,230.83,32.0,7.33e-06
4360,1,36,202.12,33.0,7.32e-06
4361,0,30,-25.29,33.0,7.30e-06
4362,0,8,-4.75,33.0,7.29e-06
4363,1,62,218.90,34.0,7.27e-06
4364,0,3,-29.85,34.0,7.26e-06
4365,1,29,217.23,35.0,7.24e-06
4366,0,4,-23.11,35.0,7.23e-06
4367,1,21,211.08,35.0,7.21e-06
4368,0,17,30.63,34.0,7.20e-06
4369,0,44,8.55,33.0,7.18e-06
4370,1,47,233.57,34.0,7.17e-06
4371,1,33,200.85,35.0,7.15e-06
4372,0,83,9.82,35.0,7.14e-06
4373,0,17,-13.19,35.0,7.12e-06
4374,1,54,264.70,36.0,7.11e-06
4375,0,24,28.08,35.0,7.09e-06
4376,0,8,-1.72,35.0,7.08e-06
4377,1,30,212.85,36.0,7.06e-06
4378,1,32,220.66,37.0,7.05e-06
4379,0,9,-18.71,37.0,7.03e-06
4380,0,12,-23.21,37.0,7.02e-06
4381,1,83,209.86,38.0,7.00e-06
4382,0,14,17.89,38.0,6.99e-06
4383,1,43,199.09,38.0,6.97e-06
4384,1,41,205.36,39.0,6.96e-06
4385,0,12,11.74,39.0,6.94e-06
4386,0,12,-9.33,39.0,6.93e-06
4387,0,35,69.34,38.0,6.91e-06
4388,1,49,221.63,39.0,6.90e-06
4389,0,15,-4.11,39.0,6.89e-06
4390,0,8,-6.67,39.0,6.87e-06
4391,0,81,46.34,39.0,6.86e-06
4392,1,65,231.31,40.0,6.84e-06
4393,0,14,-36.44,39.0,6.83e-06
4395,0,12,-36.00,38.0,6.81e-06
4396,1,68,229.38,39.0,6.80e-06
4397,0,30,44.96,39.0,6.78e-06
4398,1,49,213.31,39.0,6.77e-06
4399,1,31,212.24,40.0,6.75e-06
4400,0,39,66.59,40.0,6.74e-06
4401,1,57,231.04,41.0,6.72e-06
4402,1,51,230.11,42.0,6.71e-06
4403,0,16,-8.64,42.0,6.70e-06
4404,0,4,-30.78,41.0,6.68e-06
4405,0,16,-7.15,41.0,6.67e-06
4406,1,49,244.58,42.0,6.65e-06
4407,0,25,48.78,41.0,6.64e-06
4408,0,9,-4.45,40.0,6.62e-06
4409,0,27,-16.26,40.0,6.61e-06
4410,0,13,21.60,40.0,6.59e-06
4411,1,45,228.00,41.0,6.58e-06
4412,1,41,190.49,42.0,6.57e-06
4413,1,58,223.16,42.0,6.55e-06
4414,0,34,-2.51,42.0,6.54e-06
4415,1,72,210.24,43.0,6.52e-06
4416,1,44,255.16,44.0,6.51e-06
4417,0,11,-2.89,44.0,6.49e-06
4418,1,68,241.26,44.0,6.48e-06
4419,0,4,-14.55,44.0,6.47e-06
4420,0,32,42.65,44.0,6.45e-06
4421,0,19,31.54,44.0,6.44e-06
4422,1,52,213.11,44.0,6.42e-06
4423,0,25,56.60,44.0,6.41e-06
4424,1,28,237.11,44.0,6.40e-06
4425,0,28,-29.35,43.0,6.38e-06
4426,0,17,-13.54,42.0,6.37e-06
4427,1,46,241.13,43.0,6.35e-06
4428,0,21,21.49,43.0,6.34e-06
4429,1,48,218.16,44.0,6.32e-06
4430,1,47,239.59,45.0,6.31e-06
4431,1,79,182.49,45.0,6.30e-06
4432,0,79,86.61,44.0,6.28e-06
4433,0,40,53.43,44.0,6.27e-06
4434,1,44,247.55,45.0,6.25e-06
4435,1,65,250.72,46.0,6.24e-06
4436,0,18,-17.86,46.0,6.23e-06
4437,0,21,57.37,46.0,6.21e-06
4438,0,67,27.35,46.0,6.20e-06
4439,0,6,-21.25,46.0,6.19e-06
4440,0,63,47.88,45.0,6.17e-06
4441,1,35,225.38,45.0,6.16e-06
4442,0,17,10.48,44.0,6.14e-06
4443,0,8,-10.68,44.0,6.13e-06
4444,1,41,209.25,45.0,6.12e-06
4445,1,77,205.95,45.0,6.10e-06
4446,0,9,-18.73,45.0,6.09e-06
4447,0,2,-25.12,45.0,6.08e-06
4448,1,49,216.64,45.0,6.06e-06
4449,1,46,219.17,45.0,6.05e-06
4450,1,66,216.17,45.0,6.03e-06
4451,0,11,2.22,45.0,6.02e-06
4452,1,52,191.34,45.0,6.01e-06
4453,1,45,251.53,45.0,5.99e-06
4454,1,60,241.23,46.0,5.98e-06
4455,1,24,209.38,46.0,5.97e-06
4456,0,2,-32.25,46.0,5.95e-06
4457,1,24,206.29,47.0,5.94e-06
4459,0,34,32.06,45.0,5.93e-06
4460,1,45,208.27,45.0,5.91e-06
4461,1,49,219.54,46.0,5.90e-06
4462,1,42,224.58,47.0,5.88e-06
4464,0,38,73.28,46.0,5.87e-06
4465,1,68,227.83,46.0,5.86e-06
4466,0,24,2.92,46.0,5.84e-06
4467,0,18,36.27,45.0,5.83e-06
4468,0,44,33.34,45.0,5.82e-06
4469,1,81,227.62,46.0,5.80e-06
4470,1,33,224.23,46.0,5.79e-06
4471,0,8,-2.35,45.0,5.78e-06
4472,0,16,-28.03,45.0,5.76e-06
4473,0,3,-26.87,45.0,5.75e-06
4474,0,20,21.57,44.0,5.74e-06
4476,0,13,-6.12,44.0,5.72e-06
4477,0,32,17.74,43.0,5.71e-06
4478,1,29,225.44,43.0,5.70e-06
4479,1,51,214.09,44.0,5.68e-06
4480,0,2,-31.01,44.0,5.67e-06
4481,0,19,16.68,43.0,5.66e-06
4482,0,2,-32.88,43.0,5.65e-06
4483,1,27,213.24,43.0,5.63e-06
4484,0,26,28.75,42.0,5.62e-06
4485,1,46,235.17,43.0,5.61e-06
4486,0,3,-29.50,43.0,5.59e-06
4487,1,37,233.81,44.0,5.58e-06
4488,0,2,-33.26,43.0,5.57e-06
4489,1,53,229.26,44.0,5.55e-06
4490,0,12,-26.12,44.0,5.54e-06
4491,1,54,201.90,45.0,5.53e-06
4492,0,19,33.45,44.0,5.51e-06
4493,1,65,211.13,45.0,5.50e-06
4494,0,29,73.60,45.0,5.49e-06
4495,0,7,-20.68,45.0,5.48e-06
4496,0,21,-18.94,44.0,5.46e-06
4497,1,73,218.08,45.0,5.45e-06
4498,0,44,63.06,44.0,5.44e-06
4499,1,44,243.48,44.0,5.42e-06
4500,0,9,12.65,44.0,5.41e-06
4501,0,18,16.00,43.0,5.40e-06
4502,0,11,-7.85,42.0,5.39e-06
4503,0,18,32.91,42.0,5.37e-06
4504,1,74,201.38,43.0,5.36e-06
4505,0,17,8.25,43.0,5.35e-06
4506,0,26,63.74,42.0,5.33e-06
4507,0,13,0.67,42.0,5.32e-06
4508,1,23,207.92,43.0,5.31e-06
4509,1,34,237.31,44.0,5.30e-06
4510,0,34,-26.26,44.0,5.28e-06
4511,0,22,44.04,43.0,5.27e-06
4512,1,63,219.36,43.0,5.26e-06
4513,0,30,3.63,42.0,5.25e-06
4514,0,5,-3.07,42.0,5.23e-06
4515,1,64,222.95,42.0,5.22e-06
4516,1,33,222.14,42.0,5.21e-06
4517,0,3,-27.98,42.0,5.20e-06
4518,0,5,-19.05,41.0,5.18e-06
4519,0,14,-8.91,41.0,5.17e-06
4520,1,69,226.89,42.0,5.16e-06
4521,0,36,5.04,42.0,5.15e-06
4522,0,38,-12.72,41.0,5.13e-06
4523,0,6,-13.59,41.0,5.12e-06
4524,0,18,14.69,40.0,5.11e-06
4525,0,7,-22.54,40.0,5.10e-06
4526,1,22,217.37,41.0,5.08e-06
4527,0,27,23.64,40.0,5.07e-06
4528,1,73,213.54,41.0,5.06e-06
4529,0,26,24.70,40.0,5.05e-06
4530,1,26,226.55,40.0,5.03e-06
4531,0,7,-34.81,39.0,5.02e-06
4532,0,9,-30.19,39.0,5.01e-06
4533,0,25,23.73,39.0,5.00e-06
4534,0,2,-28.66,38.0,4.99e-06
4535,0,37,16.49,37.0,4.97e-06
4536,1,27,221.00,38.0,4.96e-06
4537,0,49,27.28,38.0,4.95e-06
4538,0,33,22.23,38.0,4.94e-06
4539,0,16,-20.50,38.0,4.92e-06
4540,1,61,224.58,39.0,4.91e-06
4541,1,28,210.53,39.0,4.90e-06
4542,0,13,-12.34,39.0,4.89e-06
4543,0,14,-37.04,39.0,4.88e-06
4544,0,31,26.24,38.0,4.86e-06
4545,1,59,227.16,38.0,4.85e-06
4546,1,73,228.24,39.0,4.84e-06
4547,0,62,36.32,39.0,4.83e-06
4548,1,44,241.87,39.0,4.82e-06
4549,0,10,-10.90,38.0,4.80e-06
4550,0,5,-10.88,37.0,4.79e-06
4551,0,11,-23.34,37.0,4.78e-06
4552,1,17,204.29,37.0,4.77e-06
4553,1,47,216.66,37.0,4.76e-06
4554,0,24,24.56,36.0,4.74e-06
4555,1,19,219.90,36.0,4.73e-06
4556,1,38,204.96,37.0,4.72e-06
4557,1,50,232.84,37.0,4.71e-06
4558,0,7,-32.33,37.0,4.70e-06
4559,1,32,197.01,38.0,4.69e-06
4560,0,5,-23.68,37.0,4.67e-06
4561,0,17,20.27,36.0,4.66e-06
4562,0,10,-33.78,35.0,4.65e-06
4563,0,5,-39.31,35.0,4.64e-06
4564,1,50,230.94,36.0,4.63e-06
4565,0,10,-24.37,35.0,4.61e-06
4566,1,35,246.48,36.0,4.60e-06
4568,0,46,8.65,36.0,4.59e-06
4569,0,7,-1.62,35.0,4.58e-06
4570,0,6,-16.02,34.0,4.57e-06
4571,0,34,32.21,34.0,4.56e-06
4572,0,45,68.27,34.0,4.55e-06
4573,1,92,212.43,35.0,4.53e-06
4574,1,34,231.55,36.0,4.52e-06
4575,0,3,-24.74,36.0,4.51e-06
4576,0,23,24.41,36.0,4.50e-06
4577,0,7,-34.70,36.0,4.49e-06
4578,0,19,-11.51,35.0,4.48e-06
4579,0,20,29.31,34.0,4.46e-06
4580,0,16,-9.52,34.0,4.45e-06
4581,0,38,-22.87,34.0,4.44e-06
4582,0,2,-26.52,34.0,4.43e-06
4583,0,14,-13.42,33.0,4.42e-06
4584,0,20,-9.47,33.0,4.41e-06
4585,0,11,-13.55,32.0,4.40e-06
4586,1,41,212.10,33.0,4.39e-06
4587,1,30,226.45,33.0,4.37e-06
4588,0,40,-16.59,33.0,4.36e-06
4589,0,3,-30.37,32.0,4.35e-06
4590,0,57,57.10,32.0,4.34e-06
4591,0,58,29.43,31.0,4.33e-06
4592,1,61,239.79,32.0,4.32e-06
4593,0,46,-37.07,31.0,4.31e-06
4594,0,3,-28.20,31.0,4.30e-06
4595,1,76,206.95,32.0,4.28e-06
4596,0,22,-11.70,32.0,4.27e-06
4597,0,2,-27.11,31.0,4.26e-06
4598,1,48,238.32,32.0,4.25e-06
4599,0,23,0.98,31.0,4.24e-06
4600,0,12,16.37,31.0,4.23e-06
4601,0,2,-25.42,31.0,4.22e-06
4602,1,39,217.39,32.0,4.21e-06
4603,0,7,-17.13,32.0,4.20e-06
4604,0,35,-22.30,31.0,4.18e-06
4605,1,39,215.55,32.0,4.17e-06
4606,0,26,7.55,32.0,4.16e-06
4607,1,68,194.37,33.0,4.15e-06
4608,0,5,-15.60,32.0,4.14e-06
4609,0,32,-6.83,31.0,4.13e-06
4610,0,23,-6.78,31.0,4.12e-06
4611,1,28,216.03,32.0,4.11e-06
4612,0,21,-45.11,31.0,4.10e-06
4613,0,40,68.04,31.0,4.09e-06
4614,0,18,-1.06,31.0,4.08e-06
4615,1,62,252.74,31.0,4.06e-06
4616,0,56,84.89,30.0,4.05e-06
4617,0,13,1.17,30.0,4.04e-06
4618,0,9,-34.56,30.0,4.03e-06
4619,1,69,205.14,31.0,4.02e-06
4620,1,57,224.76,31.0,4.01e-06
4621,1,38,224.02,32.0,4.00e-06
4622,1,46,225.65,33.0,3.99e-06
4623,0,26,28.98,33.0,3.98e-06
4624,0,45,33.57,33.0,3.97e-06
4625,0,21,-16.97,33.0,3.96e-06
4626,0,11,2.10,32.0,3.95e-06
4627,1,48,211.13,33.0,3.94e-06
4628,1,32,216.31,33.0,3.93e-06
4629,0,24,-19.96,33.0,3.92e-06
4630,1,56,232.72,33.0,3.91e-06
4631,0,36,-7.43,33.0,3.89e-06
4632,0,10,-10.47,33.0,3.88e-06
4633,0,27,41.66,33.0,3.87e-06
4634,1,64,211.21,34.0,3.86e-06
4635,0,45,-6.93,34.0,3.85e-06
4636,0,17,10.29,33.0,3.84e-06
4637,1,52,236.38,34.0,3.83e-06
4638,0,17,-49.24,34.0,3.82e-06
4639,1,46,213.06,35.0,3.81e-06
4640,0,13,7.32,34.0,3.80e-06
4641,0,51,59.28,33.0,3.79e-06
4642,0,7,-12.21,33.0,3.78e-06
4643,0,27,50.87,33.0,3.77e-06
4644,0,18,-49.21,33.0,3.76e-06
4645,1,64,240.77,33.0,3.75e-06
4646,1,63,231.52,33.0,3.74e-06
4647,0,36,5.23,33.0,3.73e-06
4648,0,2,-24.64,32.0,3.72e-06
4650,0,22,26.55,32.0,3.71e-06
4652,0,27,31.30,31.0,3.70e-06
4653,1,35,213.57,31.0,3.69e-06
4654,1,64,247.82,32.0,3.68e-06
4655,1,59,240.60,32.0,3.67e-06
4656,0,18,19.72,31.0,3.66e-06
4657,0,2,-27.77,30.0,3.65e-06
4658,0,42,13.31,30.0,3.64e-06
4659,0,15,-44.28,29.0,3.63e-06
4660,0,29,-1.40,29.0,3.62e-06
4661,0,12,-0.04,29.0,3.61e-06
4662,1,41,225.82,30.0,3.60e-06
4663,1,51,195.75,31.0,3.59e-06
4664,0,2,-33.25,30.0,3.58e-06
4665,0,36,66.42,30.0,3.57e-06
4666,0,44,16.90,29.0,3.56e-06
4667,1,32,203.78,30.0,3.55e-06
4668,0,18,20.58,30.0,3.54e-06
4669,0,10,-4.61,30.0,3.53e-06
4670,0,4,-20.35,30.0,3.52e-06
4671,1,52,215.40,31.0,3.51e-06
4672,1,59,220.74,32.0,3.50e-06
4673,0,13,-0.93,31.0,3.49e-06
4674,1,37,246.11,31.0,3.48e-06
4675,1,49,217.97,32.0,3.47e-06
4676,1,68,266.42,33.0,3.46e-06
4677,0,24,16.41,33.0,3.45e-06
4678,1,62,225.22,34.0,3.44e-06
4679,1,39,212.02,35.0,3.43e-06
4680,1,41,201.75,36.0,3.42e-06
4681,1,56,214.04,37.0,3.41e-06
4682,1,65,219.84,38.0,3.40e-06
4683,0,12,-23.24,38.0,3.39e-06
4684,0,31,60.52,38.0,3.38e-06
4685,0,31,-18.79,38.0,3.37e-06
4686,1,30,230.79,38.0,3.37e-06
4687,0,48,8.08,37.0,3.36e-06
4688,1,77,211.79,38.0,3.35e-06
4689,0,13,-0.48,38.0,3.34e-06
4690,1,30,214.80,39.0,3.33e-06
4691,0,4,-30.18,39.0,3.32e-06
4692,0,53,11.56,38.0,3.31e-06
4693,1,71,223.37,39.0,3.30e-06
4694,0,22,-11.11,39.0,3.29e-06
4695,1,49,232.99,39.0,3.28e-06
4696,0,12,-32.52,39.0,3.27e-06
4697,0,21,11.83,39.0,3.26e-06
4698,0,66,29.16,38.0,3.25e-06
4700,1,55,191.68,39.0,3.24e-06
4701,1,40,223.53,40.0,3.23e-06
4702,1,38,205.51,40.0,3.22e-06
4703,1,43,195.94,41.0,3.22e-06
4704,1,35,201.66,42.0,3.21e-06
4705,0,13,-33.83,41.0,3.20e-06
4707,0,69,62.18,40.0,3.19e-06
4708,0,39,-19.18,40.0,3.18e-06
4709,0,14,-3.90,40.0,3.17e-06
4710,1,38,202.01,41.0,3.16e-06
4711,1,68,210.22,41.0,3.15e-06
4712,1,35,228.00,42.0,3.14e-06
4713,0,52,54.48,42.0,3.13e-06
4714,1,42,223.14,43.0,3.12e-06
4715,1,37,196.49,43.0,3.12e-06
4716,1,33,236.97,44.0,3.11e-06
4717,1,61,218.06,45.0,3.10e-06
4718,0,36,-4.62,45.0,3.09e-06
4719,0,34,27.71,44.0,3.08e-06
4720,0,11,-39.65,43.0,3.07e-06
4721,1,43,212.97,43.0,3.06e-06
4722,0,8,-20.08,42.0,3.05e-06
4724,0,4,-24.21,42.0,3.04e-06
4725,0,2,-31.60,42.0,3.04e-06
4726,1,56,237.18,43.0,3.03e-06
4727,1,56,208.29,43.0,3.02e-06
4728,1,32,226.30,43.0,3.01e-06
4729,1,70,253.48,44.0,3.00e-06
4730,1,56,202.59,44.0,2.99e-06
4731,0,10,2.48,44.0,2.98e-06
4732,1,57,201.16,45.0,2.97e-06
4733,1,44,225.25,46.0,2.97e-06
4734,0,9,-1.13,45.0,2.96e-06
4735,0,39,18.56,45.0,2.95e-06
4736,0,11,-8.16,45.0,2.94e-06
4737,1,49,201.40,45.0,2.93e-06
4738,0,3,-26.58,45.0,2.92e-06
4739,1,42,234.46,45.0,2.91e-06
4740,1,77,215.21,46.0,2.91e-06
4741,0,10,-2.46,46.0,2.90e-06
4742,0,7,-13.06,46.0,2.89e-06
4744,1,52,205.25,47.0,2.88e-06
4745,0,2,-27.82,46.0,2.87e-06
4746,1,22,214.63,46.0,2.86e-06
4747,1,50,203.89,47.0,2.85e-06
4748,0,32,27.14,47.0,2.85e-06
4749,1,66,206.76,48.0,2.84e-06
4750,1,47,226.33,49.0,2.83e-06
4751,0,16,-12.07,49.0,2.82e-06
4752,1,24,209.42,50.0,2.81e-06
4753,0,12,16.54,49.0,2.80e-06
4755,1,52,239.48,48.0,2.80e-06
4756,1,26,224.54,49.0,2.79e-06
4757,0,13,-33.45,49.0,2.78e-06
4758,0,36,32.75,49.0,2.77e-06
4759,1,40,216.14,50.0,2.76e-06
4760,1,37,210.98,51.0,2.75e-06
4761,0,36,62.04,51.0,2.75e-06
4762,0,35,-18.34,50.0,2.74e-06
4763,0,33,29.46,49.0,2.73e-06
4764,0,7,-39.69,49.0,2.72e-06
4765,0,2,-24.77,49.0,2.71e-06
4766,0,5,-31.29,49.0,2.71e-06
4767,1,53,214.02,49.0,2.70e-06
4768,1,62,200.72,50.0,2.69e-06
4770,1,47,208.67,51.0,2.68e-06
4771,0,57,73.43,50.0,2.67e-06
4772,1,28,208.67,50.0,2.67e-06
4773,0,10,4.43,50.0,2.66e-06
4774,0,5,-12.97,49.0,2.65e-06
4775,1,73,216.31,49.0,2.64e-06
4776,1,59,207.11,49.0,2.63e-06
4777,0,19,-0.60,49.0,2.63e-06
4778,1,46,235.86,49.0,2.62e-06
4779,0,42,-14.98,48.0,2.61e-06
4780,0,23,2.88,47.0,2.60e-06
4781,0,12,15.55,46.0,2.59e-06
4782,1,30,196.26,46.0,2.59e-06
4783,1,65,226.82,47.0,2.58e-06
4784,0,25,-9.43,47.0,2.57e-06
4785,1,25,217.29,48.0,2.56e-06
4786,0,5,-32.79,47.0,2.56e-06
4789,0,11,-3.00,46.0,2.55e-06
4791,0,6,-19.91,45.0,2.54e-06
4792,0,27,39.13,45.0,2.53e-06
4793,0,9,7.71,44.0,2.52e-06
4794,1,42,249.31,45.0,2.52e-06
4795,0,5,-36.54,44.0,2.51e-06
4796,1,41,203.67,45.0,2.50e-06
4797,0,25,48.06,45.0,2.49e-06
4798,0,5,-40.30,45.0,2.49e-06
4799,1,32,231.49,46.0,2.48e-06
4800,1,70,222.69,46.0,2.47e-06
4801,0,2,-25.98,45.0,2.46e-06
4802,0,12,-33.72,44.0,2.46e-06
4803,0,29,41.65,43.0,2.45e-06
4804,0,5,-34.10,42.0,2.44e-06
4805,1,33,252.68,43.0,2.43e-06
4806,0,13,-2.44,43.0,2.43e-06
4807,1,25,212.40,44.0,2.42e-06
4808,1,30,227.48,45.0,2.41e-06
4809,1,49,208.04,46.0,2.40e-06
4810,0,31,36.99,45.0,2.40e-06
4811,0,26,60.88,44.0,2.39e-06
4812,1,60,224.18,44.0,2.38e-06
4813,0,11,-23.24,44.0,2.37e-06
4814,1,49,217.07,44.0,2.37e-06
4815,1,63,231.09,44.0,2.36e-06
4816,1,65,229.28,44.0,2.35e-06
4817,1,41,217.17,44.0,2.35e-06
4818,0,2,-33.57,44.0,2.34e-06
4819,0,11,-11.90,44.0,2.33e-06
4820,1,27,206.21,45.0,2.32e-06
4821,0,46,-5.18,44.0,2.32e-06
4822,0,14,-15.36,44.0,2.31e-06
4824,0,10,15.55,44.0,2.30e-06
4825,0,24,-48.06,44.0,2.30e-06
4826,1,46,197.92,44.0,2.29e-06
4828,0,63,44.15,42.0,2.28e-06
4829,1,68,274.87,42.0,2.27e-06
4830,1,40,239.53,42.0,2.27e-06
4831,0,11,5.66,42.0,2.26e-06
4832,0,3,-23.42,41.0,2.25e-06
4833,0,18,-12.14,40.0,2.25e-06
4834,0,9,-13.63,40.0,2.24e-06
4835,1,68,151.22,41.0,2.23e-06
4836,1,37,217.81,42.0,2.23e-06
4837,0,15,27.90,41.0,2.22e-06
4838,0,6,-21.81,41.0,2.21e-06
4839,0,32,-7.68,40.0,2.21e-06
4840,0,28,46.58,39.0,2.20e-06
4841,0,6,-13.94,39.0,2.19e-06
4842,0,45,-20.77,39.0,2.19e-06
4843,0,19,14.90,39.0,2.18e-06
4844,1,56,201.88,39.0,2.17e-06
4845,1,52,228.12,40.0,2.17e-06
4846,0,20,7.45,39.0,2.16e-06
4847,0,21,-8.76,38.0,2.15e-06
4848,0,9,0.46,38.0,2.15e-06
4849,0,10,-17.90,37.0,2.14e-06
4850,0,9,-21.94,36.0,2.13e-06
4851,1,41,218.51,37.0,2.13e-06
4852,0,18,-7.47,36.0,2.12e-06
4853,0,51,83.89,36.0,2.11e-06
4854,0,2,-29.85,36.0,2.11e-06
4855,0,5,-48.94,35.0,2.10e-06
4856,0,18,-11.14,34.0,2.09e-06
4857,1,49,218.59,35.0,2.09e-06
4858,0,10,-29.98,35.0,2.08e-06
4859,0,7,-18.72,34.0,2.07e-06
4860,0,30,-0.53,33.0,2.07e-06
4861,1,25,227.80,34.0,2.06e-06
4862,1,53,263.16,35.0,2.05e-06
4863,1,46,220.21,36.0,2.05e-06
4864,0,26,-37.97,36.0,2.04e-06
4865,1,38,232.55,37.0,2.03e-06
4866,1,69,222.42,38.0,2.03e-06
4867,0,31,5.05,37.0,2.02e-06
4868,1,37,217.57,37.0,2.02e-06
4869,0,40,49.46,37.0,2.01e-06
4870,0,24,-10.41,36.0,2.00e-06
4871,0,8,-21.40,36.0,2.00e-06
4872,0,26,-21.15,35.0,1.99e-06
4873,0,12,-23.10,35.0,1.98e-06
4874,0,5,-34.85,35.0,1.98e-06
4875,1,48,221.94,35.0,1.97e-06
4876,1,58,209.53,35.0,1.97e-06
4877,0,23,23.64,35.0,1.96e-06
4878,1,40,224.51,35.0,1.95e-06
4879,1,35,227.70,36.0,1.95e-06
4880,0,10,-9.15,36.0,1.94e-06
4881,0,27,18.90,36.0,1.94e-06
4882,0,14,-9.54,35.0,1.93e-06
4883,1,52,225.13,35.0,1.92e-06
4884,0,12,-22.82,35.0,1.92e-06
4885,1,70,211.54,35.0,1.91e-06
4886,0,12,0.88,35.0,1.91e-06
4887,1,49,265.66,36.0,1.90e-06
4888,0,28,32.73,36.0,1.89e-06
4889,0,19,9.78,36.0,1.89e-06
4890,0,17,-13.58,36.0,1.88e-06
4891,0,26,-33.42,36.0,1.88e-06
4892,0,30,17.69,36.0,1.87e-06
4893,0,4,-29.66,36.0,1.87e-06
4894,0,23,-26.13,35.0,1.86e-06
4895,0,11,12.28,35.0,1.85e-06
4896,1,67,211.01,35.0,1.85e-06
4897,1,33,226.95,36.0,1.84e-06
4898,1,42,226.49,37.0,1.84e-06
4899,0,7,-31.94,36.0,1.83e-06
4900,1,62,250.35,36.0,1.83e-06
4901,0,2,-33.16,36.0,1.82e-06
4902,0,19,12.03,36.0,1.81e-06
4903,0,8,-30.46,36.0,1.81e-06
4904,0,34,3.74,36.0,1.80e-06
4905,1,64,203.20,36.0,1.80e-06
4906,1,56,191.18,37.0,1.79e-06
4907,0,37,51.06,36.0,1.79e-06
4909,0,27,16.41,34.0,1.78e-06
4910,1,36,225.44,35.0,1.77e-06
4911,0,38,5.34,35.0,1.77e-06
4912,0,2,-34.74,34.0,1.76e-06
4913,0,54,32.45,34.0,1.76e-06
4914,1,82,221.93,34.0,1.75e-06
4915,0,3,-33.99,33.0,1.75e-06
4916,0,14,9.68,32.0,1.74e-06
4917,0,22,44.28,31.0,1.74e-06
4918,0,7,-16.00,31.0,1.73e-06
4919,0,14,15.59,31.0,1.73e-06
4920,0,38,4.70,30.0,1.72e-06
4921,1,57,221.47,31.0,1.72e-06
4922,1,34,208.76,32.0,1.71e-06
4924,1,49,228.35,33.0,1.71e-06
4925,1,37,196.14,34.0,1.70e-06
4926,0,10,-8.87,33.0,1.69e-06
4927,1,47,221.30,34.0,1.69e-06
4928,0,5,-11.79,34.0,1.68e-06
4929,1,42,214.27,34.0,1.68e-06
4930,1,59,224.43,34.0,1.67e-06
4931,1,62,203.48,35.0,1.67e-06
4932,1,65,228.16,36.0,1.66e-06
4933,1,75,211.10,37.0,1.66e-06
4934,1,26,222.84,38.0,1.65e-06
4935,0,26,44.92,37.0,1.65e-06
4936,0,28,24.42,36.0,1.64e-06
4937,1,45,213.51,37.0,1.64e-06
4938,0,6,-9.80,37.0,1.63e-06
4940,1,34,190.22,38.0,1.63e-06
4941,0,10,-25.25,38.0,1.62e-06
4942,0,21,34.14,38.0,1.62e-06
4943,0,3,-31.89,38.0,1.61e-06
4944,0,4,-18.90,37.0,1.61e-06
4945,1,51,223.53,37.0,1.60e-06
4946,0,24,-12.97,37.0,1.60e-06
4947,0,52,32.70,37.0,1.59e-06
4948,0,18,-10.50,37.0,1.59e-06
4949,0,10,-1.63,37.0,1.59e-06
4950,0,20,35.59,37.0,1.58e-06
4951,1,36,226.80,37.0,1.58e-06
4952,0,36,-15.98,37.0,1.57e-06
4955,0,10,-10.62,37.0,1.57e-06
4956,1,54,194.19,38.0,1.56e-06
4957,1,52,222.67,38.0,1.56e-06
4958,0,11,4.64,38.0,1.55e-06
4959,0,25,20.98,38.0,1.55e-06
4960,1,54,239.70,39.0,1.54e-06
4961,0,3,-29.47,38.0,1.54e-06
4962,1,31,234.99,38.0,1.53e-06
4963,0,26,-9.66,37.0,1.53e-06
4964,0,9,-20.35,37.0,1.52e-06
4965,0,30,5.06,36.0,1.52e-06
4966,0,13,1.02,35.0,1.52e-06
4967,0,2,-25.20,35.0,1.51e-06
4968,0,4,-26.67,34.0,1.51e-06
4969,1,48,210.30,35.0,1.50e-06
4970,0,40,30.36,35.0,1.50e-06
4971,0,46,-12.62,35.0,1.49e-06
4972,1,67,199.56,36.0,1.49e-06
4974,1,57,216.63,37.0,1.49e-06
4975,0,20,7.21,36.0,1.48e-06
4976,0,20,-2.92,35.0,1.48e-06
4977,0,21,-6.55,35.0,1.47e-06
4978,0,21,35.72,34.0,1.47e-06
4979,0,36,37.57,33.0,1.46e-06
4980,0,16,27.11,33.0,1.46e-06
4981,0,15,14.29,33.0,1.46e-06
4982,0,32,-16.66,33.0,1.45e-06
4983,1,43,202.03,33.0,1.45e-06
4984,0,3,-34.47,33.0,1.44e-06
4985,0,18,28.44,32.0,1.44e-06
4986,0,9,-12.13,32.0,1.43e-06
4987,0,15,25.53,31.0,1.43e-06
4990,1,83,207.87,32.0,1.43e-06
4991,1,40,232.68,33.0,1.42e-06
4992,1,75,220.10,34.0,1.42e-06
4993,1,53,229.32,35.0,1.41e-06
4994,0,33,1.89,35.0,1.41e-06
4995,0,51,12.87,35.0,1.41e-06
4996,0,16,14.17,34.0,1.40e-06
4997,1,39,214.48,34.0,1.40e-06
4998,1,26,198.55,34.0,1.39e-06
4999,0,19,-9.60,34.0,1.39e-06
5000,1,34,239.16,34.0,1.39e-06
