update,steps,train_mean_reward,train_loss,train_success_rate,eval_mean_reward,eval_success_rate
1,1024,-0.29268455505371094,398.8281192779541,0.0,,
2,2048,-0.07823802530765533,409.3366222381592,0.0,,
3,3072,-0.37957096099853516,320.3717613220215,0.0,,
4,4096,-0.31619441509246826,428.157808303833,0.0,,
5,5120,-0.18311794102191925,303.237455368042,0.0,,
6,6144,0.15927568078041077,321.5409736633301,0.0,,
7,7168,0.0040288046002388,394.63825607299805,0.0,,
8,8192,-0.08182790875434875,355.36253547668457,0.0,,
9,9216,-0.07371978461742401,375.9727153778076,0.0,,
10,10240,-0.09332580864429474,404.5145034790039,0.0,28.03537785252749,0.2
11,11264,0.020537272095680237,390.44800186157227,0.0,28.03537785252749,0.2
12,12288,-0.2658655643463135,458.8953170776367,0.0,28.03537785252749,0.2
13,13312,-0.19549895823001862,351.33167839050293,0.0,28.03537785252749,0.2
14,14336,0.026221834123134613,559.8117733001709,0.0,28.03537785252749,0.2
15,15360,-0.8096616864204407,523.8396377563477,0.0,28.03537785252749,0.2
16,16384,-0.12248905748128891,389.5123634338379,0.0,28.03537785252749,0.2
17,17408,0.09123629331588745,557.6414813995361,1.0,28.03537785252749,0.2
18,18432,-0.3499990403652191,708.3411750793457,1.0,28.03537785252749,0.2
19,19456,0.16374145448207855,337.1845703125,1.0,28.03537785252749,0.2
20,20480,-0.3503727614879608,423.05151557922363,1.0,0.7305569792483411,0.0
21,21504,0.18783247470855713,611.7397403717041,1.0,0.7305569792483411,0.0
22,22528,-0.1640220284461975,360.36405181884766,1.0,0.7305569792483411,0.0
23,23552,-0.05806738883256912,303.9846258163452,1.0,0.7305569792483411,0.0
24,24576,0.04476155340671539,307.37379264831543,1.0,0.7305569792483411,0.0
25,25600,-0.02304816246032715,231.89046478271484,1.0,0.7305569792483411,0.0
26,26624,0.0961504653096199,272.83613300323486,1.0,0.7305569792483411,0.0
27,27648,-0.09773588180541992,184.32545948028564,1.0,0.7305569792483411,0.0
28,28672,-0.07314250618219376,254.3013620376587,1.0,0.7305569792483411,0.0
29,29696,0.12810607254505157,216.15188026428223,1.0,0.7305569792483411,0.0
30,30720,-0.0020781606435775757,171.57951545715332,1.0,107.36929353242917,0.8
31,31744,-0.011107119731605053,216.0815086364746,1.0,107.36929353242917,0.8
32,32768,-0.12836121022701263,177.1111831665039,1.0,107.36929353242917,0.8
33,33792,0.13680365681648254,229.17881202697754,1.0,107.36929353242917,0.8
34,34816,0.19354620575904846,228.5781650543213,1.0,107.36929353242917,0.8
35,35840,0.08744271844625473,199.55355167388916,1.0,107.36929353242917,0.8
36,36864,0.2726609706878662,173.3878984451294,1.0,107.36929353242917,0.8
37,37888,0.5907517671585083,1065.4898986816406,1.0,107.36929353242917,0.8
38,38912,0.1423490196466446,378.32336139678955,1.0,107.36929353242917,0.8
39,39936,0.320629358291626,326.5360689163208,1.0,107.36929353242917,0.8
40,40960,0.22512894868850708,403.65924549102783,1.0,97.77968899722438,0.5
41,41984,0.030884601175785065,192.44272136688232,1.0,97.77968899722438,0.5
42,43008,0.1957707703113556,233.66068935394287,1.0,97.77968899722438,0.5
43,44032,0.5036201477050781,255.79738330841064,1.0,97.77968899722438,0.5
44,45056,0.22278007864952087,410.9887409210205,1.0,97.77968899722438,0.5
45,46080,0.20370736718177795,253.2395429611206,1.0,97.77968899722438,0.5
46,47104,-0.046494260430336,153.87949562072754,1.0,97.77968899722438,0.5
47,48128,0.1535906195640564,167.19744110107422,1.0,97.77968899722438,0.5
48,49152,0.3793955147266388,425.6353073120117,1.0,97.77968899722438,0.5
49,50176,0.17358416318893433,195.0847978591919,1.0,28.393122735533705,0.3
50,51200,0.28811371326446533,194.27727699279785,1.0,28.393122735533705,0.3
51,52224,0.15165401995182037,132.52935695648193,1.0,28.393122735533705,0.3
52,53248,0.3883768916130066,117.65909957885742,1.0,28.393122735533705,0.3
53,54272,0.4265092611312866,197.6133279800415,1.0,28.393122735533705,0.3
54,55296,0.39638879895210266,354.46218395233154,1.0,28.393122735533705,0.3
55,56320,0.27043572068214417,128.89421844482422,1.0,28.393122735533705,0.3
56,57344,0.2578524649143219,229.78924655914307,1.0,28.393122735533705,0.3
57,58368,0.48080265522003174,525.1261940002441,1.0,28.393122735533705,0.3
58,59392,0.6036718487739563,316.10412311553955,1.0,28.393122735533705,0.3
59,60416,0.5091323852539062,270.3383550643921,1.0,248.77506861446605,0.2
60,61440,-0.018875358626246452,291.13690757751465,1.0,248.77506861446605,0.2
61,62464,0.04296048358082771,274.8264579772949,1.0,248.77506861446605,0.2
62,63488,0.5836490392684937,167.8865041732788,1.0,248.77506861446605,0.2
63,64512,0.7316281795501709,269.67278385162354,1.0,248.77506861446605,0.2
64,65536,0.4121668338775635,249.6222381591797,1.0,248.77506861446605,0.2
65,66560,0.46697497367858887,169.8825855255127,1.0,248.77506861446605,0.2
66,67584,0.5129456520080566,216.26616382598877,1.0,248.77506861446605,0.2
67,68608,0.4446175694465637,168.4476056098938,1.0,248.77506861446605,0.2
68,69632,0.05750804394483566,299.3103790283203,1.0,248.77506861446605,0.2
69,70656,0.3860926032066345,265.6917552947998,1.0,182.40151847070655,0.0
70,71680,1.0858948230743408,322.24523067474365,1.0,182.40151847070655,0.0
71,72704,0.657052218914032,264.21207332611084,1.0,182.40151847070655,0.0
72,73728,0.34189915657043457,132.38249588012695,1.0,182.40151847070655,0.0
73,74752,0.23852288722991943,440.8724308013916,1.0,182.40151847070655,0.0
74,75776,0.1952991485595703,254.38228034973145,1.0,182.40151847070655,0.0
75,76800,0.7503312826156616,123.78578472137451,1.0,182.40151847070655,0.0
76,77824,0.3511787950992584,249.42643451690674,1.0,182.40151847070655,0.0
77,78848,0.6743258237838745,208.8364667892456,1.0,182.40151847070655,0.0
78,79872,0.41864919662475586,585.7197704315186,1.0,182.40151847070655,0.0
79,80896,0.26117900013923645,271.6037788391113,1.0,213.0897250780803,0.0
80,81920,0.7907356023788452,489.77645683288574,1.0,213.0897250780803,0.0
81,82944,0.43137478828430176,307.30780601501465,1.0,213.0897250780803,0.0
82,83968,0.5673502087593079,328.53185653686523,1.0,213.0897250780803,0.0
83,84992,0.7435598373413086,232.3396816253662,1.0,213.0897250780803,0.0
84,86016,0.23528967797756195,269.37116622924805,1.0,213.0897250780803,0.0
85,87040,0.22502461075782776,662.3921279907227,1.0,213.0897250780803,0.0
86,88064,0.33294981718063354,661.0174598693848,1.0,213.0897250780803,0.0
87,89088,0.4831274151802063,274.6987762451172,1.0,213.0897250780803,0.0
88,90112,0.6659218072891235,129.69222497940063,1.0,290.70452160856405,0.1
89,91136,0.3654921352863312,782.3730926513672,1.0,290.70452160856405,0.1
90,92160,0.67047518491745,700.4968357086182,1.0,290.70452160856405,0.1
91,93184,0.6409622430801392,165.57755851745605,1.0,290.70452160856405,0.1
92,94208,0.8805941939353943,271.3671169281006,1.0,290.70452160856405,0.1
93,95232,0.17494091391563416,842.7810668945312,1.0,290.70452160856405,0.1
94,96256,0.819818377494812,172.47716903686523,1.0,290.70452160856405,0.1
95,97280,0.19314169883728027,588.6903324127197,1.0,290.70452160856405,0.1
96,98304,0.34348559379577637,211.7601718902588,1.0,290.70452160856405,0.1
97,99328,0.4464428424835205,234.60666751861572,1.0,290.70452160856405,0.1
98,100352,0.5744192004203796,264.6700954437256,1.0,397.29807812369506,0.2
99,101376,0.7917901873588562,432.0689754486084,1.0,397.29807812369506,0.2
100,102400,0.5383166670799255,213.05265140533447,1.0,397.29807812369506,0.2
101,103424,0.9534131288528442,352.72140407562256,1.0,397.29807812369506,0.2
102,104448,0.7005987763404846,260.46705055236816,1.0,397.29807812369506,0.2
103,105472,0.589653730392456,484.4947319030762,1.0,397.29807812369506,0.2
104,106496,0.2509956955909729,403.1737747192383,1.0,397.29807812369506,0.2
105,107520,0.5389626622200012,425.89943504333496,1.0,397.29807812369506,0.2
106,108544,0.7435256242752075,282.1602506637573,1.0,397.29807812369506,0.2
107,109568,0.9082546830177307,550.8841571807861,1.0,397.29807812369506,0.2
108,110592,0.23531237244606018,436.5927104949951,1.0,215.58242513326076,0.0
109,111616,0.6094310283660889,478.0512886047363,1.0,215.58242513326076,0.0
110,112640,0.04788871482014656,333.41457748413086,1.0,215.58242513326076,0.0
111,113664,0.4630447328090668,460.61045265197754,1.0,215.58242513326076,0.0
112,114688,0.5385948419570923,512.9777240753174,1.0,215.58242513326076,0.0
113,115712,0.5404499769210815,345.65760040283203,1.0,215.58242513326076,0.0
114,116736,0.7358551621437073,475.4588088989258,1.0,215.58242513326076,0.0
115,117760,0.8518339991569519,188.14015769958496,1.0,215.58242513326076,0.0
116,118784,0.7734445333480835,487.1980743408203,1.0,215.58242513326076,0.0
117,119808,0.9726894497871399,207.68089962005615,1.0,215.58242513326076,0.0
118,120832,0.32757803797721863,318.57335662841797,1.0,194.1657722178548,0.2
119,121856,1.0340003967285156,483.5700340270996,1.0,194.1657722178548,0.2
120,122880,0.6202328205108643,318.8388137817383,1.0,194.1657722178548,0.2
121,123904,0.690801739692688,557.7370223999023,1.0,194.1657722178548,0.2
122,124928,0.5111463069915771,404.47204971313477,1.0,194.1657722178548,0.2
123,125952,0.8660326600074768,184.78427028656006,1.0,194.1657722178548,0.2
124,126976,0.5589985847473145,684.2748146057129,1.0,194.1657722178548,0.2
125,128000,0.803617000579834,165.96356391906738,1.0,194.1657722178548,0.2
126,129024,0.450131356716156,386.8484687805176,1.0,194.1657722178548,0.2
127,130048,0.8935730457305908,215.97681331634521,1.0,289.7813524362984,0.1
128,131072,0.6368381977081299,132.92365217208862,1.0,289.7813524362984,0.1
129,132096,0.8530559539794922,391.08302211761475,1.0,289.7813524362984,0.1
130,133120,0.7232995629310608,236.78527736663818,1.0,289.7813524362984,0.1
131,134144,0.548149585723877,442.7263774871826,1.0,289.7813524362984,0.1
132,135168,0.6996639370918274,163.87270259857178,1.0,289.7813524362984,0.1
133,136192,0.6182342171669006,289.1862087249756,1.0,289.7813524362984,0.1
134,137216,0.03140587359666824,310.4261541366577,1.0,289.7813524362984,0.1
135,138240,1.0464675426483154,201.68592834472656,1.0,289.7813524362984,0.1
136,139264,0.5286387205123901,440.818058013916,1.0,289.7813524362984,0.1
137,140288,0.7443479299545288,177.45743083953857,1.0,495.04729423283834,0.0
138,141312,0.8354089260101318,409.83463859558105,1.0,495.04729423283834,0.0
139,142336,0.9747138619422913,210.4279670715332,1.0,495.04729423283834,0.0
140,143360,0.45132550597190857,223.74986171722412,1.0,495.04729423283834,0.0
141,144384,0.4717842936515808,163.14213180541992,1.0,495.04729423283834,0.0
142,145408,0.4317610561847687,224.06275177001953,1.0,495.04729423283834,0.0
143,146432,0.760116696357727,231.2730884552002,1.0,495.04729423283834,0.0
144,147456,0.7596672773361206,473.215295791626,1.0,495.04729423283834,0.0
145,148480,0.977023720741272,363.9581022262573,1.0,495.04729423283834,0.0
146,149504,0.6814827919006348,183.44339752197266,1.0,495.04729423283834,0.0
147,150528,0.48424994945526123,451.5057010650635,1.0,280.2527395876808,0.1
148,151552,0.5241815447807312,261.06038761138916,1.0,280.2527395876808,0.1
149,152576,0.7275484800338745,250.31156826019287,1.0,280.2527395876808,0.1
150,153600,0.6870768070220947,411.9035053253174,1.0,280.2527395876808,0.1
151,154624,0.5841919779777527,438.4540672302246,1.0,280.2527395876808,0.1
152,155648,0.5385292768478394,413.1957149505615,1.0,280.2527395876808,0.1
153,156672,0.8676810264587402,230.68030452728271,1.0,280.2527395876808,0.1
154,157696,0.8128882646560669,315.5344581604004,1.0,280.2527395876808,0.1
155,158720,1.134714126586914,140.83190488815308,1.0,280.2527395876808,0.1
156,159744,0.6043522953987122,130.77228355407715,1.0,280.2527395876808,0.1
157,160768,1.0113837718963623,324.03781604766846,1.0,389.6865758310911,0.0
158,161792,0.9465486407279968,292.48564052581787,1.0,389.6865758310911,0.0
159,162816,0.580233097076416,426.7648448944092,1.0,389.6865758310911,0.0
160,163840,0.33700433373451233,469.87866592407227,1.0,389.6865758310911,0.0
161,164864,0.9638991355895996,152.1510033607483,1.0,389.6865758310911,0.0
162,165888,0.37539103627204895,537.0880470275879,1.0,389.6865758310911,0.0
163,166912,0.8264574408531189,219.11205005645752,1.0,389.6865758310911,0.0
164,167936,0.583893895149231,359.4199733734131,1.0,389.6865758310911,0.0
165,168960,0.5617086887359619,569.756591796875,1.0,389.6865758310911,0.0
166,169984,0.5002700090408325,369.3991012573242,1.0,389.6865758310911,0.0
167,171008,0.6290725469589233,319.0208625793457,1.0,422.1869686857166,0.0
168,172032,0.4189457893371582,246.05031299591064,1.0,422.1869686857166,0.0
169,173056,0.7492637634277344,230.38918781280518,1.0,422.1869686857166,0.0
170,174080,0.7817888259887695,492.4235725402832,1.0,422.1869686857166,0.0
171,175104,1.0318541526794434,220.66509819030762,1.0,422.1869686857166,0.0
172,176128,0.9812301993370056,197.7751588821411,1.0,422.1869686857166,0.0
173,177152,0.7320578098297119,385.58928298950195,1.0,422.1869686857166,0.0
174,178176,0.5626906156539917,581.5060920715332,1.0,422.1869686857166,0.0
175,179200,0.9727395176887512,129.0808229446411,1.0,422.1869686857166,0.0
176,180224,0.6138906478881836,366.1007442474365,1.0,355.5120467982881,0.2
177,181248,0.8707059621810913,213.70356369018555,1.0,355.5120467982881,0.2
178,182272,0.9251817464828491,336.6377124786377,1.0,355.5120467982881,0.2
179,183296,0.5384461283683777,249.37983322143555,1.0,355.5120467982881,0.2
180,184320,0.8422002792358398,213.06423950195312,1.0,355.5120467982881,0.2
181,185344,0.8854465484619141,275.223256111145,1.0,355.5120467982881,0.2
182,186368,0.7221872806549072,293.43611907958984,1.0,355.5120467982881,0.2
183,187392,0.9427160024642944,135.1182417869568,1.0,355.5120467982881,0.2
184,188416,1.0672352313995361,130.8810977935791,1.0,355.5120467982881,0.2
185,189440,0.6478930711746216,204.065092086792,1.0,355.5120467982881,0.2
186,190464,0.9045637249946594,157.62042570114136,1.0,509.8489790017728,0.0
187,191488,0.7492963671684265,350.57860565185547,1.0,509.8489790017728,0.0
188,192512,0.9712405204772949,71.08628368377686,1.0,509.8489790017728,0.0
189,193536,0.836513102054596,221.02466678619385,1.0,509.8489790017728,0.0
190,194560,0.7986252307891846,290.3423204421997,1.0,509.8489790017728,0.0
191,195584,0.5828348398208618,186.77343654632568,1.0,509.8489790017728,0.0
192,196608,0.44839540123939514,203.3158769607544,1.0,509.8489790017728,0.0
193,197632,1.1318995952606201,215.69776344299316,1.0,509.8489790017728,0.0
194,198656,0.5320725440979004,463.6836357116699,1.0,509.8489790017728,0.0
195,199680,1.0514349937438965,125.5919041633606,1.0,509.8489790017728,0.0
196,200704,0.9127313494682312,210.17784690856934,1.0,270.0986595679982,0.1
197,201728,0.8079043626785278,891.4764251708984,1.0,270.0986595679982,0.1
198,202752,0.985862135887146,119.73218154907227,1.0,270.0986595679982,0.1
199,203776,0.6865678429603577,510.77525806427,1.0,270.0986595679982,0.1
200,204800,0.757753849029541,211.0110902786255,1.0,270.0986595679982,0.1
201,205824,0.7519761919975281,430.0554847717285,1.0,270.0986595679982,0.1
202,206848,0.7058776617050171,239.7909173965454,1.0,270.0986595679982,0.1
203,207872,0.5520963072776794,644.5588359832764,1.0,270.0986595679982,0.1
204,208896,0.7505725622177124,312.9345064163208,1.0,270.0986595679982,0.1
205,209920,1.0838603973388672,212.45323085784912,1.0,270.0986595679982,0.1
206,210944,0.8301458358764648,259.6140832901001,1.0,208.6047277679176,0.0
207,211968,0.8975015878677368,542.2429218292236,1.0,208.6047277679176,0.0
208,212992,0.8006973266601562,216.6069622039795,1.0,208.6047277679176,0.0
209,214016,1.0907379388809204,206.01963901519775,1.0,208.6047277679176,0.0
210,215040,0.8688589334487915,592.6664619445801,1.0,208.6047277679176,0.0
211,216064,0.6442710161209106,355.5000648498535,1.0,208.6047277679176,0.0
212,217088,0.6094977855682373,392.78614711761475,1.0,208.6047277679176,0.0
213,218112,0.6265351176261902,665.3410110473633,1.0,208.6047277679176,0.0
214,219136,0.5363407135009766,454.23354148864746,1.0,208.6047277679176,0.0
215,220160,0.7021812200546265,234.12340545654297,1.0,525.1815694758046,0.0
216,221184,0.7622475624084473,142.86938762664795,1.0,525.1815694758046,0.0
217,222208,0.9748231172561646,172.6246337890625,1.0,525.1815694758046,0.0
218,223232,0.7222439646720886,179.22094631195068,1.0,525.1815694758046,0.0
219,224256,1.0249615907669067,223.06194972991943,1.0,525.1815694758046,0.0
220,225280,0.9471715688705444,99.97669839859009,1.0,525.1815694758046,0.0
221,226304,0.7079833745956421,796.4786319732666,1.0,525.1815694758046,0.0
222,227328,0.6947270631790161,359.93976974487305,1.0,525.1815694758046,0.0
223,228352,0.6123945713043213,424.27707290649414,1.0,525.1815694758046,0.0
224,229376,0.5462939143180847,596.9311294555664,1.0,525.1815694758046,0.0
225,230400,1.1655973196029663,97.42674493789673,1.0,565.3813461841262,0.0
226,231424,0.975666880607605,137.5892777442932,1.0,565.3813461841262,0.0
227,232448,1.0146944522857666,141.17989540100098,1.0,565.3813461841262,0.0
228,233472,0.5001607537269592,461.34546089172363,1.0,565.3813461841262,0.0
229,234496,0.9166703820228577,322.83080673217773,1.0,565.3813461841262,0.0
230,235520,0.9467384815216064,186.4428472518921,1.0,565.3813461841262,0.0
231,236544,1.0434095859527588,89.00121068954468,1.0,565.3813461841262,0.0
232,237568,1.0491559505462646,348.8138723373413,1.0,565.3813461841262,0.0
233,238592,0.5572810173034668,505.7731590270996,1.0,565.3813461841262,0.0
234,239616,0.8025625944137573,362.45312786102295,1.0,565.3813461841262,0.0
235,240640,0.7633975148200989,213.3553352355957,1.0,370.6979589788825,0.0
236,241664,0.4794747531414032,636.0612182617188,1.0,370.6979589788825,0.0
237,242688,0.7530028820037842,388.8897132873535,1.0,370.6979589788825,0.0
238,243712,0.31000468134880066,491.0129699707031,1.0,370.6979589788825,0.0
239,244736,0.680168092250824,361.09686851501465,1.0,370.6979589788825,0.0
240,245760,0.8124440312385559,412.87000465393066,1.0,370.6979589788825,0.0
241,246784,1.0099468231201172,447.53955078125,1.0,370.6979589788825,0.0
242,247808,0.93804532289505,252.92806339263916,1.0,370.6979589788825,0.0
243,248832,0.5088328719139099,465.73841094970703,1.0,370.6979589788825,0.0
244,249856,0.734974205493927,168.23828887939453,1.0,370.6979589788825,0.0
245,250880,0.6961669325828552,282.3003988265991,1.0,571.1658878383407,0.0
246,251904,0.799176812171936,198.1615571975708,1.0,571.1658878383407,0.0
247,252928,1.2069973945617676,147.12872838974,1.0,571.1658878383407,0.0
248,253952,0.30063489079475403,502.75743293762207,1.0,571.1658878383407,0.0
249,254976,0.6612507104873657,234.23910999298096,1.0,571.1658878383407,0.0
250,256000,0.6758908033370972,445.1949825286865,1.0,571.1658878383407,0.0
251,257024,0.7043080925941467,263.3378314971924,1.0,571.1658878383407,0.0
252,258048,0.7821613550186157,1270.8459243774414,1.0,571.1658878383407,0.0
253,259072,0.2464246302843094,850.8396949768066,1.0,571.1658878383407,0.0
254,260096,0.6384730935096741,457.75187492370605,1.0,559.5630558117487,0.0
255,261120,0.8955767750740051,238.0804901123047,1.0,559.5630558117487,0.0
256,262144,0.45183607935905457,443.55480003356934,1.0,559.5630558117487,0.0
257,263168,0.6837904453277588,356.0423765182495,1.0,559.5630558117487,0.0
258,264192,0.6196863055229187,774.9785461425781,1.0,559.5630558117487,0.0
259,265216,1.0330684185028076,196.7775640487671,1.0,559.5630558117487,0.0
260,266240,0.6332757472991943,617.8113269805908,1.0,559.5630558117487,0.0
261,267264,0.5630067586898804,573.637372970581,1.0,559.5630558117487,0.0
262,268288,1.161513090133667,271.2423324584961,1.0,559.5630558117487,0.0
263,269312,1.2474803924560547,222.71393489837646,1.0,559.5630558117487,0.0
264,270336,1.1333285570144653,106.2032699584961,1.0,542.9324903858871,0.1
265,271360,0.9657911062240601,374.05161476135254,1.0,542.9324903858871,0.1
266,272384,0.8675344586372375,307.19514179229736,1.0,542.9324903858871,0.1
267,273408,0.7518444061279297,234.2602710723877,1.0,542.9324903858871,0.1
268,274432,0.9692009687423706,310.28601121902466,1.0,542.9324903858871,0.1
269,275456,0.33489248156547546,453.3741340637207,1.0,542.9324903858871,0.1
270,276480,0.2868066430091858,428.22813415527344,1.0,542.9324903858871,0.1
271,277504,0.7189418077468872,139.29608917236328,1.0,542.9324903858871,0.1
272,278528,0.6877684593200684,431.064489364624,1.0,542.9324903858871,0.1
273,279552,0.4128212332725525,692.3128242492676,1.0,542.9324903858871,0.1
274,280576,0.9106912016868591,299.4773635864258,1.0,257.4776565225451,0.3
275,281600,0.45549023151397705,287.5111036300659,1.0,257.4776565225451,0.3
276,282624,0.8707625865936279,158.1506781578064,1.0,257.4776565225451,0.3
277,283648,0.8889647722244263,155.89393520355225,1.0,257.4776565225451,0.3
278,284672,0.6439968943595886,200.96417140960693,1.0,257.4776565225451,0.3
279,285696,0.7772570848464966,66.05552697181702,1.0,257.4776565225451,0.3
280,286720,0.9317061901092529,199.04323530197144,1.0,257.4776565225451,0.3
281,287744,0.5627695322036743,334.2079019546509,1.0,257.4776565225451,0.3
282,288768,0.7346031665802002,292.71828269958496,1.0,257.4776565225451,0.3
283,289792,1.138452172279358,165.13711643218994,1.0,257.4776565225451,0.3
284,290816,1.2470749616622925,160.46786975860596,1.0,502.2996964672217,0.2
285,291840,0.8531124591827393,233.1460828781128,1.0,502.2996964672217,0.2
286,292864,0.7891929149627686,241.61017990112305,1.0,502.2996964672217,0.2
287,293888,0.5500107407569885,193.47069549560547,1.0,502.2996964672217,0.2
288,294912,0.6953740119934082,280.36631202697754,1.0,502.2996964672217,0.2
289,295936,0.7637015581130981,120.15864419937134,1.0,502.2996964672217,0.2
290,296960,1.0260882377624512,232.45895671844482,1.0,502.2996964672217,0.2
291,297984,1.1804466247558594,151.00791883468628,1.0,502.2996964672217,0.2
292,299008,1.0612356662750244,150.47766160964966,1.0,502.2996964672217,0.2
293,300032,0.8131791353225708,127.51377487182617,1.0,414.83891592859555,0.1
294,301056,0.8587195873260498,384.3274450302124,1.0,414.83891592859555,0.1
295,302080,0.8769275546073914,173.7250280380249,1.0,414.83891592859555,0.1
296,303104,0.6364524364471436,194.54850101470947,1.0,414.83891592859555,0.1
297,304128,0.852890133857727,133.23693370819092,1.0,414.83891592859555,0.1
298,305152,0.658319890499115,436.70758628845215,1.0,414.83891592859555,0.1
299,306176,0.7494198679924011,229.65826797485352,1.0,414.83891592859555,0.1
300,307200,0.8844866156578064,193.66192626953125,1.0,414.83891592859555,0.1
301,308224,0.7441927790641785,124.60094928741455,1.0,414.83891592859555,0.1
302,309248,0.6678621768951416,203.4958724975586,1.0,414.83891592859555,0.1
303,310272,0.8441591262817383,196.38072681427002,1.0,252.64437307848183,0.2
304,311296,0.61176598072052,112.88582849502563,1.0,252.64437307848183,0.2
305,312320,0.6431111097335815,174.90431880950928,1.0,252.64437307848183,0.2
306,313344,0.8954669237136841,167.37474632263184,1.0,252.64437307848183,0.2
307,314368,1.1674907207489014,82.8918981552124,1.0,252.64437307848183,0.2
308,315392,1.0288059711456299,256.716703414917,1.0,252.64437307848183,0.2
309,316416,0.5430483222007751,209.12558937072754,1.0,252.64437307848183,0.2
310,317440,0.8473678827285767,190.57996368408203,1.0,252.64437307848183,0.2
311,318464,0.8753746747970581,258.3819942474365,1.0,252.64437307848183,0.2
312,319488,1.0223240852355957,187.180006980896,1.0,252.64437307848183,0.2
313,320512,0.6388770341873169,457.66734886169434,1.0,329.26913343447694,0.1
314,321536,0.9850502014160156,255.11879348754883,1.0,329.26913343447694,0.1
315,322560,0.7273201942443848,178.2049379348755,1.0,329.26913343447694,0.1
316,323584,0.4526389241218567,169.7651491165161,1.0,329.26913343447694,0.1
317,324608,0.8134546875953674,183.37985944747925,1.0,329.26913343447694,0.1
318,325632,0.939571738243103,144.27176904678345,1.0,329.26913343447694,0.1
319,326656,0.7454813718795776,96.10571813583374,1.0,329.26913343447694,0.1
320,327680,0.5682815313339233,215.89567947387695,1.0,329.26913343447694,0.1
321,328704,0.9273775815963745,136.46141290664673,1.0,329.26913343447694,0.1
322,329728,0.8919547200202942,82.933673620224,1.0,329.26913343447694,0.1
323,330752,1.006852149963379,202.83423614501953,1.0,413.89764206843813,0.0
324,331776,1.239452838897705,169.4399447441101,1.0,413.89764206843813,0.0
325,332800,0.8730621933937073,127.51279258728027,1.0,413.89764206843813,0.0
326,333824,0.814854621887207,149.56204319000244,1.0,413.89764206843813,0.0
327,334848,0.8804718255996704,164.46030807495117,1.0,413.89764206843813,0.0
328,335872,0.8473507165908813,135.07196855545044,1.0,413.89764206843813,0.0
329,336896,0.8030892014503479,194.82215785980225,1.0,413.89764206843813,0.0
330,337920,0.7258312702178955,107.66609334945679,1.0,413.89764206843813,0.0
331,338944,0.7666234970092773,174.6834135055542,1.0,413.89764206843813,0.0
332,339968,1.019123911857605,74.2806510925293,1.0,413.89764206843813,0.0
333,340992,1.0241084098815918,121.40533828735352,1.0,451.2218508794749,0.1
334,342016,1.1226991415023804,83.18685913085938,1.0,451.2218508794749,0.1
335,343040,1.1045074462890625,113.42864751815796,1.0,451.2218508794749,0.1
336,344064,0.9061102271080017,190.41040992736816,1.0,451.2218508794749,0.1
337,345088,0.8887834548950195,123.31051778793335,1.0,451.2218508794749,0.1
338,346112,1.1763951778411865,101.37168884277344,1.0,451.2218508794749,0.1
339,347136,1.0945647954940796,110.93561315536499,1.0,451.2218508794749,0.1
340,348160,1.0874972343444824,91.49390077590942,1.0,451.2218508794749,0.1
341,349184,0.9978035688400269,100.12811946868896,1.0,451.2218508794749,0.1
342,350208,0.7936288118362427,180.32207202911377,1.0,157.11524631585056,0.3
343,351232,1.1712970733642578,119.81915521621704,1.0,157.11524631585056,0.3
344,352256,1.042961835861206,67.13401794433594,1.0,157.11524631585056,0.3
345,353280,0.5636204481124878,212.980073928833,1.0,157.11524631585056,0.3
346,354304,0.6971018314361572,129.5854253768921,1.0,157.11524631585056,0.3
347,355328,1.083531141281128,69.96475052833557,1.0,157.11524631585056,0.3
348,356352,1.1890840530395508,90.5523328781128,1.0,157.11524631585056,0.3
349,357376,0.6245177984237671,177.34674739837646,1.0,157.11524631585056,0.3
350,358400,0.9913036227226257,112.59784841537476,1.0,157.11524631585056,0.3
351,359424,1.0010298490524292,104.23925828933716,1.0,157.11524631585056,0.3
352,360448,1.024517297744751,98.201162815094,1.0,476.4697072614341,0.0
353,361472,1.0030930042266846,156.07263135910034,1.0,476.4697072614341,0.0
354,362496,0.9151516556739807,108.85272121429443,1.0,476.4697072614341,0.0
355,363520,1.0305755138397217,117.69765377044678,1.0,476.4697072614341,0.0
356,364544,1.0237834453582764,104.45283365249634,1.0,476.4697072614341,0.0
357,365568,0.9957937002182007,82.42447471618652,1.0,476.4697072614341,0.0
358,366592,1.0203261375427246,89.46284055709839,1.0,476.4697072614341,0.0
359,367616,0.7886459827423096,151.80990600585938,1.0,476.4697072614341,0.0
360,368640,0.8973842859268188,153.72881746292114,1.0,476.4697072614341,0.0
361,369664,0.7662835121154785,99.77617073059082,1.0,476.4697072614341,0.0
362,370688,0.886426568031311,138.28260898590088,1.0,567.3310880874617,0.1
363,371712,1.2403254508972168,96.11513614654541,1.0,567.3310880874617,0.1
364,372736,0.8346377015113831,152.02446126937866,1.0,567.3310880874617,0.1
365,373760,1.0206643342971802,126.55419111251831,1.0,567.3310880874617,0.1
366,374784,0.983336329460144,127.6848464012146,1.0,567.3310880874617,0.1
367,375808,1.010307788848877,94.98569393157959,1.0,567.3310880874617,0.1
368,376832,1.134932279586792,90.0684232711792,1.0,567.3310880874617,0.1
369,377856,0.9818787574768066,94.44418716430664,1.0,567.3310880874617,0.1
370,378880,0.5600234270095825,226.18906116485596,1.0,567.3310880874617,0.1
371,379904,1.005051851272583,83.65850353240967,1.0,567.3310880874617,0.1
372,380928,0.9934346675872803,56.833083391189575,1.0,431.3897100186443,0.1
373,381952,1.0732502937316895,144.57406997680664,1.0,431.3897100186443,0.1
374,382976,0.6344391703605652,323.61119270324707,1.0,431.3897100186443,0.1
375,384000,0.9997681975364685,111.22620677947998,1.0,431.3897100186443,0.1
376,385024,1.0115984678268433,96.56089067459106,1.0,431.3897100186443,0.1
377,386048,1.11056387424469,110.20357990264893,1.0,431.3897100186443,0.1
378,387072,1.153886318206787,88.42914009094238,1.0,431.3897100186443,0.1
379,388096,0.6663055419921875,182.1494541168213,1.0,431.3897100186443,0.1
380,389120,1.1894443035125732,87.15556716918945,1.0,431.3897100186443,0.1
381,390144,1.1187458038330078,55.94521498680115,1.0,749.3212959807413,0.0
382,391168,0.9481679201126099,171.37283420562744,1.0,749.3212959807413,0.0
383,392192,1.252954363822937,113.88802194595337,1.0,749.3212959807413,0.0
384,393216,1.0530281066894531,138.98398637771606,1.0,749.3212959807413,0.0
385,394240,1.222672939300537,39.42676317691803,1.0,749.3212959807413,0.0
386,395264,0.9434791207313538,111.84567880630493,1.0,749.3212959807413,0.0
387,396288,1.028842806816101,70.72560119628906,1.0,749.3212959807413,0.0
388,397312,1.2208373546600342,47.802903175354004,1.0,749.3212959807413,0.0
389,398336,1.026418924331665,97.17618036270142,1.0,749.3212959807413,0.0
390,399360,1.0974713563919067,131.24793243408203,1.0,749.3212959807413,0.0
391,400384,1.3434332609176636,118.26190328598022,1.0,462.1088105243355,0.1
392,401408,1.0440771579742432,54.58944630622864,1.0,462.1088105243355,0.1
393,402432,1.0545910596847534,45.447547912597656,1.0,462.1088105243355,0.1
394,403456,0.8568363785743713,115.52781629562378,1.0,462.1088105243355,0.1
395,404480,1.1030513048171997,129.7037811279297,1.0,462.1088105243355,0.1
396,405504,0.9547659158706665,100.68718338012695,1.0,462.1088105243355,0.1
397,406528,1.210090160369873,74.11347365379333,1.0,462.1088105243355,0.1
398,407552,0.9650912284851074,113.8940782546997,1.0,462.1088105243355,0.1
399,408576,0.9801366329193115,173.7080659866333,1.0,462.1088105243355,0.1
400,409600,1.203145980834961,63.87574744224548,1.0,462.1088105243355,0.1
401,410624,0.8962750434875488,99.89498519897461,1.0,607.6585272007825,0.2
402,411648,1.1234536170959473,86.47540855407715,1.0,607.6585272007825,0.2
403,412672,1.1384296417236328,87.31611800193787,1.0,607.6585272007825,0.2
404,413696,1.1671512126922607,51.772985219955444,1.0,607.6585272007825,0.2
405,414720,1.3827025890350342,59.0369758605957,1.0,607.6585272007825,0.2
406,415744,1.0381553173065186,70.51971578598022,1.0,607.6585272007825,0.2
407,416768,1.1725733280181885,37.81986713409424,1.0,607.6585272007825,0.2
408,417792,1.0728700160980225,44.560309171676636,1.0,607.6585272007825,0.2
409,418816,1.1326411962509155,55.52343273162842,1.0,607.6585272007825,0.2
410,419840,1.2281699180603027,83.86093664169312,1.0,607.6585272007825,0.2
411,420864,1.1926995515823364,40.543842792510986,1.0,756.9404326882475,0.1
412,421888,1.0502312183380127,100.07443952560425,1.0,756.9404326882475,0.1
413,422912,1.027850866317749,76.60858964920044,1.0,756.9404326882475,0.1
414,423936,1.0948137044906616,65.37302303314209,1.0,756.9404326882475,0.1
415,424960,1.2895649671554565,75.78376388549805,1.0,756.9404326882475,0.1
416,425984,1.0419950485229492,84.47397947311401,1.0,756.9404326882475,0.1
417,427008,1.1882209777832031,38.327449679374695,1.0,756.9404326882475,0.1
418,428032,0.8117800951004028,296.4514961242676,1.0,756.9404326882475,0.1
419,429056,0.8360622525215149,208.05082321166992,1.0,756.9404326882475,0.1
420,430080,1.1841692924499512,74.84935665130615,1.0,771.9923142413639,0.0
421,431104,0.7287856340408325,235.71772289276123,1.0,771.9923142413639,0.0
422,432128,0.9924308657646179,132.754412651062,1.0,771.9923142413639,0.0
423,433152,1.2971134185791016,104.13458728790283,1.0,771.9923142413639,0.0
424,434176,1.1261966228485107,44.506314277648926,1.0,771.9923142413639,0.0
425,435200,1.1934540271759033,52.45781946182251,1.0,771.9923142413639,0.0
426,436224,1.12103271484375,71.90661525726318,1.0,771.9923142413639,0.0
427,437248,1.2594112157821655,91.54155278205872,1.0,771.9923142413639,0.0
428,438272,1.2767629623413086,176.27051734924316,1.0,771.9923142413639,0.0
429,439296,1.068887710571289,38.45504152774811,1.0,771.9923142413639,0.0
430,440320,1.2107603549957275,55.037479877471924,1.0,719.4658006073195,0.0
431,441344,1.1036114692687988,68.07844829559326,1.0,719.4658006073195,0.0
432,442368,1.1694977283477783,75.82813715934753,1.0,719.4658006073195,0.0
433,443392,0.8849729299545288,229.1462278366089,1.0,719.4658006073195,0.0
434,444416,1.1247762441635132,69.96943974494934,1.0,719.4658006073195,0.0
435,445440,1.1297179460525513,137.66439867019653,1.0,719.4658006073195,0.0
436,446464,1.183541178703308,109.68328762054443,1.0,719.4658006073195,0.0
437,447488,1.4035955667495728,132.8550124168396,1.0,719.4658006073195,0.0
438,448512,1.2776494026184082,65.81511092185974,1.0,719.4658006073195,0.0
439,449536,1.097639560699463,75.34725332260132,1.0,719.4658006073195,0.0
440,450560,1.0930759906768799,124.2467999458313,1.0,687.419607921058,0.0
441,451584,1.0072901248931885,95.22368907928467,1.0,687.419607921058,0.0
442,452608,1.1714801788330078,129.7111520767212,1.0,687.419607921058,0.0
443,453632,1.1665141582489014,68.52872109413147,1.0,687.419607921058,0.0
444,454656,1.1947989463806152,52.28107237815857,1.0,687.419607921058,0.0
445,455680,0.7544987201690674,458.07689094543457,1.0,687.419607921058,0.0
446,456704,1.0945491790771484,276.36690521240234,1.0,687.419607921058,0.0
447,457728,1.106513261795044,72.2833297252655,1.0,687.419607921058,0.0
448,458752,0.9029760956764221,130.4572672843933,1.0,687.419607921058,0.0
449,459776,0.6794068217277527,249.67494201660156,1.0,687.419607921058,0.0
450,460800,1.0264153480529785,132.86656665802002,1.0,746.4677573635884,0.1
451,461824,0.9531795978546143,172.67676448822021,1.0,746.4677573635884,0.1
452,462848,1.2984747886657715,92.67653274536133,1.0,746.4677573635884,0.1
453,463872,1.1463823318481445,127.65074968338013,1.0,746.4677573635884,0.1
454,464896,1.0061109066009521,76.46493411064148,1.0,746.4677573635884,0.1
455,465920,1.1757357120513916,127.25530815124512,1.0,746.4677573635884,0.1
456,466944,1.30971360206604,111.32303762435913,1.0,746.4677573635884,0.1
457,467968,1.317352056503296,132.01475429534912,1.0,746.4677573635884,0.1
458,468992,1.1121180057525635,102.14229822158813,1.0,746.4677573635884,0.1
459,470016,1.1853828430175781,85.99734902381897,1.0,885.5272521849911,0.0
460,471040,1.2457356452941895,59.111550092697144,1.0,885.5272521849911,0.0
461,472064,1.1726398468017578,65.96281552314758,1.0,885.5272521849911,0.0
462,473088,1.282404899597168,57.97901940345764,1.0,885.5272521849911,0.0
463,474112,1.2425925731658936,72.83315253257751,1.0,885.5272521849911,0.0
464,475136,1.3796814680099487,50.58783292770386,1.0,885.5272521849911,0.0
465,476160,1.2534325122833252,37.77370512485504,1.0,885.5272521849911,0.0
466,477184,1.1373302936553955,60.39540219306946,1.0,885.5272521849911,0.0
467,478208,1.0092573165893555,87.6711277961731,1.0,885.5272521849911,0.0
468,479232,1.2027244567871094,74.97805547714233,1.0,885.5272521849911,0.0
469,480256,1.2837917804718018,37.78164541721344,1.0,870.6457918532951,0.0
470,481280,1.3506617546081543,68.87293601036072,1.0,870.6457918532951,0.0
471,482304,1.3391433954238892,51.89990782737732,1.0,870.6457918532951,0.0
472,483328,1.2913720607757568,60.85323095321655,1.0,870.6457918532951,0.0
473,484352,1.2088733911514282,83.89597129821777,1.0,870.6457918532951,0.0
474,485376,1.1966878175735474,66.20634841918945,1.0,870.6457918532951,0.0
475,486400,1.1272447109222412,75.74183630943298,1.0,870.6457918532951,0.0
476,487424,1.1875972747802734,85.29744958877563,1.0,870.6457918532951,0.0
477,488448,1.239508032798767,61.96318769454956,1.0,870.6457918532951,0.0
478,489472,1.1372586488723755,75.31248235702515,1.0,870.6457918532951,0.0
479,490496,0.8976113200187683,195.6766390800476,1.0,839.9834109736103,0.0
480,491520,1.1625404357910156,70.84722661972046,1.0,839.9834109736103,0.0
481,492544,1.235228180885315,120.83406734466553,1.0,839.9834109736103,0.0
482,493568,1.2368714809417725,50.10379338264465,1.0,839.9834109736103,0.0
483,494592,1.1021623611450195,100.64885473251343,1.0,839.9834109736103,0.0
484,495616,1.1620969772338867,57.67881894111633,1.0,839.9834109736103,0.0
485,496640,1.1959404945373535,45.045464754104614,1.0,839.9834109736103,0.0
486,497664,1.2881255149841309,47.39559030532837,1.0,839.9834109736103,0.0
487,498688,1.148949384689331,70.91807150840759,1.0,839.9834109736103,0.0
488,499712,0.9961692094802856,174.89136219024658,1.0,839.9834109736103,0.0
489,500736,1.2874014377593994,72.95595073699951,1.0,933.423430598531,0.0
490,501760,0.9824014902114868,155.8163800239563,1.0,933.423430598531,0.0
491,502784,1.2712445259094238,37.40041708946228,1.0,933.423430598531,0.0
492,503808,1.3269860744476318,41.17989766597748,1.0,933.423430598531,0.0
493,504832,1.2700449228286743,48.67686462402344,1.0,933.423430598531,0.0
494,505856,1.4477384090423584,50.33071780204773,1.0,933.423430598531,0.0
495,506880,1.3436756134033203,42.78012657165527,1.0,933.423430598531,0.0
496,507904,1.307245135307312,47.683104515075684,1.0,933.423430598531,0.0
497,508928,1.4142985343933105,40.76525139808655,1.0,933.423430598531,0.0
498,509952,1.1779658794403076,76.2415041923523,1.0,933.423430598531,0.0
499,510976,1.1895179748535156,36.30478537082672,1.0,1014.5491624573709,0.0
500,512000,1.2292507886886597,27.83891522884369,1.0,1014.5491624573709,0.0
501,513024,1.2318164110183716,113.48278522491455,1.0,1014.5491624573709,0.0
502,514048,1.1964483261108398,58.96692705154419,1.0,1014.5491624573709,0.0
503,515072,1.1988229751586914,68.10072565078735,1.0,1014.5491624573709,0.0
504,516096,1.215991497039795,51.616069316864014,1.0,1014.5491624573709,0.0
505,517120,1.2272759675979614,40.53769326210022,1.0,1014.5491624573709,0.0
506,518144,1.1862926483154297,60.88818025588989,1.0,1014.5491624573709,0.0
507,519168,1.2808622121810913,88.39782381057739,1.0,1014.5491624573709,0.0
508,520192,1.1423027515411377,51.38147282600403,1.0,1009.647616462776,0.0
509,521216,1.2411561012268066,38.91904091835022,1.0,1009.647616462776,0.0
510,522240,1.206120491027832,31.98047709465027,1.0,1009.647616462776,0.0
511,523264,1.230595350265503,72.60565304756165,1.0,1009.647616462776,0.0
512,524288,1.140130877494812,91.43798017501831,1.0,1009.647616462776,0.0
513,525312,1.2696759700775146,57.73472237586975,1.0,1009.647616462776,0.0
514,526336,1.191773772239685,53.08637547492981,1.0,1009.647616462776,0.0
515,527360,1.2356446981430054,52.75213265419006,1.0,1009.647616462776,0.0
516,528384,1.2375868558883667,117.36331939697266,1.0,1009.647616462776,0.0
517,529408,1.3402053117752075,50.89176940917969,1.0,1009.647616462776,0.0
518,530432,1.2287324666976929,66.54559683799744,1.0,1056.5759536366709,0.0
519,531456,1.3694508075714111,38.60760533809662,1.0,1056.5759536366709,0.0
520,532480,1.1551474332809448,54.150320529937744,1.0,1056.5759536366709,0.0
521,533504,1.2961831092834473,39.62370574474335,1.0,1056.5759536366709,0.0
522,534528,1.2545132637023926,50.423075675964355,1.0,1056.5759536366709,0.0
523,535552,1.1874760389328003,56.81246256828308,1.0,1056.5759536366709,0.0
524,536576,1.3670648336410522,45.52826285362244,1.0,1056.5759536366709,0.0
525,537600,1.3131248950958252,38.85341787338257,1.0,1056.5759536366709,0.0
526,538624,1.446578860282898,57.39505934715271,1.0,1056.5759536366709,0.0
527,539648,1.2474942207336426,63.16832613945007,1.0,1056.5759536366709,0.0
528,540672,1.2919886112213135,44.03614401817322,1.0,1059.923402208445,0.0
529,541696,1.3418457508087158,52.26721787452698,1.0,1059.923402208445,0.0
530,542720,1.2613847255706787,38.00502562522888,1.0,1059.923402208445,0.0
531,543744,1.3003418445587158,36.98256075382233,1.0,1059.923402208445,0.0
532,544768,1.2320737838745117,35.05660152435303,1.0,1059.923402208445,0.0
533,545792,1.4874117374420166,56.20783853530884,1.0,1059.923402208445,0.0
534,546816,1.3002572059631348,53.07830786705017,1.0,1059.923402208445,0.0
535,547840,1.1603760719299316,56.302788972854614,1.0,1059.923402208445,0.0
536,548864,1.2729374170303345,34.14570701122284,1.0,1059.923402208445,0.0
537,549888,1.1767287254333496,55.32068061828613,1.0,1059.923402208445,0.0
538,550912,1.2538779973983765,48.78938293457031,1.0,861.0295436773364,0.0
539,551936,1.3175159692764282,39.41840970516205,1.0,861.0295436773364,0.0
540,552960,1.2555677890777588,21.886773109436035,1.0,861.0295436773364,0.0
541,553984,1.2470591068267822,40.748908042907715,1.0,861.0295436773364,0.0
542,555008,1.3444709777832031,35.83657717704773,1.0,861.0295436773364,0.0
543,556032,1.120744228363037,85.66830897331238,1.0,861.0295436773364,0.0
544,557056,1.162091851234436,78.86545372009277,1.0,861.0295436773364,0.0
545,558080,1.3019118309020996,28.736636877059937,1.0,861.0295436773364,0.0
546,559104,1.1221686601638794,101.00732278823853,1.0,861.0295436773364,0.0
547,560128,1.3870768547058105,80.45995354652405,1.0,956.4934996092603,0.0
548,561152,1.190495252609253,64.06508016586304,1.0,956.4934996092603,0.0
549,562176,1.2556583881378174,66.86945486068726,1.0,956.4934996092603,0.0
550,563200,1.3237173557281494,41.97259330749512,1.0,956.4934996092603,0.0
551,564224,1.2010984420776367,40.804468512535095,1.0,956.4934996092603,0.0
552,565248,1.2635304927825928,58.43116903305054,1.0,956.4934996092603,0.0
553,566272,1.1391724348068237,44.13295578956604,1.0,956.4934996092603,0.0
554,567296,1.2376298904418945,62.005605697631836,1.0,956.4934996092603,0.0
555,568320,1.2079085111618042,39.8916951417923,1.0,956.4934996092603,0.0
556,569344,1.2943944931030273,37.52161180973053,1.0,956.4934996092603,0.0
557,570368,1.314685344696045,46.94269895553589,1.0,963.9895795144614,0.0
558,571392,1.176823377609253,80.91222977638245,1.0,963.9895795144614,0.0
559,572416,1.2173712253570557,33.873207807540894,1.0,963.9895795144614,0.0
560,573440,1.128511905670166,55.12217569351196,1.0,963.9895795144614,0.0
561,574464,1.2719380855560303,25.285467982292175,1.0,963.9895795144614,0.0
562,575488,1.2963308095932007,51.16565465927124,1.0,963.9895795144614,0.0
563,576512,1.3642828464508057,19.082738757133484,1.0,963.9895795144614,0.0
564,577536,1.3012785911560059,31.07163119316101,1.0,963.9895795144614,0.0
565,578560,1.2076168060302734,63.09043335914612,1.0,963.9895795144614,0.0
566,579584,1.1542818546295166,70.10778665542603,1.0,963.9895795144614,0.0
567,580608,1.2450873851776123,40.83001708984375,1.0,980.3559908262368,0.0
568,581632,1.0552175045013428,71.27277636528015,1.0,980.3559908262368,0.0
569,582656,1.3517489433288574,33.79248023033142,1.0,980.3559908262368,0.0
570,583680,1.269688367843628,33.26035225391388,1.0,980.3559908262368,0.0
571,584704,1.3246488571166992,27.24130940437317,1.0,980.3559908262368,0.0
572,585728,1.1564723253250122,82.55367279052734,1.0,980.3559908262368,0.0
573,586752,1.0146366357803345,198.907244682312,1.0,980.3559908262368,0.0
574,587776,1.3007094860076904,72.37418270111084,1.0,980.3559908262368,0.0
575,588800,1.2056986093521118,92.84563064575195,1.0,980.3559908262368,0.0
576,589824,1.1450612545013428,55.216052293777466,1.0,980.3559908262368,0.0
577,590848,1.3053984642028809,37.798869490623474,1.0,983.9299626896549,0.0
578,591872,1.081155776977539,97.09443426132202,1.0,983.9299626896549,0.0
579,592896,1.2481478452682495,41.467727303504944,1.0,983.9299626896549,0.0
580,593920,1.2081317901611328,46.4497035741806,1.0,983.9299626896549,0.0
581,594944,1.3269009590148926,48.94491982460022,1.0,983.9299626896549,0.0
582,595968,0.7518699765205383,147.88448858261108,1.0,983.9299626896549,0.0
583,596992,1.3970258235931396,71.1775119304657,1.0,983.9299626896549,0.0
584,598016,1.240760087966919,70.62998342514038,1.0,983.9299626896549,0.0
585,599040,1.2313023805618286,62.87598752975464,1.0,983.9299626896549,0.0
586,600064,1.423400640487671,24.471301913261414,1.0,916.2655934092261,0.1
587,601088,1.3224468231201172,63.289926052093506,1.0,916.2655934092261,0.1
588,602112,1.2067679166793823,40.08795142173767,1.0,916.2655934092261,0.1
589,603136,1.3707436323165894,37.075469732284546,1.0,916.2655934092261,0.1
590,604160,1.3356521129608154,45.72983932495117,1.0,916.2655934092261,0.1
591,605184,1.2930625677108765,36.591936230659485,1.0,916.2655934092261,0.1
592,606208,1.3068723678588867,36.08080732822418,1.0,916.2655934092261,0.1
593,607232,1.428447961807251,33.3918251991272,1.0,916.2655934092261,0.1
594,608256,1.2315224409103394,42.79310870170593,1.0,916.2655934092261,0.1
595,609280,1.277620792388916,49.945467948913574,1.0,916.2655934092261,0.1
596,610304,1.0535175800323486,69.59278631210327,1.0,937.961734439226,0.1
597,611328,1.2621803283691406,62.16060781478882,1.0,937.961734439226,0.1
598,612352,1.3651677370071411,54.09261679649353,1.0,937.961734439226,0.1
599,613376,1.4487059116363525,46.91744613647461,1.0,937.961734439226,0.1
600,614400,1.3835386037826538,36.89975142478943,1.0,937.961734439226,0.1
601,615424,1.2571945190429688,40.37918317317963,1.0,937.961734439226,0.1
602,616448,1.171297311782837,120.94389390945435,1.0,937.961734439226,0.1
603,617472,1.3436273336410522,54.06539487838745,1.0,937.961734439226,0.1
604,618496,1.168466329574585,84.98222160339355,1.0,937.961734439226,0.1
605,619520,1.4296201467514038,59.3163275718689,1.0,937.961734439226,0.1
606,620544,1.1267926692962646,74.97003364562988,1.0,1030.7105242092634,0.0
607,621568,1.369062900543213,37.25975143909454,1.0,1030.7105242092634,0.0
608,622592,1.3554039001464844,21.64941442012787,1.0,1030.7105242092634,0.0
609,623616,1.139171838760376,94.74128150939941,1.0,1030.7105242092634,0.0
610,624640,1.301908254623413,74.18096804618835,1.0,1030.7105242092634,0.0
611,625664,1.290425419807434,44.02632927894592,1.0,1030.7105242092634,0.0
612,626688,1.283463478088379,24.997653126716614,1.0,1030.7105242092634,0.0
613,627712,1.227643370628357,57.951213359832764,1.0,1030.7105242092634,0.0
614,628736,1.4042515754699707,31.70652425289154,1.0,1030.7105242092634,0.0
615,629760,1.307706594467163,36.4976042509079,1.0,1030.7105242092634,0.0
616,630784,1.241445541381836,33.16896724700928,1.0,895.9735795331759,0.1
617,631808,1.321748971939087,35.62587070465088,1.0,895.9735795331759,0.1
618,632832,1.3335684537887573,30.613932013511658,1.0,895.9735795331759,0.1
619,633856,1.4078930616378784,37.14824020862579,1.0,895.9735795331759,0.1
620,634880,1.6175626516342163,37.13651919364929,1.0,895.9735795331759,0.1
621,635904,1.42225182056427,60.34764218330383,1.0,895.9735795331759,0.1
622,636928,1.2618780136108398,63.91027617454529,1.0,895.9735795331759,0.1
623,637952,1.3213958740234375,47.000975370407104,1.0,895.9735795331759,0.1
624,638976,1.4209760427474976,38.591137528419495,1.0,895.9735795331759,0.1
625,640000,1.331591010093689,34.60728442668915,1.0,933.4349574764899,0.1
626,641024,1.1643626689910889,48.24410057067871,1.0,933.4349574764899,0.1
627,642048,1.222124457359314,66.91798758506775,1.0,933.4349574764899,0.1
628,643072,1.187645435333252,64.83196091651917,1.0,933.4349574764899,0.1
629,644096,1.2995485067367554,41.453712701797485,1.0,933.4349574764899,0.1
630,645120,1.3420268297195435,46.613431215286255,1.0,933.4349574764899,0.1
631,646144,1.4183189868927002,40.38343858718872,1.0,933.4349574764899,0.1
632,647168,1.2877404689788818,36.683828711509705,1.0,933.4349574764899,0.1
633,648192,1.286686658859253,36.13476574420929,1.0,933.4349574764899,0.1
634,649216,1.2115111351013184,49.49534511566162,1.0,933.4349574764899,0.1
635,650240,1.2944271564483643,32.84038472175598,1.0,771.855128425182,0.1
636,651264,1.3182642459869385,59.920254707336426,1.0,771.855128425182,0.1
637,652288,1.3119430541992188,35.75653040409088,1.0,771.855128425182,0.1
638,653312,1.2393544912338257,31.44416320323944,1.0,771.855128425182,0.1
639,654336,1.2633333206176758,54.96865391731262,1.0,771.855128425182,0.1
640,655360,1.167991042137146,48.122692584991455,1.0,771.855128425182,0.1
641,656384,1.3873214721679688,30.733673930168152,1.0,771.855128425182,0.1
642,657408,1.2903332710266113,34.092813372612,1.0,771.855128425182,0.1
643,658432,1.403670072555542,36.96349823474884,1.0,771.855128425182,0.1
644,659456,1.2552857398986816,34.78074502944946,1.0,771.855128425182,0.1
645,660480,1.487288236618042,42.45381760597229,1.0,970.3018176666131,0.1
646,661504,1.359616994857788,27.606627225875854,1.0,970.3018176666131,0.1
647,662528,1.3363234996795654,32.35129249095917,1.0,970.3018176666131,0.1
648,663552,1.3889803886413574,38.25046479701996,1.0,970.3018176666131,0.1
649,664576,1.4413905143737793,41.70951318740845,1.0,970.3018176666131,0.1
650,665600,1.404979944229126,25.804562091827393,1.0,970.3018176666131,0.1
651,666624,1.278212308883667,32.34999859333038,1.0,970.3018176666131,0.1
652,667648,1.4058458805084229,29.02274775505066,1.0,970.3018176666131,0.1
653,668672,1.3492608070373535,45.9651985168457,1.0,970.3018176666131,0.1
654,669696,1.3213694095611572,43.43886399269104,1.0,970.3018176666131,0.1
655,670720,1.2658987045288086,54.71763849258423,1.0,978.8060313527818,0.0
656,671744,1.2761337757110596,51.571024656295776,1.0,978.8060313527818,0.0
657,672768,1.22917640209198,52.962910652160645,1.0,978.8060313527818,0.0
658,673792,1.3424010276794434,30.363672852516174,1.0,978.8060313527818,0.0
659,674816,1.5024209022521973,31.802609086036682,1.0,978.8060313527818,0.0
660,675840,1.1975488662719727,39.31383526325226,1.0,978.8060313527818,0.0
661,676864,1.5488450527191162,29.60619628429413,1.0,978.8060313527818,0.0
662,677888,1.3186047077178955,34.02684950828552,1.0,978.8060313527818,0.0
663,678912,1.2525675296783447,33.076940417289734,1.0,978.8060313527818,0.0
664,679936,1.4167232513427734,35.64218831062317,1.0,978.8060313527818,0.0
665,680960,1.3681540489196777,38.13064217567444,1.0,1070.383076487064,0.0
666,681984,1.380981206893921,33.38625872135162,1.0,1070.383076487064,0.0
667,683008,1.4241143465042114,30.018994569778442,1.0,1070.383076487064,0.0
668,684032,1.3154590129852295,17.387824714183807,1.0,1070.383076487064,0.0
669,685056,1.503136396408081,27.428481101989746,1.0,1070.383076487064,0.0
670,686080,1.3623297214508057,25.595040202140808,1.0,1070.383076487064,0.0
671,687104,1.2245099544525146,44.86617183685303,1.0,1070.383076487064,0.0
672,688128,1.2730953693389893,34.93683624267578,1.0,1070.383076487064,0.0
673,689152,1.3474959135055542,32.01073455810547,1.0,1070.383076487064,0.0
674,690176,1.292194128036499,33.89176821708679,1.0,1036.6163722489814,0.0
675,691200,1.1978377103805542,32.338852882385254,1.0,1036.6163722489814,0.0
676,692224,1.3196474313735962,50.01084756851196,1.0,1036.6163722489814,0.0
677,693248,1.3874257802963257,38.89767384529114,1.0,1036.6163722489814,0.0
678,694272,1.3387274742126465,27.147281408309937,1.0,1036.6163722489814,0.0
679,695296,1.2847702503204346,42.76715672016144,1.0,1036.6163722489814,0.0
680,696320,1.3655521869659424,34.93309128284454,1.0,1036.6163722489814,0.0
681,697344,1.5431773662567139,37.88741898536682,1.0,1036.6163722489814,0.0
682,698368,1.4410943984985352,35.95032751560211,1.0,1036.6163722489814,0.0
683,699392,1.4648445844650269,39.622666239738464,1.0,1036.6163722489814,0.0
684,700416,1.2716236114501953,33.711121678352356,1.0,906.0851269381972,0.0
685,701440,1.3353674411773682,24.45696723461151,1.0,906.0851269381972,0.0
686,702464,1.3335909843444824,29.154680609703064,1.0,906.0851269381972,0.0
687,703488,1.2057414054870605,43.0340211391449,1.0,906.0851269381972,0.0
688,704512,1.4781404733657837,26.798837304115295,1.0,906.0851269381972,0.0
689,705536,1.34552001953125,54.91382551193237,1.0,906.0851269381972,0.0
690,706560,1.32169771194458,35.77926313877106,1.0,906.0851269381972,0.0
691,707584,1.252885341644287,37.284104108810425,1.0,906.0851269381972,0.0
692,708608,1.2790453433990479,32.853641390800476,1.0,906.0851269381972,0.0
693,709632,1.2354345321655273,65.06531381607056,1.0,906.0851269381972,0.0
694,710656,1.358367681503296,34.67547690868378,1.0,948.940427420918,0.1
695,711680,1.35518217086792,48.38890886306763,1.0,948.940427420918,0.1
696,712704,1.3231806755065918,38.50787901878357,1.0,948.940427420918,0.1
697,713728,1.4132150411605835,41.52998232841492,1.0,948.940427420918,0.1
698,714752,1.416942834854126,35.197742223739624,1.0,948.940427420918,0.1
699,715776,1.3610646724700928,35.63044536113739,1.0,948.940427420918,0.1
700,716800,1.3485283851623535,28.175965785980225,1.0,948.940427420918,0.1
701,717824,1.305395245552063,26.453896522521973,1.0,948.940427420918,0.1
702,718848,1.4571080207824707,30.10930633544922,1.0,948.940427420918,0.1
703,719872,1.398515224456787,29.37261652946472,1.0,948.940427420918,0.1
704,720896,1.0526292324066162,69.07735633850098,1.0,993.928064099148,0.1
705,721920,1.3162081241607666,38.79699087142944,1.0,993.928064099148,0.1
706,722944,1.2654292583465576,43.913562059402466,1.0,993.928064099148,0.1
707,723968,1.330326795578003,34.38936412334442,1.0,993.928064099148,0.1
708,724992,1.442618489265442,28.30637526512146,1.0,993.928064099148,0.1
709,726016,1.4902902841567993,33.83530378341675,1.0,993.928064099148,0.1
710,727040,1.3495486974716187,31.57297444343567,1.0,993.928064099148,0.1
711,728064,1.2898049354553223,42.65708136558533,1.0,993.928064099148,0.1
712,729088,1.3685321807861328,46.87781834602356,1.0,993.928064099148,0.1
713,730112,1.499047040939331,29.699864864349365,1.0,1032.7584678331523,0.0
714,731136,1.3658404350280762,32.74029266834259,1.0,1032.7584678331523,0.0
715,732160,1.356330156326294,45.99942207336426,1.0,1032.7584678331523,0.0
716,733184,1.279288649559021,39.053879618644714,1.0,1032.7584678331523,0.0
717,734208,1.2848107814788818,28.871705651283264,1.0,1032.7584678331523,0.0
718,735232,1.3247333765029907,36.76245355606079,1.0,1032.7584678331523,0.0
719,736256,1.4140218496322632,43.05490517616272,1.0,1032.7584678331523,0.0
720,737280,1.301062822341919,31.520956873893738,1.0,1032.7584678331523,0.0
721,738304,1.4265053272247314,40.23020303249359,1.0,1032.7584678331523,0.0
722,739328,1.2391736507415771,40.59858477115631,1.0,1032.7584678331523,0.0
723,740352,1.3082795143127441,29.184192299842834,1.0,942.5676912001321,0.1
724,741376,1.3168864250183105,28.40524184703827,1.0,942.5676912001321,0.1
725,742400,1.260120153427124,43.572824001312256,1.0,942.5676912001321,0.1
726,743424,1.284057855606079,42.094512701034546,1.0,942.5676912001321,0.1
727,744448,1.3597043752670288,23.173187971115112,1.0,942.5676912001321,0.1
728,745472,1.2321858406066895,40.17961859703064,1.0,942.5676912001321,0.1
729,746496,1.2111091613769531,37.601715207099915,1.0,942.5676912001321,0.1
730,747520,1.2320984601974487,43.87848460674286,1.0,942.5676912001321,0.1
731,748544,1.5203540325164795,41.543416261672974,1.0,942.5676912001321,0.1
732,749568,1.4865140914916992,40.61819672584534,1.0,942.5676912001321,0.1
733,750592,1.3073291778564453,35.5909458398819,1.0,1040.6127775855275,0.0
734,751616,1.329575538635254,24.149908542633057,1.0,1040.6127775855275,0.0
735,752640,1.3735257387161255,22.241162061691284,1.0,1040.6127775855275,0.0
736,753664,1.3439571857452393,29.769477605819702,1.0,1040.6127775855275,0.0
737,754688,1.5147199630737305,20.89518904685974,1.0,1040.6127775855275,0.0
738,755712,1.3483684062957764,42.65702164173126,1.0,1040.6127775855275,0.0
739,756736,1.4216268062591553,33.17117953300476,1.0,1040.6127775855275,0.0
740,757760,1.3158408403396606,20.066309690475464,1.0,1040.6127775855275,0.0
741,758784,1.313866376876831,32.043004751205444,1.0,1040.6127775855275,0.0
742,759808,1.2499366998672485,36.107616543769836,1.0,1040.6127775855275,0.0
743,760832,1.3968174457550049,31.323052048683167,1.0,1043.5179489356265,0.0
744,761856,1.3804259300231934,27.098365545272827,1.0,1043.5179489356265,0.0
745,762880,1.2932053804397583,27.380510091781616,1.0,1043.5179489356265,0.0
746,763904,1.433045506477356,39.18200421333313,1.0,1043.5179489356265,0.0
747,764928,1.3383979797363281,28.76573157310486,1.0,1043.5179489356265,0.0
748,765952,1.2881089448928833,33.875906467437744,1.0,1043.5179489356265,0.0
749,766976,1.3973982334136963,19.082289695739746,1.0,1043.5179489356265,0.0
750,768000,1.3650959730148315,42.300021171569824,1.0,1043.5179489356265,0.0
751,769024,1.3003344535827637,35.09775519371033,1.0,1043.5179489356265,0.0
752,770048,1.376952886581421,45.371285915374756,1.0,978.293952510319,0.1
753,771072,1.326211929321289,39.48259913921356,1.0,978.293952510319,0.1
754,772096,1.4013688564300537,36.54179406166077,1.0,978.293952510319,0.1
755,773120,1.4092464447021484,28.838468194007874,1.0,978.293952510319,0.1
756,774144,1.370776891708374,38.60404074192047,1.0,978.293952510319,0.1
757,775168,1.3139114379882812,39.3371045589447,1.0,978.293952510319,0.1
758,776192,1.2954442501068115,34.986451387405396,1.0,978.293952510319,0.1
759,777216,1.314336895942688,38.08540964126587,1.0,978.293952510319,0.1
760,778240,1.4010019302368164,37.64576435089111,1.0,978.293952510319,0.1
761,779264,1.4620709419250488,28.535114645957947,1.0,978.293952510319,0.1
762,780288,1.332651972770691,23.321576595306396,1.0,1068.9658382128641,0.0
763,781312,1.3195619583129883,42.74158596992493,1.0,1068.9658382128641,0.0
764,782336,1.666878581047058,38.715163230895996,1.0,1068.9658382128641,0.0
765,783360,1.4257677793502808,21.798298001289368,1.0,1068.9658382128641,0.0
766,784384,1.3928284645080566,30.101030349731445,1.0,1068.9658382128641,0.0
767,785408,1.4034156799316406,17.944765269756317,1.0,1068.9658382128641,0.0
768,786432,1.4535304307937622,27.362261295318604,1.0,1068.9658382128641,0.0
769,787456,1.4042391777038574,32.98115396499634,1.0,1068.9658382128641,0.0
770,788480,1.4416131973266602,30.876030325889587,1.0,1068.9658382128641,0.0
771,789504,1.4863600730895996,31.899795413017273,1.0,1068.9658382128641,0.0
772,790528,1.4680473804473877,26.483251214027405,1.0,1079.6234291712567,0.0
773,791552,1.3980801105499268,43.26430892944336,1.0,1079.6234291712567,0.0
774,792576,1.4153590202331543,27.96893811225891,1.0,1079.6234291712567,0.0
775,793600,1.3332849740982056,26.844350218772888,1.0,1079.6234291712567,0.0
776,794624,1.4759105443954468,24.088773488998413,1.0,1079.6234291712567,0.0
777,795648,1.4067314863204956,33.96294891834259,1.0,1079.6234291712567,0.0
778,796672,1.379746437072754,27.022319674491882,1.0,1079.6234291712567,0.0
779,797696,1.4852654933929443,36.27924025058746,1.0,1079.6234291712567,0.0
780,798720,1.3479523658752441,35.73969852924347,1.0,1079.6234291712567,0.0
781,799744,1.3280270099639893,27.160328149795532,1.0,1079.6234291712567,0.0
782,800768,1.3602020740509033,29.741676092147827,1.0,1098.3347645553326,0.0
783,801792,1.3798373937606812,31.491658091545105,1.0,1098.3347645553326,0.0
784,802816,1.361891508102417,29.072237968444824,1.0,1098.3347645553326,0.0
785,803840,1.448134422302246,39.203209400177,1.0,1098.3347645553326,0.0
786,804864,1.4068430662155151,47.452181577682495,1.0,1098.3347645553326,0.0
787,805888,1.2602274417877197,56.57388162612915,1.0,1098.3347645553326,0.0
788,806912,1.3583447933197021,42.13880467414856,1.0,1098.3347645553326,0.0
789,807936,1.342161774635315,26.84820020198822,1.0,1098.3347645553326,0.0
790,808960,1.3695621490478516,32.71873342990875,1.0,1098.3347645553326,0.0
791,809984,1.308725357055664,35.23233234882355,1.0,1098.3347645553326,0.0
792,811008,1.3357521295547485,29.803277134895325,1.0,1057.6845054203686,0.0
793,812032,1.4865927696228027,35.79025399684906,1.0,1057.6845054203686,0.0
794,813056,1.3159990310668945,57.48958134651184,1.0,1057.6845054203686,0.0
795,814080,1.2642632722854614,40.60226631164551,1.0,1057.6845054203686,0.0
796,815104,1.368363857269287,41.00720274448395,1.0,1057.6845054203686,0.0
797,816128,1.2729747295379639,35.34952998161316,1.0,1057.6845054203686,0.0
798,817152,1.4309229850769043,40.26199436187744,1.0,1057.6845054203686,0.0
799,818176,1.38229238986969,30.952410340309143,1.0,1057.6845054203686,0.0
800,819200,1.3605210781097412,35.91173040866852,1.0,1057.6845054203686,0.0
801,820224,1.3809269666671753,48.245325326919556,1.0,979.5485374440752,0.1
802,821248,1.3501155376434326,30.703009843826294,1.0,979.5485374440752,0.1
803,822272,1.3681669235229492,35.15737795829773,1.0,979.5485374440752,0.1
804,823296,1.4086990356445312,39.189371943473816,1.0,979.5485374440752,0.1
805,824320,1.411473274230957,39.838733077049255,1.0,979.5485374440752,0.1
806,825344,1.5457653999328613,34.16870069503784,1.0,979.5485374440752,0.1
807,826368,1.38862943649292,35.906795501708984,1.0,979.5485374440752,0.1
808,827392,1.2209365367889404,38.594796657562256,1.0,979.5485374440752,0.1
809,828416,1.2954108715057373,22.7333482503891,1.0,979.5485374440752,0.1
810,829440,1.354224681854248,26.072960376739502,1.0,979.5485374440752,0.1
811,830464,1.480938196182251,20.69296157360077,1.0,1080.8558747709817,0.0
812,831488,1.2420263290405273,54.57058930397034,1.0,1080.8558747709817,0.0
813,832512,1.2644984722137451,51.83451819419861,1.0,1080.8558747709817,0.0
814,833536,1.4399082660675049,30.332077980041504,1.0,1080.8558747709817,0.0
815,834560,1.27003812789917,47.181469082832336,1.0,1080.8558747709817,0.0
816,835584,1.2102258205413818,33.28222191333771,1.0,1080.8558747709817,0.0
817,836608,1.2024723291397095,46.71366739273071,1.0,1080.8558747709817,0.0
818,837632,1.2915639877319336,42.51294493675232,1.0,1080.8558747709817,0.0
819,838656,1.3455486297607422,42.71090364456177,1.0,1080.8558747709817,0.0
820,839680,1.3059945106506348,40.252190351486206,1.0,1080.8558747709817,0.0
821,840704,1.3256620168685913,55.991289138793945,1.0,1044.4638315940024,0.0
822,841728,1.3415451049804688,38.06519949436188,1.0,1044.4638315940024,0.0
823,842752,1.4925498962402344,39.67418146133423,1.0,1044.4638315940024,0.0
824,843776,1.3561328649520874,45.160250663757324,1.0,1044.4638315940024,0.0
825,844800,1.4101526737213135,40.37526738643646,1.0,1044.4638315940024,0.0
826,845824,1.3477435111999512,27.272976756095886,1.0,1044.4638315940024,0.0
827,846848,1.394208312034607,42.06437921524048,1.0,1044.4638315940024,0.0
828,847872,1.3391529321670532,35.682458996772766,1.0,1044.4638315940024,0.0
829,848896,1.3600192070007324,30.475254774093628,1.0,1044.4638315940024,0.0
830,849920,1.2378339767456055,53.391984939575195,1.0,1044.4638315940024,0.0
831,850944,1.2815353870391846,37.054757714271545,1.0,1071.1062388041705,0.0
832,851968,1.3593199253082275,35.04017412662506,1.0,1071.1062388041705,0.0
833,852992,1.363877773284912,33.17606961727142,1.0,1071.1062388041705,0.0
834,854016,1.4238241910934448,28.791722178459167,1.0,1071.1062388041705,0.0
835,855040,1.3500754833221436,27.91247272491455,1.0,1071.1062388041705,0.0
836,856064,1.3179435729980469,36.12391543388367,1.0,1071.1062388041705,0.0
837,857088,1.3924472332000732,32.18525719642639,1.0,1071.1062388041705,0.0
838,858112,1.4636828899383545,32.874210238456726,1.0,1071.1062388041705,0.0
839,859136,1.3791877031326294,38.52502799034119,1.0,1071.1062388041705,0.0
840,860160,1.3152878284454346,28.500893592834473,1.0,956.5461069243638,0.1
841,861184,1.3757892847061157,36.30515205860138,1.0,956.5461069243638,0.1
842,862208,1.3606910705566406,34.39488244056702,1.0,956.5461069243638,0.1
843,863232,1.4302902221679688,29.554479122161865,1.0,956.5461069243638,0.1
844,864256,1.4568908214569092,25.593582272529602,1.0,956.5461069243638,0.1
845,865280,1.4021995067596436,25.816239595413208,1.0,956.5461069243638,0.1
846,866304,1.2887930870056152,29.290727853775024,1.0,956.5461069243638,0.1
847,867328,1.399371862411499,42.392483830451965,1.0,956.5461069243638,0.1
848,868352,1.3627073764801025,23.516611337661743,1.0,956.5461069243638,0.1
849,869376,1.2903459072113037,30.629100561141968,1.0,956.5461069243638,0.1
850,870400,1.315483570098877,22.191563606262207,1.0,1071.2015362557163,0.0
851,871424,1.3673086166381836,34.824447989463806,1.0,1071.2015362557163,0.0
852,872448,1.514700174331665,33.95201122760773,1.0,1071.2015362557163,0.0
853,873472,1.28618586063385,17.44715416431427,1.0,1071.2015362557163,0.0
854,874496,1.3269476890563965,31.996553897857666,1.0,1071.2015362557163,0.0
855,875520,1.3091130256652832,22.41753590106964,1.0,1071.2015362557163,0.0
856,876544,1.2924624681472778,26.94376003742218,1.0,1071.2015362557163,0.0
857,877568,1.3217151165008545,28.786656260490417,1.0,1071.2015362557163,0.0
858,878592,1.432861089706421,24.40007257461548,1.0,1071.2015362557163,0.0
859,879616,1.3715449571609497,30.387004137039185,1.0,1071.2015362557163,0.0
860,880640,1.275291919708252,34.91845893859863,1.0,1099.0361882318252,0.0
861,881664,1.2188880443572998,46.95615196228027,1.0,1099.0361882318252,0.0
862,882688,1.332992672920227,30.21009647846222,1.0,1099.0361882318252,0.0
863,883712,1.2763625383377075,23.4398535490036,1.0,1099.0361882318252,0.0
864,884736,1.5815532207489014,28.315112233161926,1.0,1099.0361882318252,0.0
865,885760,1.2180484533309937,41.77482318878174,1.0,1099.0361882318252,0.0
866,886784,1.2153000831604004,45.065730571746826,1.0,1099.0361882318252,0.0
867,887808,1.304114580154419,36.30043888092041,1.0,1099.0361882318252,0.0
868,888832,1.3310185670852661,36.44786214828491,1.0,1099.0361882318252,0.0
869,889856,1.4481794834136963,27.8813236951828,1.0,1099.0361882318252,0.0
870,890880,1.3883087635040283,24.967464208602905,1.0,1082.0941781589604,0.0
871,891904,1.3808132410049438,31.01970648765564,1.0,1082.0941781589604,0.0
872,892928,1.4570481777191162,32.25545370578766,1.0,1082.0941781589604,0.0
873,893952,1.3866488933563232,23.260053515434265,1.0,1082.0941781589604,0.0
874,894976,1.358289122581482,44.784488677978516,1.0,1082.0941781589604,0.0
875,896000,1.3295284509658813,38.55400490760803,1.0,1082.0941781589604,0.0
876,897024,1.2149566411972046,29.456713557243347,1.0,1082.0941781589604,0.0
877,898048,1.2903156280517578,28.831612944602966,1.0,1082.0941781589604,0.0
878,899072,1.3098771572113037,49.94140315055847,1.0,1082.0941781589604,0.0
879,900096,1.3679449558258057,26.605750679969788,1.0,1000.6042500548317,0.1
880,901120,1.5136053562164307,28.438408732414246,1.0,1000.6042500548317,0.1
881,902144,1.3254350423812866,26.165006637573242,1.0,1000.6042500548317,0.1
882,903168,1.4244017601013184,24.663778424263,1.0,1000.6042500548317,0.1
883,904192,1.5976603031158447,28.857244610786438,1.0,1000.6042500548317,0.1
884,905216,1.430467128753662,27.467646718025208,1.0,1000.6042500548317,0.1
885,906240,1.4362189769744873,32.74993407726288,1.0,1000.6042500548317,0.1
886,907264,1.2763304710388184,24.910436034202576,1.0,1000.6042500548317,0.1
887,908288,1.3124666213989258,25.87251043319702,1.0,1000.6042500548317,0.1
888,909312,1.3924349546432495,29.20267140865326,1.0,1000.6042500548317,0.1
889,910336,1.3223408460617065,24.33712077140808,1.0,1109.446935756297,0.0
890,911360,1.3716261386871338,22.382443964481354,1.0,1109.446935756297,0.0
891,912384,1.3523277044296265,25.24127507209778,1.0,1109.446935756297,0.0
892,913408,1.314967155456543,36.37737023830414,1.0,1109.446935756297,0.0
893,914432,1.501429796218872,15.679603397846222,1.0,1109.446935756297,0.0
894,915456,1.3400189876556396,20.895432353019714,1.0,1109.446935756297,0.0
895,916480,1.3993804454803467,20.99868094921112,1.0,1109.446935756297,0.0
896,917504,1.3680651187896729,18.16142636537552,1.0,1109.446935756297,0.0
897,918528,1.6302194595336914,20.716319918632507,1.0,1109.446935756297,0.0
898,919552,1.3898156881332397,32.788365483284,1.0,1109.446935756297,0.0
899,920576,1.4345685243606567,33.886829018592834,1.0,1120.0931033593713,0.0
900,921600,1.429746389389038,28.831761479377747,1.0,1120.0931033593713,0.0
901,922624,1.3230211734771729,27.57695508003235,1.0,1120.0931033593713,0.0
902,923648,1.3015475273132324,36.274903535842896,1.0,1120.0931033593713,0.0
903,924672,1.3758001327514648,23.176270723342896,1.0,1120.0931033593713,0.0
904,925696,1.3615055084228516,47.52187466621399,1.0,1120.0931033593713,0.0
905,926720,1.3124449253082275,27.700249910354614,1.0,1120.0931033593713,0.0
906,927744,1.3105828762054443,22.731521606445312,1.0,1120.0931033593713,0.0
907,928768,1.226927399635315,37.11887180805206,1.0,1120.0931033593713,0.0
908,929792,1.3927347660064697,16.629106163978577,1.0,1120.0931033593713,0.0
909,930816,1.2618664503097534,34.44174671173096,1.0,1066.4888180610258,0.0
910,931840,1.344557285308838,27.162091493606567,1.0,1066.4888180610258,0.0
911,932864,1.347777009010315,30.90867280960083,1.0,1066.4888180610258,0.0
912,933888,1.4088943004608154,32.595842242240906,1.0,1066.4888180610258,0.0
913,934912,1.337693214416504,36.301892042160034,1.0,1066.4888180610258,0.0
914,935936,1.3745688199996948,30.266500115394592,1.0,1066.4888180610258,0.0
915,936960,1.3488843441009521,15.483843803405762,1.0,1066.4888180610258,0.0
916,937984,1.3831580877304077,26.592830896377563,1.0,1066.4888180610258,0.0
917,939008,1.529486894607544,27.619541883468628,1.0,1066.4888180610258,0.0
918,940032,1.3306035995483398,27.313101649284363,1.0,1096.5565853667429,0.0
919,941056,1.4563181400299072,34.7879524230957,1.0,1096.5565853667429,0.0
920,942080,1.3359805345535278,40.07103431224823,1.0,1096.5565853667429,0.0
921,943104,1.320379376411438,32.55113458633423,1.0,1096.5565853667429,0.0
922,944128,1.345432996749878,43.235666036605835,1.0,1096.5565853667429,0.0
923,945152,1.5222530364990234,33.90209448337555,1.0,1096.5565853667429,0.0
924,946176,1.508538007736206,37.08675670623779,1.0,1096.5565853667429,0.0
925,947200,1.403649091720581,27.818955183029175,1.0,1096.5565853667429,0.0
926,948224,1.369065761566162,34.7026561498642,1.0,1096.5565853667429,0.0
927,949248,1.3940238952636719,26.469842553138733,1.0,1096.5565853667429,0.0
928,950272,1.4641042947769165,27.64869236946106,1.0,1030.17890778184,0.1
929,951296,1.2819170951843262,41.81238389015198,1.0,1030.17890778184,0.1
930,952320,1.3737951517105103,30.383660674095154,1.0,1030.17890778184,0.1
931,953344,1.3068886995315552,28.472450375556946,1.0,1030.17890778184,0.1
932,954368,1.305335283279419,25.176297187805176,1.0,1030.17890778184,0.1
933,955392,1.3965673446655273,26.387240648269653,1.0,1030.17890778184,0.1
934,956416,1.3356850147247314,20.731302618980408,1.0,1030.17890778184,0.1
935,957440,1.3159642219543457,30.26769268512726,1.0,1030.17890778184,0.1
936,958464,1.3484408855438232,23.192942261695862,1.0,1030.17890778184,0.1
937,959488,1.405486822128296,17.41071879863739,1.0,1030.17890778184,0.1
938,960512,1.3970237970352173,29.89771568775177,1.0,909.4987057745,0.2
939,961536,1.292229175567627,27.725209832191467,1.0,909.4987057745,0.2
940,962560,1.5088398456573486,25.64186382293701,1.0,909.4987057745,0.2
941,963584,1.3745230436325073,30.706159472465515,1.0,909.4987057745,0.2
942,964608,1.4587562084197998,21.751835107803345,1.0,909.4987057745,0.2
943,965632,1.48251473903656,37.81431818008423,1.0,909.4987057745,0.2
944,966656,1.336760401725769,18.248689830303192,1.0,909.4987057745,0.2
945,967680,1.51143479347229,25.090290784835815,1.0,909.4987057745,0.2
946,968704,1.3414572477340698,24.17971920967102,1.0,909.4987057745,0.2
947,969728,1.2945640087127686,35.21084439754486,1.0,909.4987057745,0.2
948,970752,1.4462010860443115,32.097705125808716,1.0,1103.8148292547853,0.0
949,971776,1.2934448719024658,30.26631450653076,1.0,1103.8148292547853,0.0
950,972800,1.542452096939087,31.207436323165894,1.0,1103.8148292547853,0.0
951,973824,1.3503600358963013,31.60335421562195,1.0,1103.8148292547853,0.0
952,974848,1.3720769882202148,36.596367835998535,1.0,1103.8148292547853,0.0
953,975872,1.4528311491012573,26.343467950820923,1.0,1103.8148292547853,0.0
954,976896,1.3381836414337158,34.014782071113586,1.0,1103.8148292547853,0.0
955,977920,1.3214261531829834,28.82203710079193,1.0,1103.8148292547853,0.0
956,978944,1.353184700012207,35.62001347541809,1.0,1103.8148292547853,0.0
957,979968,1.391287088394165,22.914427399635315,1.0,1103.8148292547853,0.0
958,980992,1.4579757452011108,23.345569729804993,1.0,1085.3305930281633,0.0
959,982016,1.373768925666809,44.06122016906738,1.0,1085.3305930281633,0.0
960,983040,1.3334473371505737,27.114660501480103,1.0,1085.3305930281633,0.0
961,984064,1.3483607769012451,49.17141556739807,1.0,1085.3305930281633,0.0
962,985088,1.3941162824630737,31.778759717941284,1.0,1085.3305930281633,0.0
963,986112,1.221482753753662,82.27948832511902,1.0,1085.3305930281633,0.0
964,987136,1.2903468608856201,43.341564893722534,1.0,1085.3305930281633,0.0
965,988160,1.252050518989563,37.84187340736389,1.0,1085.3305930281633,0.0
966,989184,1.3155312538146973,35.19407093524933,1.0,1085.3305930281633,0.0
967,990208,1.3913761377334595,39.37661969661713,1.0,967.1298667909635,0.1
968,991232,1.2849757671356201,29.954447865486145,1.0,967.1298667909635,0.1
969,992256,1.2311265468597412,37.94301664829254,1.0,967.1298667909635,0.1
970,993280,1.3349778652191162,25.588637351989746,1.0,967.1298667909635,0.1
971,994304,1.3360388278961182,36.02771520614624,1.0,967.1298667909635,0.1
972,995328,1.3424072265625,22.80648446083069,1.0,967.1298667909635,0.1
973,996352,1.3178774118423462,33.4771386384964,1.0,967.1298667909635,0.1
974,997376,1.5495729446411133,23.945767283439636,1.0,967.1298667909635,0.1
975,998400,1.3385026454925537,29.901256680488586,1.0,967.1298667909635,0.1
976,999424,1.2739685773849487,41.24634027481079,1.0,967.1298667909635,0.1
977,1000448,1.2272117137908936,54.31931519508362,1.0,1041.8799393827533,0.0
978,1001472,1.3272850513458252,36.040480613708496,1.0,1041.8799393827533,0.0
979,1002496,1.3612134456634521,71.68916988372803,1.0,1041.8799393827533,0.0
980,1003520,1.5076450109481812,43.78956151008606,1.0,1041.8799393827533,0.0
981,1004544,1.2612462043762207,45.779048204422,1.0,1041.8799393827533,0.0
982,1005568,1.4065918922424316,36.871201157569885,1.0,1041.8799393827533,0.0
983,1006592,1.3743987083435059,46.54537868499756,1.0,1041.8799393827533,0.0
984,1007616,1.4190694093704224,41.61234378814697,1.0,1041.8799393827533,0.0
985,1008640,1.1909013986587524,54.340749979019165,1.0,1041.8799393827533,0.0
986,1009664,1.3046327829360962,51.645729541778564,1.0,1041.8799393827533,0.0
987,1010688,1.369612455368042,34.03351676464081,1.0,999.1539211726616,0.0
988,1011712,1.331519603729248,28.25708293914795,1.0,999.1539211726616,0.0
989,1012736,1.2150638103485107,36.146782755851746,1.0,999.1539211726616,0.0
990,1013760,1.3793635368347168,31.99825382232666,1.0,999.1539211726616,0.0
991,1014784,1.285825252532959,44.521153688430786,1.0,999.1539211726616,0.0
992,1015808,1.2689120769500732,35.20068633556366,1.0,999.1539211726616,0.0
993,1016832,1.255472183227539,31.893688917160034,1.0,999.1539211726616,0.0
994,1017856,1.294169545173645,36.299217104911804,1.0,999.1539211726616,0.0
995,1018880,1.3817344903945923,27.9303560256958,1.0,999.1539211726616,0.0
996,1019904,1.3691391944885254,42.47025144100189,1.0,999.1539211726616,0.0
997,1020928,1.2665919065475464,50.32053256034851,1.0,1000.8918875053334,0.0
998,1021952,1.2315318584442139,78.54981875419617,1.0,1000.8918875053334,0.0
999,1022976,1.2740254402160645,51.44145750999451,1.0,1000.8918875053334,0.0
1000,1024000,1.2386869192123413,96.93729162216187,1.0,1000.8918875053334,0.0
1001,1025024,1.3643827438354492,46.73255705833435,1.0,1000.8918875053334,0.0
1002,1026048,1.3920495510101318,39.850226044654846,1.0,1000.8918875053334,0.0
1003,1027072,1.1587222814559937,75.84406352043152,1.0,1000.8918875053334,0.0
1004,1028096,1.4769923686981201,31.157017946243286,1.0,1000.8918875053334,0.0
1005,1029120,1.3685709238052368,40.672109842300415,1.0,1000.8918875053334,0.0
1006,1030144,1.2578632831573486,66.07996249198914,1.0,930.3562484908346,0.1
1007,1031168,1.3284937143325806,28.584526419639587,1.0,930.3562484908346,0.1
1008,1032192,1.2888050079345703,35.260032415390015,1.0,930.3562484908346,0.1
1009,1033216,1.3016610145568848,32.985676884651184,1.0,930.3562484908346,0.1
1010,1034240,1.272636890411377,39.259613156318665,1.0,930.3562484908346,0.1
1011,1035264,1.3018507957458496,37.83341181278229,1.0,930.3562484908346,0.1
1012,1036288,1.311234474182129,46.914973735809326,1.0,930.3562484908346,0.1
1013,1037312,1.3600505590438843,32.199341893196106,1.0,930.3562484908346,0.1
1014,1038336,1.4794225692749023,27.966317772865295,1.0,930.3562484908346,0.1
1015,1039360,1.2443044185638428,44.29381561279297,1.0,930.3562484908346,0.1
1016,1040384,1.37857985496521,42.52628254890442,1.0,968.6566550692771,0.0
1017,1041408,1.285872220993042,33.80075192451477,1.0,968.6566550692771,0.0
1018,1042432,1.301774263381958,40.31417667865753,1.0,968.6566550692771,0.0
1019,1043456,1.3619884252548218,29.469242453575134,1.0,968.6566550692771,0.0
1020,1044480,1.4306690692901611,17.820309460163116,1.0,968.6566550692771,0.0
1021,1045504,1.2997406721115112,32.10659873485565,1.0,968.6566550692771,0.0
1022,1046528,1.396672248840332,29.981188893318176,1.0,968.6566550692771,0.0
1023,1047552,1.4711742401123047,43.97152400016785,1.0,968.6566550692771,0.0
1024,1048576,1.4862470626831055,28.246797919273376,1.0,968.6566550692771,0.0
1025,1049600,1.406101942062378,30.434107303619385,1.0,968.6566550692771,0.0
1026,1050624,1.4058542251586914,49.52428317070007,1.0,978.7942585787971,0.1
1027,1051648,1.2966220378875732,26.028862595558167,1.0,978.7942585787971,0.1
1028,1052672,1.2226942777633667,50.82963800430298,1.0,978.7942585787971,0.1
1029,1053696,1.4100810289382935,32.4017608165741,1.0,978.7942585787971,0.1
1030,1054720,1.3300843238830566,32.015175104141235,1.0,978.7942585787971,0.1
1031,1055744,1.431618571281433,26.485965967178345,1.0,978.7942585787971,0.1
1032,1056768,1.3571292161941528,20.63476836681366,1.0,978.7942585787971,0.1
1033,1057792,1.3400325775146484,24.2006516456604,1.0,978.7942585787971,0.1
1034,1058816,1.4462560415267944,34.598326563835144,1.0,978.7942585787971,0.1
1035,1059840,1.4357328414916992,29.885189294815063,1.0,978.7942585787971,0.1
1036,1060864,1.4315153360366821,28.550608158111572,1.0,1107.0122050395096,0.0
1037,1061888,1.293534755706787,29.25907850265503,1.0,1107.0122050395096,0.0
1038,1062912,1.3378300666809082,33.26483738422394,1.0,1107.0122050395096,0.0
1039,1063936,1.4171289205551147,35.00449335575104,1.0,1107.0122050395096,0.0
1040,1064960,1.3402694463729858,27.319637537002563,1.0,1107.0122050395096,0.0
1041,1065984,1.3610360622406006,33.77563810348511,1.0,1107.0122050395096,0.0
1042,1067008,1.354331135749817,38.107210874557495,1.0,1107.0122050395096,0.0
1043,1068032,1.4603441953659058,34.794148445129395,1.0,1107.0122050395096,0.0
1044,1069056,1.436578392982483,30.592320442199707,1.0,1107.0122050395096,0.0
1045,1070080,1.35835862159729,26.210721015930176,1.0,1093.6131819009245,0.0
1046,1071104,1.3880614042282104,37.06727051734924,1.0,1093.6131819009245,0.0
1047,1072128,1.4616096019744873,21.498732924461365,1.0,1093.6131819009245,0.0
1048,1073152,1.376752257347107,32.496906995773315,1.0,1093.6131819009245,0.0
1049,1074176,1.387157678604126,35.13989818096161,1.0,1093.6131819009245,0.0
1050,1075200,1.2843217849731445,34.65160632133484,1.0,1093.6131819009245,0.0
1051,1076224,1.4073898792266846,30.31279456615448,1.0,1093.6131819009245,0.0
1052,1077248,1.3876054286956787,14.014460980892181,1.0,1093.6131819009245,0.0
1053,1078272,1.464638113975525,24.851229071617126,1.0,1093.6131819009245,0.0
1054,1079296,1.461398720741272,25.7055766582489,1.0,1093.6131819009245,0.0
1055,1080320,1.454549789428711,25.524547457695007,1.0,1061.6780934687426,0.0
1056,1081344,1.485670566558838,32.16336739063263,1.0,1061.6780934687426,0.0
1057,1082368,1.3732032775878906,36.5396683216095,1.0,1061.6780934687426,0.0
1058,1083392,1.3678969144821167,44.426053047180176,1.0,1061.6780934687426,0.0
1059,1084416,1.2692859172821045,36.506439089775085,1.0,1061.6780934687426,0.0
1060,1085440,1.387822151184082,30.48029613494873,1.0,1061.6780934687426,0.0
1061,1086464,1.365098476409912,27.88150191307068,1.0,1061.6780934687426,0.0
1062,1087488,1.4203680753707886,31.13360619544983,1.0,1061.6780934687426,0.0
1063,1088512,1.2931201457977295,33.75330984592438,1.0,1061.6780934687426,0.0
1064,1089536,1.6245086193084717,32.22916805744171,1.0,1061.6780934687426,0.0
1065,1090560,1.521582007408142,23.966296195983887,1.0,1034.4656941524324,0.0
1066,1091584,1.3516596555709839,26.86110210418701,1.0,1034.4656941524324,0.0
1067,1092608,1.4183757305145264,22.717307448387146,1.0,1034.4656941524324,0.0
1068,1093632,1.3220717906951904,28.89507257938385,1.0,1034.4656941524324,0.0
1069,1094656,1.2729562520980835,28.547594666481018,1.0,1034.4656941524324,0.0
1070,1095680,1.3663848638534546,28.069187879562378,1.0,1034.4656941524324,0.0
1071,1096704,1.3355653285980225,26.96970009803772,1.0,1034.4656941524324,0.0
1072,1097728,1.3481699228286743,21.04665458202362,1.0,1034.4656941524324,0.0
1073,1098752,1.5372474193572998,28.002146124839783,1.0,1034.4656941524324,0.0
1074,1099776,1.2982611656188965,23.46584725379944,1.0,1034.4656941524324,0.0
1075,1100800,1.3581547737121582,30.09349799156189,1.0,944.4718022397443,0.1
1076,1101824,1.3202970027923584,20.286956310272217,1.0,944.4718022397443,0.1
1077,1102848,1.3821651935577393,35.74269247055054,1.0,944.4718022397443,0.1
1078,1103872,1.3909308910369873,30.15392279624939,1.0,944.4718022397443,0.1
1079,1104896,1.4282498359680176,37.03024518489838,1.0,944.4718022397443,0.1
1080,1105920,1.4387826919555664,30.44678795337677,1.0,944.4718022397443,0.1
1081,1106944,1.3471333980560303,28.238094806671143,1.0,944.4718022397443,0.1
1082,1107968,1.2550548315048218,36.255290031433105,1.0,944.4718022397443,0.1
1083,1108992,1.293302059173584,29.328409671783447,1.0,944.4718022397443,0.1
1084,1110016,1.2838525772094727,24.832526206970215,1.0,1012.529349453887,0.1
1085,1111040,1.2941672801971436,30.251688838005066,1.0,1012.529349453887,0.1
1086,1112064,1.335777997970581,27.41108751296997,1.0,1012.529349453887,0.1
1087,1113088,1.315258264541626,29.370355010032654,1.0,1012.529349453887,0.1
1088,1114112,1.4006916284561157,35.92736458778381,1.0,1012.529349453887,0.1
1089,1115136,1.4612739086151123,26.529097318649292,1.0,1012.529349453887,0.1
1090,1116160,1.3127551078796387,21.846193075180054,1.0,1012.529349453887,0.1
1091,1117184,1.341841220855713,31.701691269874573,1.0,1012.529349453887,0.1
1092,1118208,1.3590115308761597,28.04240310192108,1.0,1012.529349453887,0.1
1093,1119232,1.5278561115264893,35.654935121536255,1.0,1012.529349453887,0.1
1094,1120256,1.4295806884765625,23.46395778656006,1.0,1114.507580168359,0.1
1095,1121280,1.3538854122161865,21.208112597465515,1.0,1114.507580168359,0.1
1096,1122304,1.4559524059295654,36.46363544464111,1.0,1114.507580168359,0.1
1097,1123328,1.366381287574768,41.47282075881958,1.0,1114.507580168359,0.1
1098,1124352,1.4027752876281738,25.752363920211792,1.0,1114.507580168359,0.1
1099,1125376,1.372696876525879,26.515908002853394,1.0,1114.507580168359,0.1
1100,1126400,1.4976743459701538,24.217419147491455,1.0,1114.507580168359,0.1
1101,1127424,1.3819406032562256,19.566718101501465,1.0,1114.507580168359,0.1
1102,1128448,1.4399423599243164,17.294260144233704,1.0,1114.507580168359,0.1
1103,1129472,1.4444936513900757,28.18032956123352,1.0,1114.507580168359,0.1
1104,1130496,1.377680778503418,17.277069926261902,1.0,992.912488418139,0.1
1105,1131520,1.335389256477356,32.214702129364014,1.0,992.912488418139,0.1
1106,1132544,1.3606922626495361,28.426755905151367,1.0,992.912488418139,0.1
1107,1133568,1.4800846576690674,23.12269389629364,1.0,992.912488418139,0.1
1108,1134592,1.4493643045425415,29.97630524635315,1.0,992.912488418139,0.1
1109,1135616,1.397705078125,42.34714126586914,1.0,992.912488418139,0.1
1110,1136640,1.4256740808486938,24.861807465553284,1.0,992.912488418139,0.1
1111,1137664,1.2846213579177856,34.00946652889252,1.0,992.912488418139,0.1
1112,1138688,1.3957417011260986,19.015603601932526,1.0,992.912488418139,0.1
1113,1139712,1.3543120622634888,31.815375566482544,1.0,992.912488418139,0.1
1114,1140736,1.2279397249221802,37.36057770252228,1.0,1073.1045641129374,0.0
1115,1141760,1.376662015914917,27.322440147399902,1.0,1073.1045641129374,0.0
1116,1142784,1.360426425933838,36.47979402542114,1.0,1073.1045641129374,0.0
1117,1143808,1.286714792251587,34.472827792167664,1.0,1073.1045641129374,0.0
1118,1144832,1.3690924644470215,30.109392523765564,1.0,1073.1045641129374,0.0
1119,1145856,1.301276445388794,37.05025613307953,1.0,1073.1045641129374,0.0
1120,1146880,1.3747416734695435,33.879581928253174,1.0,1073.1045641129374,0.0
1121,1147904,1.4994755983352661,39.21306264400482,1.0,1073.1045641129374,0.0
1122,1148928,1.4897029399871826,28.044838070869446,1.0,1073.1045641129374,0.0
1123,1149952,1.5289161205291748,33.19491720199585,1.0,1073.1045641129374,0.0
1124,1150976,1.4383175373077393,30.018369793891907,1.0,1000.1710645813022,0.1
1125,1152000,1.375441551208496,27.72268509864807,1.0,1000.1710645813022,0.1
1126,1153024,1.4258809089660645,31.040197610855103,1.0,1000.1710645813022,0.1
1127,1154048,1.3327715396881104,34.606239914894104,1.0,1000.1710645813022,0.1
1128,1155072,1.3766473531723022,24.042471766471863,1.0,1000.1710645813022,0.1
1129,1156096,1.446732521057129,31.820117235183716,1.0,1000.1710645813022,0.1
1130,1157120,1.379509449005127,30.520557165145874,1.0,1000.1710645813022,0.1
1131,1158144,1.431689977645874,29.206009030342102,1.0,1000.1710645813022,0.1
1132,1159168,1.335371732711792,29.456167101860046,1.0,1000.1710645813022,0.1
1133,1160192,1.4512919187545776,28.480955243110657,1.0,895.402014590707,0.2
1134,1161216,1.3879692554473877,20.81069964170456,1.0,895.402014590707,0.2
1135,1162240,1.3278664350509644,28.207498788833618,1.0,895.402014590707,0.2
1136,1163264,1.3175170421600342,31.547311544418335,1.0,895.402014590707,0.2
1137,1164288,1.405552625656128,28.9281724691391,1.0,895.402014590707,0.2
1138,1165312,1.404026746749878,21.91299557685852,1.0,895.402014590707,0.2
1139,1166336,1.3245306015014648,29.730266451835632,1.0,895.402014590707,0.2
1140,1167360,1.4282872676849365,22.410710334777832,1.0,895.402014590707,0.2
1141,1168384,1.4483119249343872,24.66313946247101,1.0,895.402014590707,0.2
1142,1169408,1.3730478286743164,28.685018658638,1.0,895.402014590707,0.2
1143,1170432,1.4170000553131104,25.187330961227417,1.0,1096.1715211556407,0.0
1144,1171456,1.5615893602371216,25.957752108573914,1.0,1096.1715211556407,0.0
1145,1172480,1.361373782157898,23.28960084915161,1.0,1096.1715211556407,0.0
1146,1173504,1.4337105751037598,23.674607276916504,1.0,1096.1715211556407,0.0
1147,1174528,1.3644275665283203,17.199644804000854,1.0,1096.1715211556407,0.0
1148,1175552,1.349379062652588,36.142712473869324,1.0,1096.1715211556407,0.0
1149,1176576,1.4755775928497314,25.303739309310913,1.0,1096.1715211556407,0.0
1150,1177600,1.579506278038025,21.06221878528595,1.0,1096.1715211556407,0.0
1151,1178624,1.3307571411132812,35.18941593170166,1.0,1096.1715211556407,0.0
1152,1179648,1.3355242013931274,34.20719611644745,1.0,1096.1715211556407,0.0
1153,1180672,1.3435903787612915,32.648748993873596,1.0,1094.4322741102144,0.0
1154,1181696,1.399947166442871,26.970033049583435,1.0,1094.4322741102144,0.0
1155,1182720,1.4585440158843994,53.415271282196045,1.0,1094.4322741102144,0.0
1156,1183744,1.3498549461364746,29.06938672065735,1.0,1094.4322741102144,0.0
1157,1184768,1.3743114471435547,21.934148907661438,1.0,1094.4322741102144,0.0
1158,1185792,1.254894733428955,21.582809805870056,1.0,1094.4322741102144,0.0
1159,1186816,1.4193178415298462,28.384896993637085,1.0,1094.4322741102144,0.0
1160,1187840,1.315910816192627,38.6898649930954,1.0,1094.4322741102144,0.0
1161,1188864,1.3945746421813965,36.7535924911499,1.0,1094.4322741102144,0.0
1162,1189888,1.489951491355896,33.02523422241211,1.0,1094.4322741102144,0.0
1163,1190912,1.3901057243347168,35.453941822052,1.0,988.4237851147918,0.1
1164,1191936,1.4511083364486694,31.619495391845703,1.0,988.4237851147918,0.1
1165,1192960,1.4374351501464844,46.9474720954895,1.0,988.4237851147918,0.1
1166,1193984,1.3518967628479004,26.98319959640503,1.0,988.4237851147918,0.1
1167,1195008,1.571055293083191,25.088966250419617,1.0,988.4237851147918,0.1
1168,1196032,1.5582950115203857,33.677651166915894,1.0,988.4237851147918,0.1
1169,1197056,1.5974137783050537,27.14142680168152,1.0,988.4237851147918,0.1
1170,1198080,1.3726547956466675,36.23407793045044,1.0,988.4237851147918,0.1
1171,1199104,1.3864858150482178,24.822880148887634,1.0,988.4237851147918,0.1
1172,1200128,1.3823426961898804,28.14592933654785,1.0,1014.5351510414964,0.1
1173,1201152,1.5443127155303955,29.1981600522995,1.0,1014.5351510414964,0.1
1174,1202176,1.3519840240478516,23.70590078830719,1.0,1014.5351510414964,0.1
1175,1203200,1.3951858282089233,27.08623957633972,1.0,1014.5351510414964,0.1
1176,1204224,1.3625787496566772,30.218286275863647,1.0,1014.5351510414964,0.1
1177,1205248,1.449957251548767,33.53603982925415,1.0,1014.5351510414964,0.1
1178,1206272,1.3648912906646729,26.735135555267334,1.0,1014.5351510414964,0.1
1179,1207296,1.4683680534362793,27.98627495765686,1.0,1014.5351510414964,0.1
1180,1208320,1.4235002994537354,25.79919409751892,1.0,1014.5351510414964,0.1
1181,1209344,1.4524030685424805,23.261598110198975,1.0,1014.5351510414964,0.1
1182,1210368,1.3217270374298096,26.134171843528748,1.0,1130.1459695655235,0.0
1183,1211392,1.4142539501190186,24.270593762397766,1.0,1130.1459695655235,0.0
1184,1212416,1.359203815460205,15.881480157375336,1.0,1130.1459695655235,0.0
1185,1213440,1.4552136659622192,25.768383026123047,1.0,1130.1459695655235,0.0
1186,1214464,1.3786835670471191,27.482277154922485,1.0,1130.1459695655235,0.0
1187,1215488,1.4852259159088135,30.879820227622986,1.0,1130.1459695655235,0.0
1188,1216512,1.3936816453933716,22.59679424762726,1.0,1130.1459695655235,0.0
1189,1217536,1.4164929389953613,30.530613899230957,1.0,1130.1459695655235,0.0
1190,1218560,1.3441829681396484,30.203211784362793,1.0,1130.1459695655235,0.0
1191,1219584,1.349971055984497,28.590298891067505,1.0,1130.1459695655235,0.0
1192,1220608,1.3696452379226685,36.592809200286865,1.0,1059.3871702877937,0.0
1193,1221632,1.4767565727233887,35.302841782569885,1.0,1059.3871702877937,0.0
1194,1222656,1.3035354614257812,27.786803483963013,1.0,1059.3871702877937,0.0
1195,1223680,1.5146195888519287,35.91721594333649,1.0,1059.3871702877937,0.0
1196,1224704,1.4747085571289062,22.579758644104004,1.0,1059.3871702877937,0.0
1197,1225728,1.380213975906372,32.27430248260498,1.0,1059.3871702877937,0.0
1198,1226752,1.4465758800506592,23.451553106307983,1.0,1059.3871702877937,0.0
1199,1227776,1.4634122848510742,28.169176697731018,1.0,1059.3871702877937,0.0
1200,1228800,1.3581956624984741,34.35347878932953,1.0,1059.3871702877937,0.0
1201,1229824,1.4963626861572266,36.09397268295288,1.0,1059.3871702877937,0.0
1202,1230848,1.396630883216858,20.542561769485474,1.0,1098.219846254046,0.0
1203,1231872,1.3918001651763916,22.819568634033203,1.0,1098.219846254046,0.0
1204,1232896,1.2907962799072266,24.81211793422699,1.0,1098.219846254046,0.0
1205,1233920,1.3554625511169434,27.77885615825653,1.0,1098.219846254046,0.0
1206,1234944,1.4156997203826904,26.71614956855774,1.0,1098.219846254046,0.0
1207,1235968,1.4224807024002075,23.741680204868317,1.0,1098.219846254046,0.0
1208,1236992,1.3403390645980835,36.388192653656006,1.0,1098.219846254046,0.0
1209,1238016,1.3936634063720703,26.26816487312317,1.0,1098.219846254046,0.0
1210,1239040,1.445239543914795,25.46629238128662,1.0,1098.219846254046,0.0
1211,1240064,1.4640581607818604,30.076905369758606,1.0,1111.020543637736,0.0
1212,1241088,1.3308959007263184,36.618895053863525,1.0,1111.020543637736,0.0
1213,1242112,1.3576151132583618,28.052507877349854,1.0,1111.020543637736,0.0
1214,1243136,1.3769049644470215,19.35767263174057,1.0,1111.020543637736,0.0
1215,1244160,1.513122320175171,23.93729043006897,1.0,1111.020543637736,0.0
1216,1245184,1.3354604244232178,29.835523009300232,1.0,1111.020543637736,0.0
1217,1246208,1.5063366889953613,23.106486201286316,1.0,1111.020543637736,0.0
1218,1247232,1.3607289791107178,23.88290023803711,1.0,1111.020543637736,0.0
1219,1248256,1.4710992574691772,26.629682660102844,1.0,1111.020543637736,0.0
1220,1249280,1.3846019506454468,27.51370346546173,1.0,1111.020543637736,0.0
1221,1250304,1.3666572570800781,30.203333735466003,1.0,1011.1254723346503,0.1
1222,1251328,1.3833203315734863,25.69300150871277,1.0,1011.1254723346503,0.1
1223,1252352,1.4103693962097168,28.058124661445618,1.0,1011.1254723346503,0.1
1224,1253376,1.4014256000518799,35.40694332122803,1.0,1011.1254723346503,0.1
1225,1254400,1.4103713035583496,21.10297179222107,1.0,1011.1254723346503,0.1
1226,1255424,1.3092796802520752,25.36031198501587,1.0,1011.1254723346503,0.1
1227,1256448,1.4395614862442017,20.926673769950867,1.0,1011.1254723346503,0.1
1228,1257472,1.390493631362915,29.29707360267639,1.0,1011.1254723346503,0.1
1229,1258496,1.4355316162109375,25.801095128059387,1.0,1011.1254723346503,0.1
1230,1259520,1.3841276168823242,24.807977199554443,1.0,1011.1254723346503,0.1
1231,1260544,1.2642768621444702,39.318522930145264,1.0,1092.3434740492203,0.0
1232,1261568,1.3034042119979858,32.937976002693176,1.0,1092.3434740492203,0.0
1233,1262592,1.5775920152664185,30.830437541007996,1.0,1092.3434740492203,0.0
1234,1263616,1.340592861175537,31.486010909080505,1.0,1092.3434740492203,0.0
1235,1264640,1.344048261642456,34.22300100326538,1.0,1092.3434740492203,0.0
1236,1265664,1.2844915390014648,36.42425560951233,1.0,1092.3434740492203,0.0
1237,1266688,1.3857964277267456,32.970791697502136,1.0,1092.3434740492203,0.0
1238,1267712,1.43968665599823,36.4236958026886,1.0,1092.3434740492203,0.0
1239,1268736,1.360732078552246,28.561814665794373,1.0,1092.3434740492203,0.0
1240,1269760,1.4992339611053467,32.43197441101074,1.0,1092.3434740492203,0.0
1241,1270784,1.3260107040405273,23.82821500301361,1.0,914.6158013777209,0.2
1242,1271808,1.4016815423965454,27.050263285636902,1.0,914.6158013777209,0.2
1243,1272832,1.4196922779083252,34.34251856803894,1.0,914.6158013777209,0.2
1244,1273856,1.3944997787475586,34.09315752983093,1.0,914.6158013777209,0.2
1245,1274880,1.6750712394714355,35.31027567386627,1.0,914.6158013777209,0.2
1246,1275904,1.3843084573745728,32.92445921897888,1.0,914.6158013777209,0.2
1247,1276928,1.3736240863800049,26.503384113311768,1.0,914.6158013777209,0.2
1248,1277952,1.4234981536865234,23.96472144126892,1.0,914.6158013777209,0.2
1249,1278976,1.385745882987976,25.76279640197754,1.0,914.6158013777209,0.2
1250,1280000,1.4172590970993042,26.349971175193787,1.0,1110.5690321015284,0.0
1251,1281024,1.409103274345398,28.3439302444458,1.0,1110.5690321015284,0.0
1252,1282048,1.4503419399261475,28.01680028438568,1.0,1110.5690321015284,0.0
1253,1283072,1.377733588218689,23.709367513656616,1.0,1110.5690321015284,0.0
1254,1284096,1.3771460056304932,27.105830788612366,1.0,1110.5690321015284,0.0
1255,1285120,1.454253911972046,31.021090149879456,1.0,1110.5690321015284,0.0
1256,1286144,1.4476747512817383,22.919880032539368,1.0,1110.5690321015284,0.0
1257,1287168,1.4605205059051514,32.382734417915344,1.0,1110.5690321015284,0.0
1258,1288192,1.3901631832122803,36.5734498500824,1.0,1110.5690321015284,0.0
1259,1289216,1.325417399406433,25.13329529762268,1.0,1110.5690321015284,0.0
1260,1290240,1.5824992656707764,24.11875569820404,1.0,1131.1282550181797,0.0
1261,1291264,1.3599923849105835,36.63944089412689,1.0,1131.1282550181797,0.0
1262,1292288,1.2769032716751099,24.94625723361969,1.0,1131.1282550181797,0.0
1263,1293312,1.3635592460632324,33.52050268650055,1.0,1131.1282550181797,0.0
1264,1294336,1.4793827533721924,20.46186137199402,1.0,1131.1282550181797,0.0
1265,1295360,1.3867908716201782,35.242092967033386,1.0,1131.1282550181797,0.0
1266,1296384,1.4237854480743408,24.31680393218994,1.0,1131.1282550181797,0.0
1267,1297408,1.3736557960510254,22.75565004348755,1.0,1131.1282550181797,0.0
1268,1298432,1.448483943939209,35.76705837249756,1.0,1131.1282550181797,0.0
1269,1299456,1.4056439399719238,23.902639389038086,1.0,1131.1282550181797,0.0
1270,1300480,1.286808729171753,35.90725135803223,1.0,1119.2366934916636,0.0
1271,1301504,1.3640174865722656,22.19847846031189,1.0,1119.2366934916636,0.0
1272,1302528,1.2439777851104736,31.97873604297638,1.0,1119.2366934916636,0.0
1273,1303552,1.3718881607055664,26.149633765220642,1.0,1119.2366934916636,0.0
1274,1304576,1.3948982954025269,33.74129056930542,1.0,1119.2366934916636,0.0
1275,1305600,1.3054766654968262,44.662328004837036,1.0,1119.2366934916636,0.0
1276,1306624,1.4347821474075317,35.134860038757324,1.0,1119.2366934916636,0.0
1277,1307648,1.3108069896697998,29.70973265171051,1.0,1119.2366934916636,0.0
1278,1308672,1.3440994024276733,22.98894202709198,1.0,1119.2366934916636,0.0
1279,1309696,1.3848570585250854,28.85217523574829,1.0,1119.2366934916636,0.0
1280,1310720,1.3164236545562744,27.311187982559204,1.0,957.5419520517622,0.1
1281,1311744,1.2914369106292725,27.88342261314392,1.0,957.5419520517622,0.1
1282,1312768,1.3581968545913696,23.66504192352295,1.0,957.5419520517622,0.1
1283,1313792,1.3758656978607178,24.057505249977112,1.0,957.5419520517622,0.1
1284,1314816,1.3511934280395508,24.746813535690308,1.0,957.5419520517622,0.1
1285,1315840,1.3658077716827393,19.332039892673492,1.0,957.5419520517622,0.1
1286,1316864,1.3377259969711304,25.516967177391052,1.0,957.5419520517622,0.1
1287,1317888,1.448714256286621,25.41960597038269,1.0,957.5419520517622,0.1
1288,1318912,1.4055134057998657,34.20552110671997,1.0,957.5419520517622,0.1
1289,1319936,1.5497876405715942,19.88328528404236,1.0,957.5419520517622,0.1
1290,1320960,1.3242685794830322,28.804155826568604,1.0,1035.1042401442742,0.1
1291,1321984,1.3490912914276123,36.01249039173126,1.0,1035.1042401442742,0.1
1292,1323008,1.3031091690063477,27.773258328437805,1.0,1035.1042401442742,0.1
1293,1324032,1.226992130279541,30.757246494293213,1.0,1035.1042401442742,0.1
1294,1325056,1.4922047853469849,29.764124393463135,1.0,1035.1042401442742,0.1
1295,1326080,1.4175304174423218,29.192185282707214,1.0,1035.1042401442742,0.1
1296,1327104,1.3124569654464722,26.385331630706787,1.0,1035.1042401442742,0.1
1297,1328128,1.3920416831970215,30.440940260887146,1.0,1035.1042401442742,0.1
1298,1329152,1.374678134918213,27.816511631011963,1.0,1035.1042401442742,0.1
1299,1330176,1.4817031621932983,24.47936451435089,1.0,1076.1560848774034,0.0
1300,1331200,1.3834730386734009,25.24888849258423,1.0,1076.1560848774034,0.0
1301,1332224,1.5109224319458008,30.601569771766663,1.0,1076.1560848774034,0.0
1302,1333248,1.365431547164917,22.146772503852844,1.0,1076.1560848774034,0.0
1303,1334272,1.2942039966583252,29.15962529182434,1.0,1076.1560848774034,0.0
1304,1335296,1.4796518087387085,33.36441910266876,1.0,1076.1560848774034,0.0
1305,1336320,1.3955912590026855,25.681673645973206,1.0,1076.1560848774034,0.0
1306,1337344,1.3927778005599976,27.054593205451965,1.0,1076.1560848774034,0.0
1307,1338368,1.3202049732208252,32.31373882293701,1.0,1076.1560848774034,0.0
1308,1339392,1.360697865486145,22.80708909034729,1.0,1076.1560848774034,0.0
1309,1340416,1.326097011566162,39.29715967178345,1.0,1119.0111376061093,0.0
1310,1341440,1.3947174549102783,34.90769684314728,1.0,1119.0111376061093,0.0
1311,1342464,1.357250452041626,34.70994818210602,1.0,1119.0111376061093,0.0
1312,1343488,1.2767164707183838,31.53446114063263,1.0,1119.0111376061093,0.0
1313,1344512,1.430267095565796,23.85779857635498,1.0,1119.0111376061093,0.0
1314,1345536,1.2867071628570557,26.26626145839691,1.0,1119.0111376061093,0.0
1315,1346560,1.3320817947387695,34.27165675163269,1.0,1119.0111376061093,0.0
1316,1347584,1.3327900171279907,29.889317393302917,1.0,1119.0111376061093,0.0
1317,1348608,1.2597019672393799,37.38238978385925,1.0,1119.0111376061093,0.0
1318,1349632,1.3904774188995361,38.10224509239197,1.0,1119.0111376061093,0.0
1319,1350656,1.499322772026062,32.16848587989807,1.0,1009.2245059065739,0.1
1320,1351680,1.4305907487869263,27.137980341911316,1.0,1009.2245059065739,0.1
1321,1352704,1.3826758861541748,25.54999804496765,1.0,1009.2245059065739,0.1
1322,1353728,1.5036418437957764,23.33183228969574,1.0,1009.2245059065739,0.1
1323,1354752,1.3679769039154053,28.01936161518097,1.0,1009.2245059065739,0.1
1324,1355776,1.336031436920166,23.089335560798645,1.0,1009.2245059065739,0.1
1325,1356800,1.4085807800292969,31.225502252578735,1.0,1009.2245059065739,0.1
1326,1357824,1.413320779800415,27.83750355243683,1.0,1009.2245059065739,0.1
1327,1358848,1.3620951175689697,32.0973014831543,1.0,1009.2245059065739,0.1
1328,1359872,1.3616842031478882,27.62828528881073,1.0,1009.2245059065739,0.1
1329,1360896,1.544812560081482,35.438199043273926,1.0,1098.9851093858033,0.0
1330,1361920,1.380479335784912,33.092251658439636,1.0,1098.9851093858033,0.0
1331,1362944,1.446462631225586,26.033429265022278,1.0,1098.9851093858033,0.0
1332,1363968,1.5705504417419434,26.918384671211243,1.0,1098.9851093858033,0.0
1333,1364992,1.4051765203475952,30.669113159179688,1.0,1098.9851093858033,0.0
1334,1366016,1.3032519817352295,28.763966917991638,1.0,1098.9851093858033,0.0
1335,1367040,1.4239933490753174,26.8752201795578,1.0,1098.9851093858033,0.0
1336,1368064,1.3832141160964966,29.85579288005829,1.0,1098.9851093858033,0.0
1337,1369088,1.3175016641616821,28.64668321609497,1.0,1098.9851093858033,0.0
1338,1370112,1.4112474918365479,24.85230004787445,1.0,1080.2559515291766,0.0
1339,1371136,1.3902714252471924,42.919957876205444,1.0,1080.2559515291766,0.0
1340,1372160,1.6162220239639282,27.069541215896606,1.0,1080.2559515291766,0.0
1341,1373184,1.4677762985229492,17.958011746406555,1.0,1080.2559515291766,0.0
1342,1374208,1.4951612949371338,26.38038432598114,1.0,1080.2559515291766,0.0
1343,1375232,1.2871627807617188,54.68435025215149,1.0,1080.2559515291766,0.0
1344,1376256,1.4371585845947266,24.687547206878662,1.0,1080.2559515291766,0.0
1345,1377280,1.3222482204437256,29.76197588443756,1.0,1080.2559515291766,0.0
1346,1378304,1.1459887027740479,59.71942448616028,1.0,1080.2559515291766,0.0
1347,1379328,1.3115832805633545,49.89446520805359,1.0,1080.2559515291766,0.0
1348,1380352,1.312449336051941,43.44368290901184,1.0,1060.7544129171781,0.0
1349,1381376,1.4127624034881592,35.78013014793396,1.0,1060.7544129171781,0.0
1350,1382400,1.3997268676757812,47.06134271621704,1.0,1060.7544129171781,0.0
1351,1383424,1.3881070613861084,52.559096336364746,1.0,1060.7544129171781,0.0
1352,1384448,1.2692375183105469,42.118446588516235,1.0,1060.7544129171781,0.0
1353,1385472,1.4155699014663696,30.57703125476837,1.0,1060.7544129171781,0.0
1354,1386496,1.405228614807129,27.93131172657013,1.0,1060.7544129171781,0.0
1355,1387520,1.5528249740600586,45.49796175956726,1.0,1060.7544129171781,0.0
1356,1388544,1.3163092136383057,36.83615565299988,1.0,1060.7544129171781,0.0
1357,1389568,1.2831921577453613,53.648542165756226,1.0,1060.7544129171781,0.0
1358,1390592,1.4360477924346924,39.25075817108154,1.0,1038.7620165982328,0.0
1359,1391616,1.4820051193237305,36.114017963409424,1.0,1038.7620165982328,0.0
1360,1392640,1.1729073524475098,72.91781640052795,1.0,1038.7620165982328,0.0
1361,1393664,1.4853966236114502,46.85721302032471,1.0,1038.7620165982328,0.0
1362,1394688,1.2963578701019287,48.86499309539795,1.0,1038.7620165982328,0.0
1363,1395712,1.4589390754699707,31.149084091186523,1.0,1038.7620165982328,0.0
1364,1396736,1.4007155895233154,43.154792070388794,1.0,1038.7620165982328,0.0
1365,1397760,1.4398645162582397,29.9851416349411,1.0,1038.7620165982328,0.0
1366,1398784,1.3759815692901611,27.469960808753967,1.0,1038.7620165982328,0.0
1367,1399808,1.4640257358551025,44.39581632614136,1.0,1038.7620165982328,0.0
1368,1400832,1.2365655899047852,60.63550877571106,1.0,992.1997395223389,0.0
1369,1401856,1.5035755634307861,33.23415434360504,1.0,992.1997395223389,0.0
1370,1402880,1.3988983631134033,30.134971499443054,1.0,992.1997395223389,0.0
1371,1403904,1.3733266592025757,33.745107769966125,1.0,992.1997395223389,0.0
1372,1404928,1.4075567722320557,28.39814555644989,1.0,992.1997395223389,0.0
1373,1405952,1.4447178840637207,26.383920431137085,1.0,992.1997395223389,0.0
1374,1406976,1.5150823593139648,29.517311334609985,1.0,992.1997395223389,0.0
1375,1408000,1.336724042892456,30.57149362564087,1.0,992.1997395223389,0.0
1376,1409024,1.4223346710205078,28.640571236610413,1.0,992.1997395223389,0.0
1377,1410048,1.4288585186004639,27.508010745048523,1.0,996.5419669607552,0.1
1378,1411072,1.392691731452942,32.238276958465576,1.0,996.5419669607552,0.1
1379,1412096,1.4269146919250488,26.718695878982544,1.0,996.5419669607552,0.1
1380,1413120,1.4088387489318848,30.165455102920532,1.0,996.5419669607552,0.1
1381,1414144,1.4362646341323853,27.587196707725525,1.0,996.5419669607552,0.1
1382,1415168,1.3711909055709839,35.469077348709106,1.0,996.5419669607552,0.1
1383,1416192,1.2132047414779663,54.08536076545715,1.0,996.5419669607552,0.1
1384,1417216,1.299321174621582,45.94468402862549,1.0,996.5419669607552,0.1
1385,1418240,1.4755668640136719,39.88710820674896,1.0,996.5419669607552,0.1
1386,1419264,1.4084699153900146,28.700977683067322,1.0,996.5419669607552,0.1
1387,1420288,1.520827054977417,29.762098908424377,1.0,987.5117297634413,0.1
1388,1421312,1.362065076828003,27.13646900653839,1.0,987.5117297634413,0.1
1389,1422336,1.345247507095337,39.069165110588074,1.0,987.5117297634413,0.1
1390,1423360,1.3024111986160278,38.67503595352173,1.0,987.5117297634413,0.1
1391,1424384,1.4713168144226074,26.36937952041626,1.0,987.5117297634413,0.1
1392,1425408,1.4742470979690552,19.98378950357437,1.0,987.5117297634413,0.1
1393,1426432,1.359865427017212,25.952985882759094,1.0,987.5117297634413,0.1
1394,1427456,1.5506997108459473,20.89321219921112,1.0,987.5117297634413,0.1
1395,1428480,1.4141337871551514,28.39368975162506,1.0,987.5117297634413,0.1
1396,1429504,1.4303481578826904,32.781049847602844,1.0,987.5117297634413,0.1
1397,1430528,1.3897453546524048,28.75873577594757,1.0,1019.1605148550167,0.1
1398,1431552,1.4402775764465332,27.67681086063385,1.0,1019.1605148550167,0.1
1399,1432576,1.4107966423034668,22.30180788040161,1.0,1019.1605148550167,0.1
1400,1433600,1.4969947338104248,28.04186499118805,1.0,1019.1605148550167,0.1
1401,1434624,1.50830078125,29.028069376945496,1.0,1019.1605148550167,0.1
1402,1435648,1.4192090034484863,22.415902495384216,1.0,1019.1605148550167,0.1
1403,1436672,1.3244649171829224,35.821136713027954,1.0,1019.1605148550167,0.1
1404,1437696,1.512679100036621,26.149113297462463,1.0,1019.1605148550167,0.1
1405,1438720,1.4489227533340454,34.80002975463867,1.0,1019.1605148550167,0.1
1406,1439744,1.4443247318267822,26.497706413269043,1.0,1019.1605148550167,0.1
1407,1440768,1.3996158838272095,33.39357018470764,1.0,1133.8024398599807,0.0
1408,1441792,1.3826820850372314,35.15585768222809,1.0,1133.8024398599807,0.0
1409,1442816,1.3630954027175903,31.285571932792664,1.0,1133.8024398599807,0.0
1410,1443840,1.4029006958007812,27.044880032539368,1.0,1133.8024398599807,0.0
1411,1444864,1.3246989250183105,25.18048584461212,1.0,1133.8024398599807,0.0
1412,1445888,1.3330656290054321,21.12625002861023,1.0,1133.8024398599807,0.0
1413,1446912,1.3653991222381592,30.39817988872528,1.0,1133.8024398599807,0.0
1414,1447936,1.415602445602417,25.550748348236084,1.0,1133.8024398599807,0.0
1415,1448960,1.3400002717971802,27.5497807264328,1.0,1133.8024398599807,0.0
1416,1449984,1.3491820096969604,27.57698142528534,1.0,1133.8024398599807,0.0
1417,1451008,1.4584596157073975,27.961021304130554,1.0,1073.4610607290122,0.1
1418,1452032,1.385884404182434,22.01063311100006,1.0,1073.4610607290122,0.1
1419,1453056,1.3526246547698975,21.09481692314148,1.0,1073.4610607290122,0.1
1420,1454080,1.388962745666504,27.077711820602417,1.0,1073.4610607290122,0.1
1421,1455104,1.2361302375793457,21.544610023498535,1.0,1073.4610607290122,0.1
1422,1456128,1.4407849311828613,33.48820400238037,1.0,1073.4610607290122,0.1
1423,1457152,1.3805729150772095,36.50204908847809,1.0,1073.4610607290122,0.1
1424,1458176,1.3606786727905273,27.270936012268066,1.0,1073.4610607290122,0.1
1425,1459200,1.4800611734390259,26.023398756980896,1.0,1073.4610607290122,0.1
1426,1460224,1.4525690078735352,24.584625124931335,1.0,1101.9701921208027,0.0
1427,1461248,1.3392599821090698,32.87888467311859,1.0,1101.9701921208027,0.0
1428,1462272,1.455657720565796,27.22242510318756,1.0,1101.9701921208027,0.0
1429,1463296,1.3724173307418823,22.311878561973572,1.0,1101.9701921208027,0.0
1430,1464320,1.3496078252792358,22.743459343910217,1.0,1101.9701921208027,0.0
1431,1465344,1.4733703136444092,24.870362639427185,1.0,1101.9701921208027,0.0
1432,1466368,1.4358772039413452,27.266815662384033,1.0,1101.9701921208027,0.0
1433,1467392,1.5030349493026733,24.508432984352112,1.0,1101.9701921208027,0.0
1434,1468416,1.5102672576904297,29.481253266334534,1.0,1101.9701921208027,0.0
1435,1469440,1.4784051179885864,23.855435132980347,1.0,1101.9701921208027,0.0
1436,1470464,1.4687044620513916,27.586058139801025,1.0,1070.7319441282011,0.0
1437,1471488,1.374613881111145,18.901153445243835,1.0,1070.7319441282011,0.0
1438,1472512,1.3951177597045898,22.47686207294464,1.0,1070.7319441282011,0.0
1439,1473536,1.3300247192382812,18.275807201862335,1.0,1070.7319441282011,0.0
1440,1474560,1.418837547302246,32.44068491458893,1.0,1070.7319441282011,0.0
1441,1475584,1.3887609243392944,25.947064995765686,1.0,1070.7319441282011,0.0
1442,1476608,1.3828840255737305,29.50099217891693,1.0,1070.7319441282011,0.0
1443,1477632,1.3871984481811523,24.914825081825256,1.0,1070.7319441282011,0.0
1444,1478656,1.311385989189148,22.569296956062317,1.0,1070.7319441282011,0.0
1445,1479680,1.3589553833007812,18.7625972032547,1.0,1070.7319441282011,0.0
1446,1480704,1.4528058767318726,26.176565766334534,1.0,1039.8170130997687,0.1
1447,1481728,1.341299295425415,20.773654997348785,1.0,1039.8170130997687,0.1
1448,1482752,1.3390929698944092,27.767982363700867,1.0,1039.8170130997687,0.1
1449,1483776,1.3579716682434082,33.027191400527954,1.0,1039.8170130997687,0.1
1450,1484800,1.434384822845459,23.178077816963196,1.0,1039.8170130997687,0.1
1451,1485824,1.477205514907837,32.367788314819336,1.0,1039.8170130997687,0.1
1452,1486848,1.3701505661010742,21.13992440700531,1.0,1039.8170130997687,0.1
1453,1487872,1.400263786315918,29.955776810646057,1.0,1039.8170130997687,0.1
1454,1488896,1.3614845275878906,23.511566281318665,1.0,1039.8170130997687,0.1
1455,1489920,1.357127070426941,32.73581314086914,1.0,1039.8170130997687,0.1
1456,1490944,1.3083534240722656,31.974871397018433,1.0,1122.20700035378,0.0
1457,1491968,1.438690185546875,27.48410654067993,1.0,1122.20700035378,0.0
1458,1492992,1.376405954360962,25.464107155799866,1.0,1122.20700035378,0.0
1459,1494016,1.460571527481079,25.13451659679413,1.0,1122.20700035378,0.0
1460,1495040,1.4531046152114868,19.075551867485046,1.0,1122.20700035378,0.0
1461,1496064,1.4096007347106934,30.180860996246338,1.0,1122.20700035378,0.0
1462,1497088,1.3894165754318237,30.8028724193573,1.0,1122.20700035378,0.0
1463,1498112,1.4275673627853394,21.913066267967224,1.0,1122.20700035378,0.0
1464,1499136,1.3506863117218018,25.80401647090912,1.0,1122.20700035378,0.0
1465,1500160,1.4921541213989258,32.18229866027832,1.0,1039.9777701409816,0.0
1466,1501184,1.5003021955490112,20.50541490316391,1.0,1039.9777701409816,0.0
1467,1502208,1.3195902109146118,24.73791766166687,1.0,1039.9777701409816,0.0
1468,1503232,1.3164784908294678,33.30395758152008,1.0,1039.9777701409816,0.0
1469,1504256,1.4365651607513428,25.032594203948975,1.0,1039.9777701409816,0.0
1470,1505280,1.3609555959701538,26.70719587802887,1.0,1039.9777701409816,0.0
1471,1506304,1.3607468605041504,48.95414066314697,1.0,1039.9777701409816,0.0
1472,1507328,0.472430557012558,473.06514739990234,1.0,1039.9777701409816,0.0
1473,1508352,1.3720834255218506,45.83161973953247,1.0,1039.9777701409816,0.0
1474,1509376,1.1741594076156616,217.3520040512085,1.0,1039.9777701409816,0.0
1475,1510400,0.9958380460739136,241.17293787002563,1.0,733.0838407677722,0.1
1476,1511424,1.392684817314148,101.60664105415344,1.0,733.0838407677722,0.1
1477,1512448,1.235084056854248,163.50399160385132,1.0,733.0838407677722,0.1
1478,1513472,1.06751549243927,262.44788932800293,1.0,733.0838407677722,0.1
1479,1514496,1.2870309352874756,110.54902839660645,1.0,733.0838407677722,0.1
1480,1515520,1.581888198852539,61.93115782737732,1.0,733.0838407677722,0.1
1481,1516544,1.321042776107788,68.24767565727234,1.0,733.0838407677722,0.1
1482,1517568,1.4630610942840576,42.174121499061584,1.0,733.0838407677722,0.1
1483,1518592,1.17453134059906,311.9865999221802,1.0,733.0838407677722,0.1
1484,1519616,1.1160081624984741,119.05701017379761,1.0,733.0838407677722,0.1
1485,1520640,1.3543219566345215,88.63205003738403,1.0,915.4909217700746,0.1
1486,1521664,1.3791733980178833,75.29754662513733,1.0,915.4909217700746,0.1
1487,1522688,1.1265579462051392,135.9606056213379,1.0,915.4909217700746,0.1
1488,1523712,1.0873180627822876,113.12775230407715,1.0,915.4909217700746,0.1
1489,1524736,1.4021341800689697,475.67844581604004,1.0,915.4909217700746,0.1
1490,1525760,1.1919423341751099,98.36532068252563,1.0,915.4909217700746,0.1
1491,1526784,1.3245283365249634,77.18794560432434,1.0,915.4909217700746,0.1
1492,1527808,1.3707568645477295,72.53594851493835,1.0,915.4909217700746,0.1
1493,1528832,1.1650309562683105,418.6231346130371,1.0,915.4909217700746,0.1
1494,1529856,1.177844762802124,194.94121265411377,1.0,915.4909217700746,0.1
1495,1530880,1.4123399257659912,78.41263914108276,1.0,736.0164107264702,0.0
1496,1531904,1.078724980354309,202.75030326843262,1.0,736.0164107264702,0.0
1497,1532928,1.2608243227005005,180.0829348564148,1.0,736.0164107264702,0.0
1498,1533952,1.1450068950653076,238.26735591888428,1.0,736.0164107264702,0.0
1499,1534976,1.251270055770874,111.06097269058228,1.0,736.0164107264702,0.0
1500,1536000,1.483572244644165,43.98919606208801,1.0,736.0164107264702,0.0
1501,1537024,1.2119532823562622,188.74745845794678,1.0,736.0164107264702,0.0
1502,1538048,1.21036696434021,138.71374654769897,1.0,736.0164107264702,0.0
1503,1539072,1.2070293426513672,381.27424335479736,1.0,736.0164107264702,0.0
1504,1540096,1.344252109527588,58.769009590148926,1.0,680.9403224987226,0.1
1505,1541120,1.3968297243118286,214.5853147506714,1.0,680.9403224987226,0.1
1506,1542144,1.3540706634521484,83.63392925262451,1.0,680.9403224987226,0.1
1507,1543168,1.0756475925445557,187.38299560546875,1.0,680.9403224987226,0.1
1508,1544192,1.4209622144699097,85.14952993392944,1.0,680.9403224987226,0.1
1509,1545216,1.0618748664855957,88.51593494415283,1.0,680.9403224987226,0.1
1510,1546240,1.1622244119644165,475.6238899230957,1.0,680.9403224987226,0.1
1511,1547264,1.3988633155822754,96.54438877105713,1.0,680.9403224987226,0.1
1512,1548288,1.2712950706481934,68.56772947311401,1.0,680.9403224987226,0.1
1513,1549312,1.4597327709197998,100.88286447525024,1.0,680.9403224987226,0.1
1514,1550336,1.4308772087097168,57.40873122215271,1.0,1019.6460425108417,0.0
1515,1551360,1.0540882349014282,291.4880485534668,1.0,1019.6460425108417,0.0
1516,1552384,1.2364790439605713,167.75234985351562,1.0,1019.6460425108417,0.0
1517,1553408,1.4678741693496704,173.26074647903442,1.0,1019.6460425108417,0.0
1518,1554432,1.4315699338912964,74.30928897857666,1.0,1019.6460425108417,0.0
1519,1555456,1.294492244720459,158.24855041503906,1.0,1019.6460425108417,0.0
1520,1556480,1.196380853652954,140.35624647140503,1.0,1019.6460425108417,0.0
1521,1557504,1.3322715759277344,250.95376586914062,1.0,1019.6460425108417,0.0
1522,1558528,1.432446002960205,70.43430399894714,1.0,1019.6460425108417,0.0
1523,1559552,1.3961703777313232,58.733994483947754,1.0,1019.6460425108417,0.0
1524,1560576,1.1431350708007812,141.96318864822388,1.0,969.2009446946813,0.1
1525,1561600,1.4267549514770508,26.663288712501526,1.0,969.2009446946813,0.1
1526,1562624,1.3376314640045166,60.05080270767212,1.0,969.2009446946813,0.1
1527,1563648,1.1484639644622803,150.89339685440063,1.0,969.2009446946813,0.1
1528,1564672,1.375077486038208,33.91611385345459,1.0,969.2009446946813,0.1
1529,1565696,1.0718599557876587,251.96798181533813,1.0,969.2009446946813,0.1
1530,1566720,1.2061614990234375,61.42319416999817,1.0,969.2009446946813,0.1
1531,1567744,1.1316583156585693,200.8057861328125,1.0,969.2009446946813,0.1
1532,1568768,1.222764492034912,108.54916095733643,1.0,969.2009446946813,0.1
1533,1569792,1.4277784824371338,131.85649967193604,1.0,969.2009446946813,0.1
1534,1570816,1.3940178155899048,48.93657445907593,1.0,802.0739377271973,0.1
1535,1571840,1.4290378093719482,41.100945830345154,1.0,802.0739377271973,0.1
1536,1572864,1.3761194944381714,58.92836356163025,1.0,802.0739377271973,0.1
1537,1573888,1.1694035530090332,203.78836250305176,1.0,802.0739377271973,0.1
1538,1574912,1.2662088871002197,62.99339294433594,1.0,802.0739377271973,0.1
1539,1575936,1.391874074935913,74.75815963745117,1.0,802.0739377271973,0.1
1540,1576960,1.4245915412902832,31.919819593429565,1.0,802.0739377271973,0.1
1541,1577984,1.3582990169525146,25.572593450546265,1.0,802.0739377271973,0.1
1542,1579008,1.3303780555725098,208.84662628173828,1.0,802.0739377271973,0.1
1543,1580032,1.3491307497024536,63.212857723236084,1.0,986.4429348476646,0.1
1544,1581056,1.3960131406784058,49.444058895111084,1.0,986.4429348476646,0.1
1545,1582080,1.2903571128845215,63.832879304885864,1.0,986.4429348476646,0.1
1546,1583104,1.4716250896453857,25.108920097351074,1.0,986.4429348476646,0.1
1547,1584128,1.4902900457382202,37.73672103881836,1.0,986.4429348476646,0.1
1548,1585152,1.341260552406311,57.90387296676636,1.0,986.4429348476646,0.1
1549,1586176,1.2909915447235107,75.37761449813843,1.0,986.4429348476646,0.1
1550,1587200,1.5569745302200317,27.248926162719727,1.0,986.4429348476646,0.1
1551,1588224,1.3562896251678467,43.695353746414185,1.0,986.4429348476646,0.1
1552,1589248,1.4816721677780151,57.611916303634644,1.0,986.4429348476646,0.1
1553,1590272,1.0825852155685425,184.59509468078613,1.0,995.8230849414534,0.0
1554,1591296,1.2521941661834717,117.51589679718018,1.0,995.8230849414534,0.0
1555,1592320,1.2415663003921509,70.6649739742279,1.0,995.8230849414534,0.0
1556,1593344,1.533095121383667,50.87017869949341,1.0,995.8230849414534,0.0
1557,1594368,1.4271931648254395,50.56239461898804,1.0,995.8230849414534,0.0
1558,1595392,1.349866509437561,22.68920373916626,1.0,995.8230849414534,0.0
1559,1596416,1.2804088592529297,135.61872148513794,1.0,995.8230849414534,0.0
1560,1597440,1.3422274589538574,22.424102425575256,1.0,995.8230849414534,0.0
1561,1598464,1.3713672161102295,64.12745308876038,1.0,995.8230849414534,0.0
1562,1599488,1.3555400371551514,31.742130398750305,1.0,995.8230849414534,0.0
1563,1600512,1.46787691116333,64.46309804916382,1.0,1108.909090315398,0.0
1564,1601536,1.3403375148773193,25.856730103492737,1.0,1108.909090315398,0.0
1565,1602560,1.3544052839279175,37.07942318916321,1.0,1108.909090315398,0.0
1566,1603584,1.4559353590011597,60.902432918548584,1.0,1108.909090315398,0.0
1567,1604608,1.2694817781448364,36.71602392196655,1.0,1108.909090315398,0.0
1568,1605632,1.4071369171142578,44.97203755378723,1.0,1108.909090315398,0.0
1569,1606656,1.2166601419448853,62.71059846878052,1.0,1108.909090315398,0.0
1570,1607680,1.370955228805542,36.048412799835205,1.0,1108.909090315398,0.0
1571,1608704,1.3262414932250977,60.464367151260376,1.0,1108.909090315398,0.0
1572,1609728,1.3162734508514404,23.02198553085327,1.0,1108.909090315398,0.0
1573,1610752,1.3197717666625977,54.433557987213135,1.0,935.0853410173752,0.0
1574,1611776,1.4387249946594238,47.31317353248596,1.0,935.0853410173752,0.0
1575,1612800,1.4325610399246216,36.03555762767792,1.0,935.0853410173752,0.0
1576,1613824,1.3976120948791504,47.55316638946533,1.0,935.0853410173752,0.0
1577,1614848,1.422163724899292,38.310343861579895,1.0,935.0853410173752,0.0
1578,1615872,1.2887639999389648,57.312665700912476,1.0,935.0853410173752,0.0
1579,1616896,1.3110120296478271,41.76689064502716,1.0,935.0853410173752,0.0
1580,1617920,1.4593448638916016,28.182265877723694,1.0,935.0853410173752,0.0
1581,1618944,1.5108060836791992,35.57281529903412,1.0,935.0853410173752,0.0
1582,1619968,1.4693875312805176,44.78763997554779,1.0,935.0853410173752,0.0
1583,1620992,1.449695348739624,35.282761335372925,1.0,983.0162818389038,0.1
1584,1622016,1.4081265926361084,30.132494568824768,1.0,983.0162818389038,0.1
1585,1623040,1.4499011039733887,31.495245099067688,1.0,983.0162818389038,0.1
1586,1624064,1.521540880203247,32.41647815704346,1.0,983.0162818389038,0.1
1587,1625088,1.4600653648376465,25.869733095169067,1.0,983.0162818389038,0.1
1588,1626112,1.3704829216003418,20.93818438053131,1.0,983.0162818389038,0.1
1589,1627136,1.3728389739990234,42.59750747680664,1.0,983.0162818389038,0.1
1590,1628160,1.098070502281189,76.65921473503113,1.0,983.0162818389038,0.1
1591,1629184,1.2573471069335938,43.78660345077515,1.0,983.0162818389038,0.1
1592,1630208,1.1457945108413696,62.53759479522705,1.0,802.3275905871557,0.2
1593,1631232,1.2892214059829712,33.15210199356079,1.0,802.3275905871557,0.2
1594,1632256,1.2894150018692017,59.905903577804565,1.0,802.3275905871557,0.2
1595,1633280,1.27732515335083,54.136637926101685,1.0,802.3275905871557,0.2
1596,1634304,1.3368828296661377,36.670982241630554,1.0,802.3275905871557,0.2
1597,1635328,1.356472134590149,32.978705167770386,1.0,802.3275905871557,0.2
1598,1636352,1.4418127536773682,35.812206983566284,1.0,802.3275905871557,0.2
1599,1637376,1.2178609371185303,58.77943420410156,1.0,802.3275905871557,0.2
1600,1638400,1.2952464818954468,37.038708448410034,1.0,802.3275905871557,0.2
1601,1639424,1.2641154527664185,48.09221172332764,1.0,802.3275905871557,0.2
1602,1640448,1.2887042760849,45.140241622924805,1.0,1073.5761252434338,0.0
1603,1641472,1.360429048538208,37.74618327617645,1.0,1073.5761252434338,0.0
1604,1642496,1.5990463495254517,34.58311092853546,1.0,1073.5761252434338,0.0
1605,1643520,1.248509168624878,51.201849699020386,1.0,1073.5761252434338,0.0
1606,1644544,1.3578271865844727,41.25369930267334,1.0,1073.5761252434338,0.0
1607,1645568,1.2652082443237305,57.02222537994385,1.0,1073.5761252434338,0.0
1608,1646592,1.3054170608520508,29.644159197807312,1.0,1073.5761252434338,0.0
1609,1647616,1.236814022064209,48.52082133293152,1.0,1073.5761252434338,0.0
1610,1648640,1.3274781703948975,24.913432598114014,1.0,1073.5761252434338,0.0
1611,1649664,1.2861831188201904,41.3932523727417,1.0,1073.5761252434338,0.0
1612,1650688,1.4620779752731323,16.78742802143097,1.0,1059.4756699159357,0.0
1613,1651712,1.3465759754180908,39.17983162403107,1.0,1059.4756699159357,0.0
1614,1652736,1.0493741035461426,63.975024461746216,1.0,1059.4756699159357,0.0
1615,1653760,1.2765005826950073,42.473238706588745,1.0,1059.4756699159357,0.0
1616,1654784,1.2307833433151245,53.330944538116455,1.0,1059.4756699159357,0.0
1617,1655808,1.475581169128418,34.027907490730286,1.0,1059.4756699159357,0.0
1618,1656832,1.3807626962661743,22.338728547096252,1.0,1059.4756699159357,0.0
1619,1657856,1.1687451601028442,52.46808862686157,1.0,1059.4756699159357,0.0
1620,1658880,1.3168094158172607,37.98265600204468,1.0,1059.4756699159357,0.0
1621,1659904,1.4029395580291748,22.11096441745758,1.0,1059.4756699159357,0.0
1622,1660928,1.347352385520935,37.36984157562256,1.0,1008.5572255412169,0.0
1623,1661952,1.317834496498108,30.520614624023438,1.0,1008.5572255412169,0.0
1624,1662976,1.4529005289077759,21.3721581697464,1.0,1008.5572255412169,0.0
1625,1664000,1.3683278560638428,40.116825103759766,1.0,1008.5572255412169,0.0
1626,1665024,1.409944772720337,31.08432424068451,1.0,1008.5572255412169,0.0
1627,1666048,1.3839783668518066,27.577184081077576,1.0,1008.5572255412169,0.0
1628,1667072,1.385810136795044,25.87734341621399,1.0,1008.5572255412169,0.0
1629,1668096,1.286556601524353,40.198567152023315,1.0,1008.5572255412169,0.0
1630,1669120,1.3454235792160034,24.763677835464478,1.0,1008.5572255412169,0.0
1631,1670144,1.4899098873138428,29.14190983772278,1.0,1095.9681028468763,0.0
1632,1671168,1.332898736000061,28.331008553504944,1.0,1095.9681028468763,0.0
1633,1672192,1.3549479246139526,24.337039828300476,1.0,1095.9681028468763,0.0
1634,1673216,1.3777363300323486,28.98629319667816,1.0,1095.9681028468763,0.0
1635,1674240,1.3140802383422852,48.26680278778076,1.0,1095.9681028468763,0.0
1636,1675264,1.3481574058532715,31.26827847957611,1.0,1095.9681028468763,0.0
1637,1676288,1.3284800052642822,55.257306814193726,1.0,1095.9681028468763,0.0
1638,1677312,1.5234346389770508,40.000235080718994,1.0,1095.9681028468763,0.0
1639,1678336,1.3991925716400146,33.80967724323273,1.0,1095.9681028468763,0.0
1640,1679360,1.3538181781768799,43.023741245269775,1.0,1095.9681028468763,0.0
1641,1680384,1.3022260665893555,46.627923011779785,1.0,881.8439532190193,0.2
1642,1681408,1.271860122680664,38.85079205036163,1.0,881.8439532190193,0.2
1643,1682432,1.3691480159759521,32.89376652240753,1.0,881.8439532190193,0.2
1644,1683456,1.2511799335479736,67.60428261756897,1.0,881.8439532190193,0.2
1645,1684480,1.395932674407959,26.870306730270386,1.0,881.8439532190193,0.2
1646,1685504,1.322847604751587,28.0508371591568,1.0,881.8439532190193,0.2
1647,1686528,1.319907784461975,38.160765290260315,1.0,881.8439532190193,0.2
1648,1687552,1.350212574005127,45.050697565078735,1.0,881.8439532190193,0.2
1649,1688576,1.3477851152420044,40.808475613594055,1.0,881.8439532190193,0.2
1650,1689600,1.402867078781128,35.14792883396149,1.0,881.8439532190193,0.2
1651,1690624,1.6372302770614624,30.84230363368988,1.0,983.4249518344288,0.1
1652,1691648,1.3203049898147583,34.7146360874176,1.0,983.4249518344288,0.1
1653,1692672,1.534307599067688,31.21241068840027,1.0,983.4249518344288,0.1
1654,1693696,1.3125131130218506,68.18309712409973,1.0,983.4249518344288,0.1
1655,1694720,1.4681684970855713,25.209893107414246,1.0,983.4249518344288,0.1
1656,1695744,1.352225661277771,32.453537702560425,1.0,983.4249518344288,0.1
1657,1696768,1.3538932800292969,32.37849760055542,1.0,983.4249518344288,0.1
1658,1697792,1.4701480865478516,29.326072573661804,1.0,983.4249518344288,0.1
1659,1698816,1.3651039600372314,30.603047728538513,1.0,983.4249518344288,0.1
1660,1699840,1.3417181968688965,36.10725665092468,1.0,983.4249518344288,0.1
1661,1700864,1.3048148155212402,51.01287841796875,1.0,866.4903533644847,0.2
1662,1701888,1.412360668182373,43.948583126068115,1.0,866.4903533644847,0.2
1663,1702912,1.3205320835113525,27.282451391220093,1.0,866.4903533644847,0.2
1664,1703936,1.3568315505981445,38.1425576210022,1.0,866.4903533644847,0.2
1665,1704960,1.3450231552124023,26.58226764202118,1.0,866.4903533644847,0.2
1666,1705984,1.2824227809906006,28.112000226974487,1.0,866.4903533644847,0.2
1667,1707008,1.4309693574905396,26.038203835487366,1.0,866.4903533644847,0.2
1668,1708032,1.376326322555542,28.925921082496643,1.0,866.4903533644847,0.2
1669,1709056,1.3652637004852295,41.023868560791016,1.0,866.4903533644847,0.2
1670,1710080,1.4228200912475586,35.15483617782593,1.0,1076.8801256520242,0.0
1671,1711104,1.386763334274292,29.74280083179474,1.0,1076.8801256520242,0.0
1672,1712128,1.3269553184509277,33.25578153133392,1.0,1076.8801256520242,0.0
1673,1713152,1.4262479543685913,29.093907237052917,1.0,1076.8801256520242,0.0
1674,1714176,1.3474639654159546,37.899882555007935,1.0,1076.8801256520242,0.0
1675,1715200,1.3687903881072998,19.84736740589142,1.0,1076.8801256520242,0.0
1676,1716224,1.347409963607788,25.873913049697876,1.0,1076.8801256520242,0.0
1677,1717248,1.3748109340667725,26.24607539176941,1.0,1076.8801256520242,0.0
1678,1718272,1.404250979423523,24.98965048789978,1.0,1076.8801256520242,0.0
1679,1719296,1.3088600635528564,22.521124482154846,1.0,1076.8801256520242,0.0
1680,1720320,1.4728724956512451,32.098273038864136,1.0,1079.731109324805,0.0
1681,1721344,1.380680799484253,21.095496654510498,1.0,1079.731109324805,0.0
1682,1722368,1.3891501426696777,33.57422649860382,1.0,1079.731109324805,0.0
1683,1723392,1.3919734954833984,23.92469298839569,1.0,1079.731109324805,0.0
1684,1724416,1.4794490337371826,22.756731629371643,1.0,1079.731109324805,0.0
1685,1725440,1.0643128156661987,81.34482502937317,1.0,1079.731109324805,0.0
1686,1726464,1.2434420585632324,36.828821539878845,1.0,1079.731109324805,0.0
1687,1727488,1.4914616346359253,28.62867045402527,1.0,1079.731109324805,0.0
1688,1728512,1.4157752990722656,25.178971767425537,1.0,1079.731109324805,0.0
1689,1729536,1.4233351945877075,32.36130368709564,1.0,1079.731109324805,0.0
1690,1730560,1.1552907228469849,77.89269709587097,1.0,903.9736364240587,0.2
1691,1731584,1.382931113243103,34.84318220615387,1.0,903.9736364240587,0.2
1692,1732608,1.407817006111145,32.100555062294006,1.0,903.9736364240587,0.2
1693,1733632,1.4712483882904053,37.15306794643402,1.0,903.9736364240587,0.2
1694,1734656,1.3032587766647339,93.78560400009155,1.0,903.9736364240587,0.2
1695,1735680,1.3438575267791748,37.630608558654785,1.0,903.9736364240587,0.2
1696,1736704,1.3683784008026123,39.393173813819885,1.0,903.9736364240587,0.2
1697,1737728,1.313427209854126,40.670807123184204,1.0,903.9736364240587,0.2
1698,1738752,1.2110172510147095,80.11500287055969,1.0,903.9736364240587,0.2
1699,1739776,1.0958669185638428,109.53028964996338,1.0,903.9736364240587,0.2
1700,1740800,1.3670395612716675,38.286810994148254,1.0,982.1256131792492,0.1
1701,1741824,1.3018755912780762,43.62920045852661,1.0,982.1256131792492,0.1
1702,1742848,1.239900827407837,37.78008854389191,1.0,982.1256131792492,0.1
1703,1743872,1.434800148010254,59.49180030822754,1.0,982.1256131792492,0.1
1704,1744896,1.2118401527404785,80.20219373703003,1.0,982.1256131792492,0.1
1705,1745920,1.3912739753723145,40.67351055145264,1.0,982.1256131792492,0.1
1706,1746944,1.2855544090270996,34.55414092540741,1.0,982.1256131792492,0.1
1707,1747968,1.2976362705230713,63.309048891067505,1.0,982.1256131792492,0.1
1708,1748992,1.3733952045440674,66.21374845504761,1.0,982.1256131792492,0.1
1709,1750016,1.4164236783981323,45.90441107749939,1.0,898.1075372399246,0.2
1710,1751040,1.4044325351715088,42.64434742927551,1.0,898.1075372399246,0.2
1711,1752064,1.3534173965454102,32.47379112243652,1.0,898.1075372399246,0.2
1712,1753088,1.4494446516036987,45.500638484954834,1.0,898.1075372399246,0.2
1713,1754112,1.5624349117279053,30.253946661949158,1.0,898.1075372399246,0.2
1714,1755136,1.4115159511566162,32.05960822105408,1.0,898.1075372399246,0.2
1715,1756160,1.3148678541183472,37.06407606601715,1.0,898.1075372399246,0.2
1716,1757184,1.2063251733779907,40.006407260894775,1.0,898.1075372399246,0.2
1717,1758208,1.1813712120056152,46.93501853942871,1.0,898.1075372399246,0.2
1718,1759232,1.4173299074172974,29.398945212364197,1.0,898.1075372399246,0.2
1719,1760256,1.3521268367767334,49.20873713493347,1.0,963.6283476022973,0.1
1720,1761280,1.3751602172851562,32.64923393726349,1.0,963.6283476022973,0.1
1721,1762304,1.5172467231750488,36.53436577320099,1.0,963.6283476022973,0.1
1722,1763328,1.4322764873504639,31.143641471862793,1.0,963.6283476022973,0.1
1723,1764352,1.3538191318511963,44.57587718963623,1.0,963.6283476022973,0.1
1724,1765376,1.3926596641540527,38.54201400279999,1.0,963.6283476022973,0.1
1725,1766400,1.3886274099349976,28.459039568901062,1.0,963.6283476022973,0.1
1726,1767424,1.330201506614685,58.775750160217285,1.0,963.6283476022973,0.1
1727,1768448,1.4030619859695435,39.62205910682678,1.0,963.6283476022973,0.1
1728,1769472,1.4748207330703735,33.057512402534485,1.0,963.6283476022973,0.1
1729,1770496,1.4150875806808472,35.336445331573486,1.0,1003.0540702401586,0.1
1730,1771520,1.37705397605896,38.474993109703064,1.0,1003.0540702401586,0.1
1731,1772544,1.4388624429702759,36.085455536842346,1.0,1003.0540702401586,0.1
1732,1773568,1.472543478012085,34.209768414497375,1.0,1003.0540702401586,0.1
1733,1774592,1.467824935913086,28.975424647331238,1.0,1003.0540702401586,0.1
1734,1775616,1.352266788482666,38.92844295501709,1.0,1003.0540702401586,0.1
1735,1776640,1.4977573156356812,34.612311005592346,1.0,1003.0540702401586,0.1
1736,1777664,1.3698819875717163,33.217849254608154,1.0,1003.0540702401586,0.1
1737,1778688,1.4391313791275024,28.32867407798767,1.0,1003.0540702401586,0.1
1738,1779712,1.3565852642059326,32.82907485961914,1.0,1003.0540702401586,0.1
1739,1780736,1.4785499572753906,25.451581120491028,1.0,1078.4848751706045,0.0
1740,1781760,1.34525728225708,40.56530773639679,1.0,1078.4848751706045,0.0
1741,1782784,1.3251359462738037,35.84457015991211,1.0,1078.4848751706045,0.0
1742,1783808,1.315474271774292,22.29676330089569,1.0,1078.4848751706045,0.0
1743,1784832,1.3558796644210815,27.520784854888916,1.0,1078.4848751706045,0.0
1744,1785856,1.3361802101135254,29.369871020317078,1.0,1078.4848751706045,0.0
1745,1786880,1.471165657043457,32.33956027030945,1.0,1078.4848751706045,0.0
1746,1787904,1.41506028175354,17.87245899438858,1.0,1078.4848751706045,0.0
1747,1788928,1.4028704166412354,28.317060232162476,1.0,1078.4848751706045,0.0
1748,1789952,1.4521667957305908,24.89976680278778,1.0,1078.4848751706045,0.0
1749,1790976,1.335511326789856,32.16450786590576,1.0,1103.6837593968594,0.0
1750,1792000,1.3127529621124268,28.411487340927124,1.0,1103.6837593968594,0.0
1751,1793024,1.4135655164718628,25.744032979011536,1.0,1103.6837593968594,0.0
1752,1794048,1.6363182067871094,26.003925800323486,1.0,1103.6837593968594,0.0
1753,1795072,1.4591655731201172,32.15126419067383,1.0,1103.6837593968594,0.0
1754,1796096,1.3164262771606445,24.276551961898804,1.0,1103.6837593968594,0.0
1755,1797120,1.4427330493927002,41.457088232040405,1.0,1103.6837593968594,0.0
1756,1798144,1.3536088466644287,25.167320251464844,1.0,1103.6837593968594,0.0
1757,1799168,1.4268772602081299,28.579612731933594,1.0,1103.6837593968594,0.0
1758,1800192,1.352661371231079,35.38172125816345,1.0,915.7040059347019,0.2
1759,1801216,1.3858944177627563,32.80850923061371,1.0,915.7040059347019,0.2
1760,1802240,1.4112145900726318,28.434860229492188,1.0,915.7040059347019,0.2
1761,1803264,1.4839657545089722,34.018673062324524,1.0,915.7040059347019,0.2
1762,1804288,1.4255527257919312,36.967994689941406,1.0,915.7040059347019,0.2
1763,1805312,1.420947551727295,29.522337555885315,1.0,915.7040059347019,0.2
1764,1806336,1.422670841217041,32.73362731933594,1.0,915.7040059347019,0.2
1765,1807360,1.364548683166504,37.60798966884613,1.0,915.7040059347019,0.2
1766,1808384,1.4615051746368408,34.13836228847504,1.0,915.7040059347019,0.2
1767,1809408,1.4124820232391357,26.48724091053009,1.0,915.7040059347019,0.2
1768,1810432,1.3967658281326294,29.72228991985321,1.0,1123.1091873506218,0.0
1769,1811456,1.3904871940612793,23.168021857738495,1.0,1123.1091873506218,0.0
1770,1812480,1.3760355710983276,28.512614488601685,1.0,1123.1091873506218,0.0
1771,1813504,1.3652424812316895,21.725958704948425,1.0,1123.1091873506218,0.0
1772,1814528,1.3001816272735596,30.97987461090088,1.0,1123.1091873506218,0.0
1773,1815552,1.3412350416183472,25.67401421070099,1.0,1123.1091873506218,0.0
1774,1816576,1.4932329654693604,25.291564464569092,1.0,1123.1091873506218,0.0
1775,1817600,1.4296467304229736,36.92682206630707,1.0,1123.1091873506218,0.0
1776,1818624,1.3701581954956055,30.07582998275757,1.0,1123.1091873506218,0.0
1777,1819648,1.3851574659347534,28.371466159820557,1.0,1123.1091873506218,0.0
1778,1820672,1.296891689300537,31.929798364639282,1.0,1108.1778677467712,0.0
1779,1821696,1.4063825607299805,18.5646253824234,1.0,1108.1778677467712,0.0
1780,1822720,1.5628864765167236,32.35786855220795,1.0,1108.1778677467712,0.0
1781,1823744,1.3870444297790527,21.207457542419434,1.0,1108.1778677467712,0.0
1782,1824768,1.4457190036773682,34.481162667274475,1.0,1108.1778677467712,0.0
1783,1825792,1.343650221824646,29.36127495765686,1.0,1108.1778677467712,0.0
1784,1826816,1.4396677017211914,33.16476666927338,1.0,1108.1778677467712,0.0
1785,1827840,1.4272077083587646,33.79195940494537,1.0,1108.1778677467712,0.0
1786,1828864,1.5510907173156738,29.20509970188141,1.0,1108.1778677467712,0.0
1787,1829888,1.34518563747406,33.322545647621155,1.0,1108.1778677467712,0.0
1788,1830912,1.534006953239441,35.303537249565125,1.0,1126.5862107738042,0.0
1789,1831936,1.4038352966308594,30.08639919757843,1.0,1126.5862107738042,0.0
1790,1832960,1.4066798686981201,22.748861074447632,1.0,1126.5862107738042,0.0
1791,1833984,1.3964362144470215,40.0618280172348,1.0,1126.5862107738042,0.0
1792,1835008,1.416532039642334,32.93674957752228,1.0,1126.5862107738042,0.0
1793,1836032,1.467166781425476,24.72393274307251,1.0,1126.5862107738042,0.0
1794,1837056,1.4898791313171387,34.415632128715515,1.0,1126.5862107738042,0.0
1795,1838080,1.4048138856887817,29.915017008781433,1.0,1126.5862107738042,0.0
1796,1839104,1.516608476638794,20.41859620809555,1.0,1126.5862107738042,0.0
1797,1840128,1.4579890966415405,25.323023557662964,1.0,1100.8573914027943,0.0
1798,1841152,1.3057620525360107,43.36605715751648,1.0,1100.8573914027943,0.0
1799,1842176,1.447911024093628,28.25506603717804,1.0,1100.8573914027943,0.0
1800,1843200,1.4301443099975586,18.14950865507126,1.0,1100.8573914027943,0.0
1801,1844224,1.3887155055999756,24.56053328514099,1.0,1100.8573914027943,0.0
1802,1845248,1.434860110282898,23.59926128387451,1.0,1100.8573914027943,0.0
1803,1846272,1.3210036754608154,23.80530285835266,1.0,1100.8573914027943,0.0
1804,1847296,1.6104564666748047,26.117031455039978,1.0,1100.8573914027943,0.0
1805,1848320,1.4093718528747559,31.08740532398224,1.0,1100.8573914027943,0.0
1806,1849344,1.4507529735565186,31.563027501106262,1.0,1100.8573914027943,0.0
1807,1850368,1.4308950901031494,21.846858978271484,1.0,1102.2058204391963,0.0
1808,1851392,1.392581820487976,24.275431752204895,1.0,1102.2058204391963,0.0
1809,1852416,1.2650425434112549,35.9004921913147,1.0,1102.2058204391963,0.0
1810,1853440,1.2809263467788696,26.709030866622925,1.0,1102.2058204391963,0.0
1811,1854464,1.4226911067962646,22.864240288734436,1.0,1102.2058204391963,0.0
1812,1855488,1.40863037109375,26.723397493362427,1.0,1102.2058204391963,0.0
1813,1856512,1.4108037948608398,27.540536284446716,1.0,1102.2058204391963,0.0
1814,1857536,1.5393249988555908,27.510344624519348,1.0,1102.2058204391963,0.0
1815,1858560,1.398390531539917,19.131359696388245,1.0,1102.2058204391963,0.0
1816,1859584,1.408721685409546,28.10818612575531,1.0,1102.2058204391963,0.0
1817,1860608,1.6187937259674072,20.86505627632141,1.0,1117.8423586019435,0.0
1818,1861632,1.3940024375915527,17.783294200897217,1.0,1117.8423586019435,0.0
1819,1862656,1.5336198806762695,17.44919866323471,1.0,1117.8423586019435,0.0
1820,1863680,1.387819766998291,25.820059895515442,1.0,1117.8423586019435,0.0
1821,1864704,1.4087867736816406,17.55375373363495,1.0,1117.8423586019435,0.0
1822,1865728,1.5646098852157593,23.205384612083435,1.0,1117.8423586019435,0.0
1823,1866752,1.4912190437316895,17.56879734992981,1.0,1117.8423586019435,0.0
1824,1867776,1.5561752319335938,18.96816396713257,1.0,1117.8423586019435,0.0
1825,1868800,1.425450086593628,15.594375014305115,1.0,1117.8423586019435,0.0
1826,1869824,1.4988881349563599,33.771443605422974,1.0,1117.8423586019435,0.0
1827,1870848,1.4252313375473022,24.487623810768127,1.0,1102.0960207681542,0.0
1828,1871872,1.4671796560287476,36.938809633255005,1.0,1102.0960207681542,0.0
1829,1872896,1.4877201318740845,16.91628473997116,1.0,1102.0960207681542,0.0
1830,1873920,1.4992127418518066,26.70039677619934,1.0,1102.0960207681542,0.0
1831,1874944,1.5352259874343872,22.637812733650208,1.0,1102.0960207681542,0.0
1832,1875968,1.3726528882980347,28.69821333885193,1.0,1102.0960207681542,0.0
1833,1876992,1.3844226598739624,20.228836178779602,1.0,1102.0960207681542,0.0
1834,1878016,1.4631236791610718,28.583975434303284,1.0,1102.0960207681542,0.0
1835,1879040,1.3938052654266357,18.91661101579666,1.0,1102.0960207681542,0.0
1836,1880064,1.4438326358795166,27.951752185821533,1.0,1022.8305166807422,0.1
1837,1881088,1.404879093170166,20.761012077331543,1.0,1022.8305166807422,0.1
1838,1882112,1.4858143329620361,21.043567299842834,1.0,1022.8305166807422,0.1
1839,1883136,1.437499761581421,19.220861315727234,1.0,1022.8305166807422,0.1
1840,1884160,1.4068577289581299,20.82490825653076,1.0,1022.8305166807422,0.1
1841,1885184,1.3853769302368164,16.69275689125061,1.0,1022.8305166807422,0.1
1842,1886208,1.3727355003356934,23.88084715604782,1.0,1022.8305166807422,0.1
1843,1887232,1.3507839441299438,17.566461086273193,1.0,1022.8305166807422,0.1
1844,1888256,1.398790955543518,18.53332132101059,1.0,1022.8305166807422,0.1
1845,1889280,1.4637341499328613,26.05016565322876,1.0,1022.8305166807422,0.1
1846,1890304,1.3879623413085938,19.56131112575531,1.0,1007.7001517223089,0.1
1847,1891328,1.4416626691818237,19.32800543308258,1.0,1007.7001517223089,0.1
1848,1892352,1.4798144102096558,24.99590766429901,1.0,1007.7001517223089,0.1
1849,1893376,1.5033843517303467,21.78087615966797,1.0,1007.7001517223089,0.1
1850,1894400,1.384656548500061,30.641866087913513,1.0,1007.7001517223089,0.1
1851,1895424,1.323133945465088,29.8465096950531,1.0,1007.7001517223089,0.1
1852,1896448,1.45444917678833,22.631895542144775,1.0,1007.7001517223089,0.1
1853,1897472,1.4980928897857666,21.207985281944275,1.0,1007.7001517223089,0.1
1854,1898496,1.2945514917373657,25.581966996192932,1.0,1007.7001517223089,0.1
1855,1899520,1.3941336870193481,28.990901470184326,1.0,1007.7001517223089,0.1
1856,1900544,1.4581620693206787,23.873456358909607,1.0,933.1716822810307,0.2
1857,1901568,1.5311627388000488,25.39595377445221,1.0,933.1716822810307,0.2
1858,1902592,1.421154499053955,24.642425060272217,1.0,933.1716822810307,0.2
1859,1903616,1.6146687269210815,30.045796871185303,1.0,933.1716822810307,0.2
1860,1904640,1.4532867670059204,29.111103773117065,1.0,933.1716822810307,0.2
1861,1905664,1.43607759475708,21.453047394752502,1.0,933.1716822810307,0.2
1862,1906688,1.442793369293213,21.53264856338501,1.0,933.1716822810307,0.2
1863,1907712,1.3516008853912354,34.418792486190796,1.0,933.1716822810307,0.2
1864,1908736,1.3889977931976318,30.807747840881348,1.0,933.1716822810307,0.2
1865,1909760,1.309312105178833,24.567962765693665,1.0,933.1716822810307,0.2
1866,1910784,1.3517603874206543,24.841647028923035,1.0,1098.0120326042113,0.0
1867,1911808,1.4506125450134277,25.876943469047546,1.0,1098.0120326042113,0.0
1868,1912832,1.4222691059112549,29.18639087677002,1.0,1098.0120326042113,0.0
1869,1913856,1.3068737983703613,24.890244841575623,1.0,1098.0120326042113,0.0
1870,1914880,1.4007768630981445,25.050132274627686,1.0,1098.0120326042113,0.0
1871,1915904,1.3516451120376587,23.72872793674469,1.0,1098.0120326042113,0.0
1872,1916928,1.4585225582122803,36.785831809043884,1.0,1098.0120326042113,0.0
1873,1917952,1.4212244749069214,36.422160267829895,1.0,1098.0120326042113,0.0
1874,1918976,1.4235752820968628,35.69669759273529,1.0,1098.0120326042113,0.0
1875,1920000,1.3750958442687988,37.189709305763245,1.0,1125.9533345268355,0.1
1876,1921024,1.289786696434021,28.708304405212402,1.0,1125.9533345268355,0.1
1877,1922048,1.3602612018585205,32.69061756134033,1.0,1125.9533345268355,0.1
1878,1923072,1.454513430595398,29.819191813468933,1.0,1125.9533345268355,0.1
1879,1924096,1.4148120880126953,31.504097819328308,1.0,1125.9533345268355,0.1
1880,1925120,1.539574384689331,26.192001700401306,1.0,1125.9533345268355,0.1
1881,1926144,1.3904459476470947,25.708524584770203,1.0,1125.9533345268355,0.1
1882,1927168,1.4770883321762085,21.227896690368652,1.0,1125.9533345268355,0.1
1883,1928192,1.5497245788574219,27.750627517700195,1.0,1125.9533345268355,0.1
1884,1929216,1.457251787185669,22.906508922576904,1.0,1125.9533345268355,0.1
1885,1930240,1.283933162689209,36.2606498003006,1.0,1099.7066924531698,0.0
1886,1931264,1.3986854553222656,31.774826288223267,1.0,1099.7066924531698,0.0
1887,1932288,1.406430959701538,23.55801033973694,1.0,1099.7066924531698,0.0
1888,1933312,1.4566946029663086,36.247873306274414,1.0,1099.7066924531698,0.0
1889,1934336,1.3822482824325562,17.30899453163147,1.0,1099.7066924531698,0.0
1890,1935360,1.347291111946106,32.45350170135498,1.0,1099.7066924531698,0.0
1891,1936384,1.4656543731689453,31.269739151000977,1.0,1099.7066924531698,0.0
1892,1937408,1.3181499242782593,28.5376558303833,1.0,1099.7066924531698,0.0
1893,1938432,1.3160637617111206,30.766586899757385,1.0,1099.7066924531698,0.0
1894,1939456,1.515000343322754,35.98571574687958,1.0,1099.7066924531698,0.0
1895,1940480,1.3620154857635498,28.55120098590851,1.0,1096.0316538309075,0.0
1896,1941504,1.3575282096862793,26.275378704071045,1.0,1096.0316538309075,0.0
1897,1942528,1.565669059753418,23.376835823059082,1.0,1096.0316538309075,0.0
1898,1943552,1.4132351875305176,20.768626868724823,1.0,1096.0316538309075,0.0
1899,1944576,1.4462487697601318,18.47414755821228,1.0,1096.0316538309075,0.0
1900,1945600,1.4610164165496826,17.76613938808441,1.0,1096.0316538309075,0.0
1901,1946624,1.3910014629364014,26.688020706176758,1.0,1096.0316538309075,0.0
1902,1947648,1.3001132011413574,26.787744998931885,1.0,1096.0316538309075,0.0
1903,1948672,1.321793556213379,21.897374033927917,1.0,1096.0316538309075,0.0
1904,1949696,1.5612645149230957,20.522767901420593,1.0,1096.0316538309075,0.0
1905,1950720,1.4838314056396484,17.22271567583084,1.0,1118.604906879909,0.0
1906,1951744,1.4115839004516602,16.741580188274384,1.0,1118.604906879909,0.0
1907,1952768,1.4529037475585938,18.899717271327972,1.0,1118.604906879909,0.0
1908,1953792,1.3683096170425415,23.870152473449707,1.0,1118.604906879909,0.0
1909,1954816,1.393500804901123,23.49850082397461,1.0,1118.604906879909,0.0
1910,1955840,1.4606035947799683,23.43524920940399,1.0,1118.604906879909,0.0
1911,1956864,1.3647831678390503,23.859220027923584,1.0,1118.604906879909,0.0
1912,1957888,1.3960241079330444,23.799330234527588,1.0,1118.604906879909,0.0
1913,1958912,1.4140665531158447,16.552186369895935,1.0,1118.604906879909,0.0
1914,1959936,1.3545914888381958,26.62048852443695,1.0,1118.604906879909,0.0
1915,1960960,1.3650075197219849,29.47056245803833,1.0,1096.1986870062315,0.0
1916,1961984,1.3557391166687012,23.069194555282593,1.0,1096.1986870062315,0.0
1917,1963008,1.4850010871887207,24.613593101501465,1.0,1096.1986870062315,0.0
1918,1964032,1.4990288019180298,34.052026867866516,1.0,1096.1986870062315,0.0
1919,1965056,1.3195974826812744,37.654953837394714,1.0,1096.1986870062315,0.0
1920,1966080,1.2995812892913818,35.13509559631348,1.0,1096.1986870062315,0.0
1921,1967104,1.404688835144043,31.808429479599,1.0,1096.1986870062315,0.0
1922,1968128,1.4820555448532104,26.320497632026672,1.0,1096.1986870062315,0.0
1923,1969152,1.5217854976654053,24.360891938209534,1.0,1096.1986870062315,0.0
1924,1970176,1.4106096029281616,25.256909251213074,1.0,1121.9136196768682,0.0
1925,1971200,1.3888843059539795,28.78683638572693,1.0,1121.9136196768682,0.0
1926,1972224,1.3912506103515625,25.38948118686676,1.0,1121.9136196768682,0.0
1927,1973248,1.3177149295806885,35.305309891700745,1.0,1121.9136196768682,0.0
1928,1974272,1.3867154121398926,26.723405480384827,1.0,1121.9136196768682,0.0
1929,1975296,1.4264540672302246,26.249694347381592,1.0,1121.9136196768682,0.0
1930,1976320,1.4265432357788086,26.743956446647644,1.0,1121.9136196768682,0.0
1931,1977344,1.4193542003631592,26.416105270385742,1.0,1121.9136196768682,0.0
1932,1978368,1.3785314559936523,24.587414264678955,1.0,1121.9136196768682,0.0
1933,1979392,1.4071786403656006,30.3863742351532,1.0,1121.9136196768682,0.0
1934,1980416,1.4420840740203857,30.619269609451294,1.0,1092.7556144264051,0.0
1935,1981440,1.4245591163635254,25.832554578781128,1.0,1092.7556144264051,0.0
1936,1982464,1.3952513933181763,30.156821608543396,1.0,1092.7556144264051,0.0
1937,1983488,1.3020679950714111,26.671189785003662,1.0,1092.7556144264051,0.0
1938,1984512,1.432531476020813,26.938077688217163,1.0,1092.7556144264051,0.0
1939,1985536,1.5354692935943604,28.049726366996765,1.0,1092.7556144264051,0.0
1940,1986560,1.322003722190857,29.09008538722992,1.0,1092.7556144264051,0.0
1941,1987584,1.4700350761413574,33.914971113204956,1.0,1092.7556144264051,0.0
1942,1988608,1.4978041648864746,23.984093070030212,1.0,1092.7556144264051,0.0
1943,1989632,1.3698086738586426,36.85663068294525,1.0,1092.7556144264051,0.0
1944,1990656,1.3652992248535156,21.823829174041748,1.0,1135.9715668473168,0.0
1945,1991680,1.3851017951965332,26.283815503120422,1.0,1135.9715668473168,0.0
1946,1992704,1.5403690338134766,22.384778141975403,1.0,1135.9715668473168,0.0
1947,1993728,1.4328198432922363,32.12155783176422,1.0,1135.9715668473168,0.0
1948,1994752,1.495903730392456,36.51481604576111,1.0,1135.9715668473168,0.0
1949,1995776,1.408953309059143,33.36969208717346,1.0,1135.9715668473168,0.0
1950,1996800,1.4847050905227661,15.693836688995361,1.0,1135.9715668473168,0.0
1951,1997824,1.3406435251235962,35.73422288894653,1.0,1135.9715668473168,0.0
1952,1998848,1.4864012002944946,29.217402577400208,1.0,1135.9715668473168,0.0
1953,1999872,1.4357311725616455,25.406205892562866,1.0,1135.9715668473168,0.0
