This is XeTeX, Version 3.141592653-2.6-0.999995 (TeX Live 2023) (preloaded format=xelatex 2023.9.5)  2 MAR 2026 20:40
entering extended mode
 restricted \write18 enabled.
 file:line:error style messages enabled.
 %&-line parsing enabled.
**markov_modeling_cn
(./markov_modeling_cn.tex
LaTeX2e <2022-11-01> patch level 1
L3 programming layer <2023-02-22> (e:/texlive/2023/texmf-dist/tex/latex/base/article.cls
Document Class: article 2022/07/02 v1.4n Standard LaTeX document class
(e:/texlive/2023/texmf-dist/tex/latex/base/size11.clo
File: size11.clo 2022/07/02 v1.4n Standard LaTeX file (size option)
)
\c@part=\count181
\c@section=\count182
\c@subsection=\count183
\c@subsubsection=\count184
\c@paragraph=\count185
\c@subparagraph=\count186
\c@figure=\count187
\c@table=\count188
\abovecaptionskip=\skip48
\belowcaptionskip=\skip49
\bibindent=\dimen140
) (e:/texlive/2023/texmf-dist/tex/latex/geometry/geometry.sty
Package: geometry 2020/01/02 v5.9 Page Geometry
 (e:/texlive/2023/texmf-dist/tex/latex/graphics/keyval.sty
Package: keyval 2022/05/29 v1.15 key=value parser (DPC)
\KV@toks@=\toks16
) (e:/texlive/2023/texmf-dist/tex/generic/iftex/ifvtex.sty
Package: ifvtex 2019/10/25 v1.7 ifvtex legacy package. Use iftex instead.
 (e:/texlive/2023/texmf-dist/tex/generic/iftex/iftex.sty
Package: iftex 2022/02/03 v1.0f TeX engine tests
))
\Gm@cnth=\count189
\Gm@cntv=\count190
\c@Gm@tempcnt=\count191
\Gm@bindingoffset=\dimen141
\Gm@wd@mp=\dimen142
\Gm@odd@mp=\dimen143
\Gm@even@mp=\dimen144
\Gm@layoutwidth=\dimen145
\Gm@layoutheight=\dimen146
\Gm@layouthoffset=\dimen147
\Gm@layoutvoffset=\dimen148
\Gm@dimlist=\toks17
) (e:/texlive/2023/texmf-dist/tex/latex/amsmath/amsmath.sty
Package: amsmath 2022/04/08 v2.17n AMS math features
\@mathmargin=\skip50

For additional information on amsmath, use the `?' option.
(e:/texlive/2023/texmf-dist/tex/latex/amsmath/amstext.sty
Package: amstext 2021/08/26 v2.01 AMS text
 (e:/texlive/2023/texmf-dist/tex/latex/amsmath/amsgen.sty
File: amsgen.sty 1999/11/30 v2.0 generic functions
\@emptytoks=\toks18
\ex@=\dimen149
)) (e:/texlive/2023/texmf-dist/tex/latex/amsmath/amsbsy.sty
Package: amsbsy 1999/11/29 v1.2d Bold Symbols
\pmbraise@=\dimen150
) (e:/texlive/2023/texmf-dist/tex/latex/amsmath/amsopn.sty
Package: amsopn 2022/04/08 v2.04 operator names
)
\inf@bad=\count192
LaTeX Info: Redefining \frac on input line 234.
\uproot@=\count193
\leftroot@=\count194
LaTeX Info: Redefining \overline on input line 399.
LaTeX Info: Redefining \colon on input line 410.
\classnum@=\count195
\DOTSCASE@=\count196
LaTeX Info: Redefining \ldots on input line 496.
LaTeX Info: Redefining \dots on input line 499.
LaTeX Info: Redefining \cdots on input line 620.
\Mathstrutbox@=\box51
\strutbox@=\box52
LaTeX Info: Redefining \big on input line 722.
LaTeX Info: Redefining \Big on input line 723.
LaTeX Info: Redefining \bigg on input line 724.
LaTeX Info: Redefining \Bigg on input line 725.
\big@size=\dimen151
LaTeX Font Info:    Redeclaring font encoding OML on input line 743.
LaTeX Font Info:    Redeclaring font encoding OMS on input line 744.
\macc@depth=\count197
LaTeX Info: Redefining \bmod on input line 905.
LaTeX Info: Redefining \pmod on input line 910.
LaTeX Info: Redefining \smash on input line 940.
LaTeX Info: Redefining \relbar on input line 970.
LaTeX Info: Redefining \Relbar on input line 971.
\c@MaxMatrixCols=\count198
\dotsspace@=\muskip16
\c@parentequation=\count199
\dspbrk@lvl=\count266
\tag@help=\toks19
\row@=\count267
\column@=\count268
\maxfields@=\count269
\andhelp@=\toks20
\eqnshift@=\dimen152
\alignsep@=\dimen153
\tagshift@=\dimen154
\tagwidth@=\dimen155
\totwidth@=\dimen156
\lineht@=\dimen157
\@envbody=\toks21
\multlinegap=\skip51
\multlinetaggap=\skip52
\mathdisplay@stack=\toks22
LaTeX Info: Redefining \[ on input line 2953.
LaTeX Info: Redefining \] on input line 2954.
) (e:/texlive/2023/texmf-dist/tex/latex/amsfonts/amssymb.sty
Package: amssymb 2013/01/14 v3.01 AMS font symbols
 (e:/texlive/2023/texmf-dist/tex/latex/amsfonts/amsfonts.sty
Package: amsfonts 2013/01/14 v3.01 Basic AMSFonts support
\symAMSa=\mathgroup4
\symAMSb=\mathgroup5
LaTeX Font Info:    Redeclaring math symbol \hbar on input line 98.
LaTeX Font Info:    Overwriting math alphabet `\mathfrak' in version `bold'
(Font)                  U/euf/m/n --> U/euf/b/n on input line 106.
)) (e:/texlive/2023/texmf-dist/tex/latex/booktabs/booktabs.sty
Package: booktabs 2020/01/12 v1.61803398 Publication quality tables
\heavyrulewidth=\dimen158
\lightrulewidth=\dimen159
\cmidrulewidth=\dimen160
\belowrulesep=\dimen161
\belowbottomsep=\dimen162
\aboverulesep=\dimen163
\abovetopsep=\dimen164
\cmidrulesep=\dimen165
\cmidrulekern=\dimen166
\defaultaddspace=\dimen167
\@cmidla=\count270
\@cmidlb=\count271
\@aboverulesep=\dimen168
\@belowrulesep=\dimen169
\@thisruleclass=\count272
\@lastruleclass=\count273
\@thisrulewidth=\dimen170
) (e:/texlive/2023/texmf-dist/tex/latex/hyperref/hyperref.sty
Package: hyperref 2023-02-07 v7.00v Hypertext links for LaTeX
 (e:/texlive/2023/texmf-dist/tex/generic/ltxcmds/ltxcmds.sty
Package: ltxcmds 2020-05-10 v1.25 LaTeX kernel commands for general use (HO)
) (e:/texlive/2023/texmf-dist/tex/generic/pdftexcmds/pdftexcmds.sty
Package: pdftexcmds 2020-06-27 v0.33 Utility functions of pdfTeX for LuaTeX (HO)
 (e:/texlive/2023/texmf-dist/tex/generic/infwarerr/infwarerr.sty
Package: infwarerr 2019/12/03 v1.5 Providing info/warning/error messages (HO)
)
Package pdftexcmds Info: \pdf@primitive is available.
Package pdftexcmds Info: \pdf@ifprimitive is available.
Package pdftexcmds Info: \pdfdraftmode not found.
) (e:/texlive/2023/texmf-dist/tex/latex/kvsetkeys/kvsetkeys.sty
Package: kvsetkeys 2022-10-05 v1.19 Key value parser (HO)
) (e:/texlive/2023/texmf-dist/tex/generic/kvdefinekeys/kvdefinekeys.sty
Package: kvdefinekeys 2019-12-19 v1.6 Define keys (HO)
) (e:/texlive/2023/texmf-dist/tex/generic/pdfescape/pdfescape.sty
Package: pdfescape 2019/12/09 v1.15 Implements pdfTeX's escape features (HO)
) (e:/texlive/2023/texmf-dist/tex/latex/hycolor/hycolor.sty
Package: hycolor 2020-01-27 v1.10 Color options for hyperref/bookmark (HO)
) (e:/texlive/2023/texmf-dist/tex/latex/letltxmacro/letltxmacro.sty
Package: letltxmacro 2019/12/03 v1.6 Let assignment for LaTeX macros (HO)
) (e:/texlive/2023/texmf-dist/tex/latex/auxhook/auxhook.sty
Package: auxhook 2019-12-17 v1.6 Hooks for auxiliary files (HO)
) (e:/texlive/2023/texmf-dist/tex/latex/hyperref/nameref.sty
Package: nameref 2022-05-17 v2.50 Cross-referencing by name of section
 (e:/texlive/2023/texmf-dist/tex/latex/refcount/refcount.sty
Package: refcount 2019/12/15 v3.6 Data extraction from label references (HO)
) (e:/texlive/2023/texmf-dist/tex/generic/gettitlestring/gettitlestring.sty
Package: gettitlestring 2019/12/15 v1.6 Cleanup title references (HO)
 (e:/texlive/2023/texmf-dist/tex/latex/kvoptions/kvoptions.sty
Package: kvoptions 2022-06-15 v3.15 Key value format for package options (HO)
))
\c@section@level=\count274
)
\@linkdim=\dimen171
\Hy@linkcounter=\count275
\Hy@pagecounter=\count276
 (e:/texlive/2023/texmf-dist/tex/latex/hyperref/pd1enc.def
File: pd1enc.def 2023-02-07 v7.00v Hyperref: PDFDocEncoding definition (HO)
) (e:/texlive/2023/texmf-dist/tex/generic/intcalc/intcalc.sty
Package: intcalc 2019/12/15 v1.3 Expandable calculations with integers (HO)
) (e:/texlive/2023/texmf-dist/tex/generic/etexcmds/etexcmds.sty
Package: etexcmds 2019/12/15 v1.7 Avoid name clashes with e-TeX commands (HO)
)
\Hy@SavedSpaceFactor=\count277
 (e:/texlive/2023/texmf-dist/tex/latex/hyperref/puenc.def
File: puenc.def 2023-02-07 v7.00v Hyperref: PDF Unicode definition (HO)
)
Package hyperref Info: Hyper figures OFF on input line 4177.
Package hyperref Info: Link nesting OFF on input line 4182.
Package hyperref Info: Hyper index ON on input line 4185.
Package hyperref Info: Plain pages OFF on input line 4192.
Package hyperref Info: Backreferencing OFF on input line 4197.
Package hyperref Info: Implicit mode ON; LaTeX internals redefined.
Package hyperref Info: Bookmarks ON on input line 4425.
\c@Hy@tempcnt=\count278
 (e:/texlive/2023/texmf-dist/tex/latex/url/url.sty
\Urlmuskip=\muskip17
Package: url 2013/09/16  ver 3.4  Verb mode for urls, etc.
)
LaTeX Info: Redefining \url on input line 4763.
\XeTeXLinkMargin=\dimen172
 (e:/texlive/2023/texmf-dist/tex/generic/bitset/bitset.sty
Package: bitset 2019/12/09 v1.3 Handle bit-vector datatype (HO)
 (e:/texlive/2023/texmf-dist/tex/generic/bigintcalc/bigintcalc.sty
Package: bigintcalc 2019/12/15 v1.5 Expandable calculations on big integers (HO)
))
\Fld@menulength=\count279
\Field@Width=\dimen173
\Fld@charsize=\dimen174
Package hyperref Info: Hyper figures OFF on input line 6042.
Package hyperref Info: Link nesting OFF on input line 6047.
Package hyperref Info: Hyper index ON on input line 6050.
Package hyperref Info: backreferencing OFF on input line 6057.
Package hyperref Info: Link coloring OFF on input line 6062.
Package hyperref Info: Link coloring with OCG OFF on input line 6067.
Package hyperref Info: PDF/A mode OFF on input line 6072.
 (e:/texlive/2023/texmf-dist/tex/latex/base/atbegshi-ltx.sty
Package: atbegshi-ltx 2021/01/10 v1.0c Emulation of the original atbegshi
package with kernel methods
)
\Hy@abspage=\count280
\c@Item=\count281
\c@Hfootnote=\count282
)
Package hyperref Info: Driver (autodetected): hxetex.
 (e:/texlive/2023/texmf-dist/tex/latex/hyperref/hxetex.def
File: hxetex.def 2023-02-07 v7.00v Hyperref driver for XeTeX
 (e:/texlive/2023/texmf-dist/tex/generic/stringenc/stringenc.sty
Package: stringenc 2019/11/29 v1.12 Convert strings between diff. encodings (HO)
)
\pdfm@box=\box53
\c@Hy@AnnotLevel=\count283
\HyField@AnnotCount=\count284
\Fld@listcount=\count285
\c@bookmark@seq@number=\count286
 (e:/texlive/2023/texmf-dist/tex/latex/rerunfilecheck/rerunfilecheck.sty
Package: rerunfilecheck 2022-07-10 v1.10 Rerun checks for auxiliary files (HO)
 (e:/texlive/2023/texmf-dist/tex/latex/base/atveryend-ltx.sty
Package: atveryend-ltx 2020/08/19 v1.0a Emulation of the original atveryend package
with kernel methods
) (e:/texlive/2023/texmf-dist/tex/generic/uniquecounter/uniquecounter.sty
Package: uniquecounter 2019/12/15 v1.4 Provide unlimited unique counter (HO)
)
Package uniquecounter Info: New unique counter `rerunfilecheck' on input line 285.
)
\Hy@SectionHShift=\skip53
) (e:/texlive/2023/texmf-dist/tex/latex/l3backend/l3backend-xetex.def
File: l3backend-xetex.def 2023-01-16 L3 backend support: XeTeX
\g__graphics_track_int=\count287
\l__pdf_internal_box=\box54
\g__pdf_backend_object_int=\count288
\g__pdf_backend_annotation_int=\count289
\g__pdf_backend_link_int=\count290
)
No file markov_modeling_cn.aux.
\openout1 = `markov_modeling_cn.aux'.

LaTeX Font Info:    Checking defaults for OML/cmm/m/it on input line 11.
LaTeX Font Info:    ... okay on input line 11.
LaTeX Font Info:    Checking defaults for OMS/cmsy/m/n on input line 11.
LaTeX Font Info:    ... okay on input line 11.
LaTeX Font Info:    Checking defaults for OT1/cmr/m/n on input line 11.
LaTeX Font Info:    ... okay on input line 11.
LaTeX Font Info:    Checking defaults for T1/cmr/m/n on input line 11.
LaTeX Font Info:    ... okay on input line 11.
LaTeX Font Info:    Checking defaults for TS1/cmr/m/n on input line 11.
LaTeX Font Info:    Trying to load font information for TS1+cmr on input line 11.
(e:/texlive/2023/texmf-dist/tex/latex/base/ts1cmr.fd
File: ts1cmr.fd 2022/07/10 v2.5l Standard LaTeX font definitions
)
LaTeX Font Info:    ... okay on input line 11.
LaTeX Font Info:    Checking defaults for TU/lmr/m/n on input line 11.
LaTeX Font Info:    ... okay on input line 11.
LaTeX Font Info:    Checking defaults for OMX/cmex/m/n on input line 11.
LaTeX Font Info:    ... okay on input line 11.
LaTeX Font Info:    Checking defaults for U/cmr/m/n on input line 11.
LaTeX Font Info:    ... okay on input line 11.
LaTeX Font Info:    Checking defaults for PD1/pdf/m/n on input line 11.
LaTeX Font Info:    ... okay on input line 11.
LaTeX Font Info:    Checking defaults for PU/pdf/m/n on input line 11.
LaTeX Font Info:    ... okay on input line 11.

*geometry* driver: auto-detecting
*geometry* detected driver: xetex
*geometry* verbose mode - [ preamble ] result:
* driver: xetex
* paper: <default>
* layout: <same size as paper>
* layoutoffset:(h,v)=(0.0pt,0.0pt)
* modes: 
* h-part:(L,W,R)=(72.26999pt, 469.75502pt, 72.26999pt)
* v-part:(T,H,B)=(72.26999pt, 650.43001pt, 72.26999pt)
* \paperwidth=614.295pt
* \paperheight=794.96999pt
* \textwidth=469.75502pt
* \textheight=650.43001pt
* \oddsidemargin=0.0pt
* \evensidemargin=0.0pt
* \topmargin=-37.0pt
* \headheight=12.0pt
* \headsep=25.0pt
* \topskip=11.0pt
* \footskip=30.0pt
* \marginparwidth=59.0pt
* \marginparsep=10.0pt
* \columnsep=10.0pt
* \skip\footins=10.0pt plus 4.0pt minus 2.0pt
* \hoffset=0.0pt
* \voffset=0.0pt
* \mag=1000
* \@twocolumnfalse
* \@twosidefalse
* \@mparswitchfalse
* \@reversemarginfalse
* (1in=72.27pt=25.4mm, 1cm=28.453pt)

Package hyperref Info: Link coloring OFF on input line 11.
\@outlinefile=\write3
\openout3 = `markov_modeling_cn.out'.


Package hyperref Warning: Rerun to get /PageLabels entry.

Missing character: There is no 水 (U+6C34) in font [lmroman17-regular]:mapping=tex-text;!
Missing character: There is no 下 (U+4E0B) in font [lmroman17-regular]:mapping=tex-text;!
Missing character: There is no 追 (U+8FFD) in font [lmroman17-regular]:mapping=tex-text;!
Missing character: There is no 逃 (U+9003) in font [lmroman17-regular]:mapping=tex-text;!
Missing character: There is no 的 (U+7684) in font [lmroman17-regular]:mapping=tex-text;!
Missing character: There is no 分 (U+5206) in font [lmroman17-regular]:mapping=tex-text;!
Missing character: There is no 层 (U+5C42) in font [lmroman17-regular]:mapping=tex-text;!
Missing character: There is no 马 (U+9A6C) in font [lmroman17-regular]:mapping=tex-text;!
Missing character: There is no 尔 (U+5C14) in font [lmroman17-regular]:mapping=tex-text;!
Missing character: There is no 可 (U+53EF) in font [lmroman17-regular]:mapping=tex-text;!
Missing character: There is no 夫 (U+592B) in font [lmroman17-regular]:mapping=tex-text;!
Missing character: There is no 建 (U+5EFA) in font [lmroman17-regular]:mapping=tex-text;!
Missing character: There is no 模 (U+6A21) in font [lmroman17-regular]:mapping=tex-text;!
Missing character: There is no （ (U+FF08) in font [lmroman17-regular]:mapping=tex-text;!
Missing character: There is no 中 (U+4E2D) in font [lmroman17-regular]:mapping=tex-text;!
Missing character: There is no 文 (U+6587) in font [lmroman17-regular]:mapping=tex-text;!
Missing character: There is no 版 (U+7248) in font [lmroman17-regular]:mapping=tex-text;!
Missing character: There is no ） (U+FF09) in font [lmroman17-regular]:mapping=tex-text;!
LaTeX Font Info:    Trying to load font information for U+msa on input line 13.
(e:/texlive/2023/texmf-dist/tex/latex/amsfonts/umsa.fd
File: umsa.fd 2013/01/14 v3.01 AMS symbols A
)
LaTeX Font Info:    Trying to load font information for U+msb on input line 13.
 (e:/texlive/2023/texmf-dist/tex/latex/amsfonts/umsb.fd
File: umsb.fd 2013/01/14 v3.01 AMS symbols B
)
Missing character: There is no 概 (U+6982) in font [lmroman12-bold]:mapping=tex-text;!
Missing character: There is no 述 (U+8FF0) in font [lmroman12-bold]:mapping=tex-text;!
Missing character: There is no 本 (U+672C) in font [lmroman10-regular]:mapping=tex-text;!
Missing character: There is no 文 (U+6587) in font [lmroman10-regular]:mapping=tex-text;!
Missing character: There is no 基 (U+57FA) in font [lmroman10-regular]:mapping=tex-text;!
Missing character: There is no 于 (U+4E8E) in font [lmroman10-regular]:mapping=tex-text;!
Missing character: There is no 项 (U+9879) in font [lmroman10-regular]:mapping=tex-text;!
Missing character: There is no 目 (U+76EE) in font [lmroman10-regular]:mapping=tex-text;!
Missing character: There is no 实 (U+5B9E) in font [lmroman10-regular]:mapping=tex-text;!
Missing character: There is no 现 (U+73B0) in font [lmroman10-regular]:mapping=tex-text;!
Missing character: There is no 给 (U+7ED9) in font [lmroman10-regular]:mapping=tex-text;!
Missing character: There is no 出 (U+51FA) in font [lmroman10-regular]:mapping=tex-text;!
Missing character: There is no 三 (U+4E09) in font [lmroman10-regular]:mapping=tex-text;!
Missing character: There is no 套 (U+5957) in font [lmroman10-regular]:mapping=tex-text;!
Missing character: There is no 一 (U+4E00) in font [lmroman10-regular]:mapping=tex-text;!
Missing character: There is no 致 (U+81F4) in font [lmroman10-regular]:mapping=tex-text;!
Missing character: There is no 的 (U+7684) in font [lmroman10-regular]:mapping=tex-text;!
Missing character: There is no 建 (U+5EFA) in font [lmroman10-regular]:mapping=tex-text;!
Missing character: There is no 模 (U+6A21) in font [lmroman10-regular]:mapping=tex-text;!
Missing character: There is no 形 (U+5F62) in font [lmroman10-regular]:mapping=tex-text;!
Missing character: There is no 式 (U+5F0F) in font [lmroman10-regular]:mapping=tex-text;!
Missing character: There is no ： (U+FF1A) in font [lmroman10-regular]:mapping=tex-text;!
Missing character: There is no 低 (U+4F4E) in font [lmroman10-regular]:mapping=tex-text;!
Missing character: There is no 层 (U+5C42) in font [lmroman10-regular]:mapping=tex-text;!
Missing character: There is no 控 (U+63A7) in font [lmroman10-regular]:mapping=tex-text;!
Missing character: There is no 制 (U+5236) in font [lmroman10-regular]:mapping=tex-text;!
Missing character: There is no 。 (U+3002) in font [lmroman10-regular]:mapping=tex-text;!
Missing character: There is no 高 (U+9AD8) in font [lmroman10-regular]:mapping=tex-text;!
Missing character: There is no 层 (U+5C42) in font [lmroman10-regular]:mapping=tex-text;!
Missing character: There is no 追 (U+8FFD) in font [lmroman10-regular]:mapping=tex-text;!
Missing character: There is no 逃 (U+9003) in font [lmroman10-regular]:mapping=tex-text;!
Missing character: There is no 任 (U+4EFB) in font [lmroman10-regular]:mapping=tex-text;!
Missing character: There is no 务 (U+52A1) in font [lmroman10-regular]:mapping=tex-text;!
Missing character: There is no 。 (U+3002) in font [lmroman10-regular]:mapping=tex-text;!
Missing character: There is no 宏 (U+5B8F) in font [lmroman10-regular]:mapping=tex-text;!
Missing character: There is no 动 (U+52A8) in font [lmroman10-regular]:mapping=tex-text;!
Missing character: There is no 作 (U+4F5C) in font [lmroman10-regular]:mapping=tex-text;!
Missing character: There is no （ (U+FF08) in font [lmroman10-regular]:mapping=tex-text;!
Missing character: There is no ） (U+FF09) in font [lmroman10-regular]:mapping=tex-text;!
Missing character: There is no 分 (U+5206) in font [lmroman10-regular]:mapping=tex-text;!
Missing character: There is no 层 (U+5C42) in font [lmroman10-regular]:mapping=tex-text;!
Missing character: There is no 建 (U+5EFA) in font [lmroman10-regular]:mapping=tex-text;!
Missing character: There is no 模 (U+6A21) in font [lmroman10-regular]:mapping=tex-text;!
Missing character: There is no 。 (U+3002) in font [lmroman10-regular]:mapping=tex-text;!
Missing character: There is no 低 (U+4F4E) in font [lmroman12-bold]:mapping=tex-text;!
Missing character: There is no 层 (U+5C42) in font [lmroman12-bold]:mapping=tex-text;!
Missing character: There is no 控 (U+63A7) in font [lmroman12-bold]:mapping=tex-text;!
Missing character: There is no 制 (U+5236) in font [lmroman12-bold]:mapping=tex-text;!
Missing character: There is no 低 (U+4F4E) in font [lmroman10-regular]:mapping=tex-text;!
Missing character: There is no 层 (U+5C42) in font [lmroman10-regular]:mapping=tex-text;!
Missing character: There is no 控 (U+63A7) in font [lmroman10-regular]:mapping=tex-text;!
Missing character: There is no 制 (U+5236) in font [lmroman10-regular]:mapping=tex-text;!
Missing character: There is no 可 (U+53EF) in font [lmroman10-regular]:mapping=tex-text;!
Missing character: There is no 建 (U+5EFA) in font [lmroman10-regular]:mapping=tex-text;!
Missing character: There is no 模 (U+6A21) in font [lmroman10-regular]:mapping=tex-text;!
Missing character: There is no 为 (U+4E3A) in font [lmroman10-regular]:mapping=tex-text;!
Missing character: There is no ： (U+FF1A) in font [lmroman10-regular]:mapping=tex-text;!
Missing character: There is no 状 (U+72B6) in font [lmroman12-bold]:mapping=tex-text;!
Missing character: There is no 态 (U+6001) in font [lmroman12-bold]:mapping=tex-text;!
Missing character: There is no 低 (U+4F4E) in font [lmroman10-regular]:mapping=tex-text;!
Missing character: There is no 层 (U+5C42) in font [lmroman10-regular]:mapping=tex-text;!
Missing character: There is no 状 (U+72B6) in font [lmroman10-regular]:mapping=tex-text;!
Missing character: There is no 态 (U+6001) in font [lmroman10-regular]:mapping=tex-text;!
Missing character: There is no 为 (U+4E3A) in font [lmroman10-regular]:mapping=tex-text;!
Missing character: There is no 完 (U+5B8C) in font [lmroman10-regular]:mapping=tex-text;!
Missing character: There is no 整 (U+6574) in font [lmroman10-regular]:mapping=tex-text;!
Missing character: There is no 状 (U+72B6) in font [lmroman10-regular]:mapping=tex-text;!
Missing character: There is no 态 (U+6001) in font [lmroman10-regular]:mapping=tex-text;!
Missing character: There is no 与 (U+4E0E) in font [lmroman10-regular]:mapping=tex-text;!
Missing character: There is no 目 (U+76EE) in font [lmroman10-regular]:mapping=tex-text;!
Missing character: There is no 标 (U+6807) in font [lmroman10-regular]:mapping=tex-text;!
Missing character: There is no ： (U+FF1A) in font [lmroman10-regular]:mapping=tex-text;!
Missing character: There is no 其 (U+5176) in font [lmroman10-regular]:mapping=tex-text;!
Missing character: There is no 中 (U+4E2D) in font [lmroman10-regular]:mapping=tex-text;!
Missing character: There is no 表 (U+8868) in font [lmroman10-regular]:mapping=tex-text;!
Missing character: There is no 示 (U+793A) in font [lmroman10-regular]:mapping=tex-text;!
Missing character: There is no 位 (U+4F4D) in font [lmroman10-regular]:mapping=tex-text;!
Missing character: There is no 置 (U+7F6E) in font [lmroman10-regular]:mapping=tex-text;!
Missing character: There is no 与 (U+4E0E) in font [lmroman10-regular]:mapping=tex-text;!
Missing character: There is no 姿 (U+59FF) in font [lmroman10-regular]:mapping=tex-text;!
Missing character: There is no 态 (U+6001) in font [lmroman10-regular]:mapping=tex-text;!
Missing character: There is no ， (U+FF0C) in font [lmroman10-regular]:mapping=tex-text;!
Missing character: There is no 表 (U+8868) in font [lmroman10-regular]:mapping=tex-text;!
Missing character: There is no 示 (U+793A) in font [lmroman10-regular]:mapping=tex-text;!
Missing character: There is no 线 (U+7EBF) in font [lmroman10-regular]:mapping=tex-text;!
Missing character: There is no 速 (U+901F) in font [lmroman10-regular]:mapping=tex-text;!
Missing character: There is no 度 (U+5EA6) in font [lmroman10-regular]:mapping=tex-text;!
Missing character: There is no 与 (U+4E0E) in font [lmroman10-regular]:mapping=tex-text;!
Missing character: There is no 角 (U+89D2) in font [lmroman10-regular]:mapping=tex-text;!
Missing character: There is no 速 (U+901F) in font [lmroman10-regular]:mapping=tex-text;!
Missing character: There is no 度 (U+5EA6) in font [lmroman10-regular]:mapping=tex-text;!
Missing character: There is no ， (U+FF0C) in font [lmroman10-regular]:mapping=tex-text;!
Missing character: There is no 为 (U+4E3A) in font [lmroman10-regular]:mapping=tex-text;!
Missing character: There is no 目 (U+76EE) in font [lmroman10-regular]:mapping=tex-text;!
Missing character: There is no 标 (U+6807) in font [lmroman10-regular]:mapping=tex-text;!
Missing character: There is no 状 (U+72B6) in font [lmroman10-regular]:mapping=tex-text;!
Missing character: There is no 态 (U+6001) in font [lmroman10-regular]:mapping=tex-text;!
Missing character: There is no （ (U+FF08) in font [lmroman10-regular]:mapping=tex-text;!
Missing character: There is no 目 (U+76EE) in font [lmroman10-regular]:mapping=tex-text;!
Missing character: There is no 标 (U+6807) in font [lmroman10-regular]:mapping=tex-text;!
Missing character: There is no 位 (U+4F4D) in font [lmroman10-regular]:mapping=tex-text;!
Missing character: There is no 置 (U+7F6E) in font [lmroman10-regular]:mapping=tex-text;!
Missing character: There is no 姿 (U+59FF) in font [lmroman10-regular]:mapping=tex-text;!
Missing character: There is no 态 (U+6001) in font [lmroman10-regular]:mapping=tex-text;!
Missing character: There is no ， (U+FF0C) in font [lmroman10-regular]:mapping=tex-text;!
Missing character: There is no 必 (U+5FC5) in font [lmroman10-regular]:mapping=tex-text;!
Missing character: There is no 要 (U+8981) in font [lmroman10-regular]:mapping=tex-text;!
Missing character: There is no 时 (U+65F6) in font [lmroman10-regular]:mapping=tex-text;!
Missing character: There is no 包 (U+5305) in font [lmroman10-regular]:mapping=tex-text;!
Missing character: There is no 含 (U+542B) in font [lmroman10-regular]:mapping=tex-text;!
Missing character: There is no 目 (U+76EE) in font [lmroman10-regular]:mapping=tex-text;!
Missing character: There is no 标 (U+6807) in font [lmroman10-regular]:mapping=tex-text;!
Missing character: There is no 速 (U+901F) in font [lmroman10-regular]:mapping=tex-text;!
Missing character: There is no 度 (U+5EA6) in font [lmroman10-regular]:mapping=tex-text;!
Missing character: There is no ） (U+FF09) in font [lmroman10-regular]:mapping=tex-text;!
Missing character: There is no 。 (U+3002) in font [lmroman10-regular]:mapping=tex-text;!
Missing character: There is no 动 (U+52A8) in font [lmroman12-bold]:mapping=tex-text;!
Missing character: There is no 作 (U+4F5C) in font [lmroman12-bold]:mapping=tex-text;!
Missing character: There is no 低 (U+4F4E) in font [lmroman10-regular]:mapping=tex-text;!
Missing character: There is no 层 (U+5C42) in font [lmroman10-regular]:mapping=tex-text;!
Missing character: There is no 动 (U+52A8) in font [lmroman10-regular]:mapping=tex-text;!
Missing character: There is no 作 (U+4F5C) in font [lmroman10-regular]:mapping=tex-text;!
Missing character: There is no 是 (U+662F) in font [lmroman10-regular]:mapping=tex-text;!
Missing character: There is no 个 (U+4E2A) in font [lmroman10-regular]:mapping=tex-text;!
Missing character: There is no 离 (U+79BB) in font [lmroman10-regular]:mapping=tex-text;!
Missing character: There is no 散 (U+6563) in font [lmroman10-regular]:mapping=tex-text;!
Missing character: There is no 语 (U+8BED) in font [lmroman10-regular]:mapping=tex-text;!
Missing character: There is no 义 (U+4E49) in font [lmroman10-regular]:mapping=tex-text;!
Missing character: There is no 动 (U+52A8) in font [lmroman10-regular]:mapping=tex-text;!
Missing character: There is no 作 (U+4F5C) in font [lmroman10-regular]:mapping=tex-text;!
Missing character: There is no ： (U+FF1A) in font [lmroman10-regular]:mapping=tex-text;!
Missing character: There is no 对 (U+5BF9) in font [lmroman10-regular]:mapping=tex-text;!
Missing character: There is no 应 (U+5E94) in font [lmroman10-regular]:mapping=tex-text;!
Missing character: There is no 悬 (U+60AC) in font [lmroman10-regular]:mapping=tex-text;!
Missing character: There is no 停 (U+505C) in font [lmroman10-regular]:mapping=tex-text;!
Missing character: There is no 、 (U+3001) in font [lmroman10-regular]:mapping=tex-text;!
Missing character: There is no 以 (U+4EE5) in font [lmroman10-regular]:mapping=tex-text;!
Missing character: There is no 及 (U+53CA) in font [lmroman10-regular]:mapping=tex-text;!
Missing character: There is no 的 (U+7684) in font [lmroman10-regular]:mapping=tex-text;!
Missing character: There is no 正 (U+6B63) in font [lmroman10-regular]:mapping=tex-text;!
Missing character: There is no 负 (U+8D1F) in font [lmroman10-regular]:mapping=tex-text;!
Missing character: There is no 方 (U+65B9) in font [lmroman10-regular]:mapping=tex-text;!
Missing character: There is no 向 (U+5411) in font [lmroman10-regular]:mapping=tex-text;!
Missing character: There is no 。 (U+3002) in font [lmroman10-regular]:mapping=tex-text;!
Missing character: There is no 转 (U+8F6C) in font [lmroman12-bold]:mapping=tex-text;!
Missing character: There is no 移 (U+79FB) in font [lmroman12-bold]:mapping=tex-text;!
Missing character: There is no 动 (U+52A8) in font [lmroman10-regular]:mapping=tex-text;!
Missing character: There is no 作 (U+4F5C) in font [lmroman10-regular]:mapping=tex-text;!
Missing character: There is no 通 (U+901A) in font [lmroman10-regular]:mapping=tex-text;!
Missing character: There is no 过 (U+8FC7) in font [lmroman10-regular]:mapping=tex-text;!
Missing character: There is no 控 (U+63A7) in font [lmroman10-regular]:mapping=tex-text;!
Missing character: There is no 制 (U+5236) in font [lmroman10-regular]:mapping=tex-text;!
Missing character: There is no 器 (U+5668) in font [lmroman10-regular]:mapping=tex-text;!
Missing character: There is no 映 (U+6620) in font [lmroman10-regular]:mapping=tex-text;!
Missing character: There is no 射 (U+5C04) in font [lmroman10-regular]:mapping=tex-text;!
Missing character: There is no 为 (U+4E3A) in font [lmroman10-regular]:mapping=tex-text;!
Missing character: There is no 推 (U+63A8) in font [lmroman10-regular]:mapping=tex-text;!
Missing character: There is no 力 (U+529B) in font [lmroman10-regular]:mapping=tex-text;!
Missing character: There is no ， (U+FF0C) in font [lmroman10-regular]:mapping=tex-text;!
Missing character: There is no 再 (U+518D) in font [lmroman10-regular]:mapping=tex-text;!
Missing character: There is no 由 (U+7531) in font [lmroman10-regular]:mapping=tex-text;!
Missing character: There is no 动 (U+52A8) in font [lmroman10-regular]:mapping=tex-text;!
Missing character: There is no 力 (U+529B) in font [lmroman10-regular]:mapping=tex-text;!
Missing character: There is no 学 (U+5B66) in font [lmroman10-regular]:mapping=tex-text;!
Missing character: There is no 产 (U+4EA7) in font [lmroman10-regular]:mapping=tex-text;!
Missing character: There is no 生 (U+751F) in font [lmroman10-regular]:mapping=tex-text;!
Missing character: There is no 状 (U+72B6) in font [lmroman10-regular]:mapping=tex-text;!
Missing character: There is no 态 (U+6001) in font [lmroman10-regular]:mapping=tex-text;!
Missing character: There is no 演 (U+6F14) in font [lmroman10-regular]:mapping=tex-text;!
Missing character: There is no 化 (U+5316) in font [lmroman10-regular]:mapping=tex-text;!
Missing character: There is no ： (U+FF1A) in font [lmroman10-regular]:mapping=tex-text;!
Missing character: There is no 其 (U+5176) in font [lmroman10-regular]:mapping=tex-text;!
Missing character: There is no 中 (U+4E2D) in font [lmroman10-regular]:mapping=tex-text;!
Missing character: There is no 表 (U+8868) in font [lmroman10-regular]:mapping=tex-text;!
Missing character: There is no 示 (U+793A) in font [lmroman10-regular]:mapping=tex-text;!
Missing character: There is no 水 (U+6C34) in font [lmroman10-regular]:mapping=tex-text;!
Missing character: There is no 流 (U+6D41) in font [lmroman10-regular]:mapping=tex-text;!
Missing character: There is no 、 (U+3001) in font [lmroman10-regular]:mapping=tex-text;!
Missing character: There is no 参 (U+53C2) in font [lmroman10-regular]:mapping=tex-text;!
Missing character: There is no 数 (U+6570) in font [lmroman10-regular]:mapping=tex-text;!
Missing character: There is no 随 (U+968F) in font [lmroman10-regular]:mapping=tex-text;!
Missing character: There is no 机 (U+673A) in font [lmroman10-regular]:mapping=tex-text;!
Missing character: There is no 化 (U+5316) in font [lmroman10-regular]:mapping=tex-text;!
Missing character: There is no 等 (U+7B49) in font [lmroman10-regular]:mapping=tex-text;!
Missing character: There is no 扰 (U+6270) in font [lmroman10-regular]:mapping=tex-text;!
Missing character: There is no 动 (U+52A8) in font [lmroman10-regular]:mapping=tex-text;!
Missing character: There is no 。 (U+3002) in font [lmroman10-regular]:mapping=tex-text;!
Missing character: There is no 奖 (U+5956) in font [lmroman12-bold]:mapping=tex-text;!
Missing character: There is no 励 (U+52B1) in font [lmroman12-bold]:mapping=tex-text;!
Missing character: There is no 奖 (U+5956) in font [lmroman10-regular]:mapping=tex-text;!
Missing character: There is no 励 (U+52B1) in font [lmroman10-regular]:mapping=tex-text;!
Missing character: There is no 项 (U+9879) in font [lmroman10-regular]:mapping=tex-text;!
Missing character: There is no 综 (U+7EFC) in font [lmroman10-regular]:mapping=tex-text;!
Missing character: There is no 合 (U+5408) in font [lmroman10-regular]:mapping=tex-text;!
Missing character: There is no 位 (U+4F4D) in font [lmroman10-regular]:mapping=tex-text;!
Missing character: There is no 置 (U+7F6E) in font [lmroman10-regular]:mapping=tex-text;!
Missing character: There is no 姿 (U+59FF) in font [lmroman10-regular]:mapping=tex-text;!
Missing character: There is no 态 (U+6001) in font [lmroman10-regular]:mapping=tex-text;!
Missing character: There is no 误 (U+8BEF) in font [lmroman10-regular]:mapping=tex-text;!
Missing character: There is no 差 (U+5DEE) in font [lmroman10-regular]:mapping=tex-text;!
Missing character: There is no 、 (U+3001) in font [lmroman10-regular]:mapping=tex-text;!
Missing character: There is no 速 (U+901F) in font [lmroman10-regular]:mapping=tex-text;!
Missing character: There is no 度 (U+5EA6) in font [lmroman10-regular]:mapping=tex-text;!
Missing character: There is no 惩 (U+60E9) in font [lmroman10-regular]:mapping=tex-text;!
Missing character: There is no 罚 (U+7F5A) in font [lmroman10-regular]:mapping=tex-text;!
Missing character: There is no 、 (U+3001) in font [lmroman10-regular]:mapping=tex-text;!
Missing character: There is no 能 (U+80FD) in font [lmroman10-regular]:mapping=tex-text;!
Missing character: There is no 耗 (U+8017) in font [lmroman10-regular]:mapping=tex-text;!
Missing character: There is no 与 (U+4E0E) in font [lmroman10-regular]:mapping=tex-text;!
Missing character: There is no 到 (U+5230) in font [lmroman10-regular]:mapping=tex-text;!
Missing character: There is no 达 (U+8FBE) in font [lmroman10-regular]:mapping=tex-text;!
Missing character: There is no 奖 (U+5956) in font [lmroman10-regular]:mapping=tex-text;!
Missing character: There is no 励 (U+52B1) in font [lmroman10-regular]:mapping=tex-text;!
Missing character: There is no ： (U+FF1A) in font [lmroman10-regular]:mapping=tex-text;!
Missing character: There is no 终 (U+7EC8) in font [lmroman12-bold]:mapping=tex-text;!
Missing character: There is no 止 (U+6B62) in font [lmroman12-bold]:mapping=tex-text;!
Missing character: There is no 成 (U+6210) in font [lmroman10-regular]:mapping=tex-text;!
Missing character: There is no 功 (U+529F) in font [lmroman10-regular]:mapping=tex-text;!
Missing character: There is no （ (U+FF08) in font [lmroman10-regular]:mapping=tex-text;!
Missing character: There is no 达 (U+8FBE) in font [lmroman10-regular]:mapping=tex-text;!
Missing character: There is no 到 (U+5230) in font [lmroman10-regular]:mapping=tex-text;!
Missing character: There is no 阈 (U+9608) in font [lmroman10-regular]:mapping=tex-text;!
Missing character: There is no 值 (U+503C) in font [lmroman10-regular]:mapping=tex-text;!
Missing character: There is no ） (U+FF09) in font [lmroman10-regular]:mapping=tex-text;!
Missing character: There is no 、 (U+3001) in font [lmroman10-regular]:mapping=tex-text;!
Missing character: There is no 越 (U+8D8A) in font [lmroman10-regular]:mapping=tex-text;!
Missing character: There is no 界 (U+754C) in font [lmroman10-regular]:mapping=tex-text;!
Missing character: There is no 翻 (U+7FFB) in font [lmroman10-regular]:mapping=tex-text;!
Missing character: There is no 转 (U+8F6C) in font [lmroman10-regular]:mapping=tex-text;!
Missing character: There is no 、 (U+3001) in font [lmroman10-regular]:mapping=tex-text;!
Missing character: There is no 无 (U+65E0) in font [lmroman10-regular]:mapping=tex-text;!
Missing character: There is no 进 (U+8FDB) in font [lmroman10-regular]:mapping=tex-text;!
Missing character: There is no 展 (U+5C55) in font [lmroman10-regular]:mapping=tex-text;!
Missing character: There is no 或 (U+6216) in font [lmroman10-regular]:mapping=tex-text;!
Missing character: There is no 超 (U+8D85) in font [lmroman10-regular]:mapping=tex-text;!
Missing character: There is no 时 (U+65F6) in font [lmroman10-regular]:mapping=tex-text;!
Missing character: There is no 终 (U+7EC8) in font [lmroman10-regular]:mapping=tex-text;!
Missing character: There is no 止 (U+6B62) in font [lmroman10-regular]:mapping=tex-text;!
Missing character: There is no 。 (U+3002) in font [lmroman10-regular]:mapping=tex-text;!
[1

]
Missing character: There is no 高 (U+9AD8) in font [lmroman12-bold]:mapping=tex-text;!
Missing character: There is no 层 (U+5C42) in font [lmroman12-bold]:mapping=tex-text;!
Missing character: There is no 追 (U+8FFD) in font [lmroman12-bold]:mapping=tex-text;!
Missing character: There is no 逃 (U+9003) in font [lmroman12-bold]:mapping=tex-text;!
Missing character: There is no 任 (U+4EFB) in font [lmroman12-bold]:mapping=tex-text;!
Missing character: There is no 务 (U+52A1) in font [lmroman12-bold]:mapping=tex-text;!
Missing character: There is no 追 (U+8FFD) in font [lmroman10-regular]:mapping=tex-text;!
Missing character: There is no 逃 (U+9003) in font [lmroman10-regular]:mapping=tex-text;!
Missing character: There is no 任 (U+4EFB) in font [lmroman10-regular]:mapping=tex-text;!
Missing character: There is no 务 (U+52A1) in font [lmroman10-regular]:mapping=tex-text;!
Missing character: There is no 可 (U+53EF) in font [lmroman10-regular]:mapping=tex-text;!
Missing character: There is no 建 (U+5EFA) in font [lmroman10-regular]:mapping=tex-text;!
Missing character: There is no 模 (U+6A21) in font [lmroman10-regular]:mapping=tex-text;!
Missing character: There is no 为 (U+4E3A) in font [lmroman10-regular]:mapping=tex-text;!
Missing character: There is no ： (U+FF1A) in font [lmroman10-regular]:mapping=tex-text;!
Missing character: There is no 状 (U+72B6) in font [lmroman12-bold]:mapping=tex-text;!
Missing character: There is no 态 (U+6001) in font [lmroman12-bold]:mapping=tex-text;!
Missing character: There is no 高 (U+9AD8) in font [lmroman10-regular]:mapping=tex-text;!
Missing character: There is no 层 (U+5C42) in font [lmroman10-regular]:mapping=tex-text;!
Missing character: There is no 任 (U+4EFB) in font [lmroman10-regular]:mapping=tex-text;!
Missing character: There is no 务 (U+52A1) in font [lmroman10-regular]:mapping=tex-text;!
Missing character: There is no 态 (U+6001) in font [lmroman10-regular]:mapping=tex-text;!
Missing character: There is no 可 (U+53EF) in font [lmroman10-regular]:mapping=tex-text;!
Missing character: There is no 由 (U+7531) in font [lmroman10-regular]:mapping=tex-text;!
Missing character: There is no 相 (U+76F8) in font [lmroman10-regular]:mapping=tex-text;!
Missing character: There is no 对 (U+5BF9) in font [lmroman10-regular]:mapping=tex-text;!
Missing character: There is no 几 (U+51E0) in font [lmroman10-regular]:mapping=tex-text;!
Missing character: There is no 何 (U+4F55) in font [lmroman10-regular]:mapping=tex-text;!
Missing character: There is no 与 (U+4E0E) in font [lmroman10-regular]:mapping=tex-text;!
Missing character: There is no 边 (U+8FB9) in font [lmroman10-regular]:mapping=tex-text;!
Missing character: There is no 界 (U+754C) in font [lmroman10-regular]:mapping=tex-text;!
Missing character: There is no 信 (U+4FE1) in font [lmroman10-regular]:mapping=tex-text;!
Missing character: There is no 息 (U+606F) in font [lmroman10-regular]:mapping=tex-text;!
Missing character: There is no 描 (U+63CF) in font [lmroman10-regular]:mapping=tex-text;!
Missing character: There is no 述 (U+8FF0) in font [lmroman10-regular]:mapping=tex-text;!
Missing character: There is no ： (U+FF1A) in font [lmroman10-regular]:mapping=tex-text;!
Missing character: There is no 其 (U+5176) in font [lmroman10-regular]:mapping=tex-text;!
Missing character: There is no 中 (U+4E2D) in font [lmroman10-regular]:mapping=tex-text;!
Missing character: There is no 为 (U+4E3A) in font [lmroman10-regular]:mapping=tex-text;!
Missing character: There is no 追 (U+8FFD) in font [lmroman10-regular]:mapping=tex-text;!
Missing character: There is no 击 (U+51FB) in font [lmroman10-regular]:mapping=tex-text;!
Missing character: There is no 者 (U+8005) in font [lmroman10-regular]:mapping=tex-text;!
Missing character: There is no 位 (U+4F4D) in font [lmroman10-regular]:mapping=tex-text;!
Missing character: There is no 置 (U+7F6E) in font [lmroman10-regular]:mapping=tex-text;!
Missing character: There is no 与 (U+4E0E) in font [lmroman10-regular]:mapping=tex-text;!
Missing character: There is no 速 (U+901F) in font [lmroman10-regular]:mapping=tex-text;!
Missing character: There is no 度 (U+5EA6) in font [lmroman10-regular]:mapping=tex-text;!
Missing character: There is no ， (U+FF0C) in font [lmroman10-regular]:mapping=tex-text;!
Missing character: There is no 为 (U+4E3A) in font [lmroman10-regular]:mapping=tex-text;!
Missing character: There is no 逃 (U+9003) in font [lmroman10-regular]:mapping=tex-text;!
Missing character: There is no 脱 (U+8131) in font [lmroman10-regular]:mapping=tex-text;!
Missing character: There is no 者 (U+8005) in font [lmroman10-regular]:mapping=tex-text;!
Missing character: There is no 位 (U+4F4D) in font [lmroman10-regular]:mapping=tex-text;!
Missing character: There is no 置 (U+7F6E) in font [lmroman10-regular]:mapping=tex-text;!
Missing character: There is no 与 (U+4E0E) in font [lmroman10-regular]:mapping=tex-text;!
Missing character: There is no 速 (U+901F) in font [lmroman10-regular]:mapping=tex-text;!
Missing character: There is no 度 (U+5EA6) in font [lmroman10-regular]:mapping=tex-text;!
Missing character: There is no ， (U+FF0C) in font [lmroman10-regular]:mapping=tex-text;!
Missing character: There is no 为 (U+4E3A) in font [lmroman10-regular]:mapping=tex-text;!
Missing character: There is no 逃 (U+9003) in font [lmroman10-regular]:mapping=tex-text;!
Missing character: There is no 脱 (U+8131) in font [lmroman10-regular]:mapping=tex-text;!
Missing character: There is no 者 (U+8005) in font [lmroman10-regular]:mapping=tex-text;!
Missing character: There is no 朝 (U+671D) in font [lmroman10-regular]:mapping=tex-text;!
Missing character: There is no 向 (U+5411) in font [lmroman10-regular]:mapping=tex-text;!
Missing character: There is no ， (U+FF0C) in font [lmroman10-regular]:mapping=tex-text;!
Missing character: There is no 表 (U+8868) in font [lmroman10-regular]:mapping=tex-text;!
Missing character: There is no 示 (U+793A) in font [lmroman10-regular]:mapping=tex-text;!
Missing character: There is no 边 (U+8FB9) in font [lmroman10-regular]:mapping=tex-text;!
Missing character: There is no 界 (U+754C) in font [lmroman10-regular]:mapping=tex-text;!
Missing character: There is no 余 (U+4F59) in font [lmroman10-regular]:mapping=tex-text;!
Missing character: There is no 量 (U+91CF) in font [lmroman10-regular]:mapping=tex-text;!
Missing character: There is no 。 (U+3002) in font [lmroman10-regular]:mapping=tex-text;!
Missing character: There is no 动 (U+52A8) in font [lmroman12-bold]:mapping=tex-text;!
Missing character: There is no 作 (U+4F5C) in font [lmroman12-bold]:mapping=tex-text;!
Missing character: There is no 高 (U+9AD8) in font [lmroman10-regular]:mapping=tex-text;!
Missing character: There is no 层 (U+5C42) in font [lmroman10-regular]:mapping=tex-text;!
Missing character: There is no 动 (U+52A8) in font [lmroman10-regular]:mapping=tex-text;!
Missing character: There is no 作 (U+4F5C) in font [lmroman10-regular]:mapping=tex-text;!
Missing character: There is no 可 (U+53EF) in font [lmroman10-regular]:mapping=tex-text;!
Missing character: There is no 表 (U+8868) in font [lmroman10-regular]:mapping=tex-text;!
Missing character: There is no 示 (U+793A) in font [lmroman10-regular]:mapping=tex-text;!
Missing character: There is no 子 (U+5B50) in font [lmroman10-regular]:mapping=tex-text;!
Missing character: There is no 目 (U+76EE) in font [lmroman10-regular]:mapping=tex-text;!
Missing character: There is no 标 (U+6807) in font [lmroman10-regular]:mapping=tex-text;!
Missing character: There is no 追 (U+8FFD) in font [lmroman10-regular]:mapping=tex-text;!
Missing character: There is no 击 (U+51FB) in font [lmroman10-regular]:mapping=tex-text;!
Missing character: There is no 策 (U+7B56) in font [lmroman10-regular]:mapping=tex-text;!
Missing character: There is no 略 (U+7565) in font [lmroman10-regular]:mapping=tex-text;!
Missing character: There is no 选 (U+9009) in font [lmroman10-regular]:mapping=tex-text;!
Missing character: There is no 择 (U+62E9) in font [lmroman10-regular]:mapping=tex-text;!
Missing character: There is no ： (U+FF1A) in font [lmroman10-regular]:mapping=tex-text;!
Missing character: There is no 子 (U+5B50) in font [lmroman10-regular]:mapping=tex-text;!
Missing character: There is no 目 (U+76EE) in font [lmroman10-regular]:mapping=tex-text;!
Missing character: There is no 标 (U+6807) in font [lmroman10-regular]:mapping=tex-text;!
Missing character: There is no 方 (U+65B9) in font [lmroman10-regular]:mapping=tex-text;!
Missing character: There is no 向 (U+5411) in font [lmroman10-regular]:mapping=tex-text;!
Missing character: There is no 策 (U+7B56) in font [lmroman10-regular]:mapping=tex-text;!
Missing character: There is no 略 (U+7565) in font [lmroman10-regular]:mapping=tex-text;!
Missing character: There is no 子 (U+5B50) in font [lmroman10-regular]:mapping=tex-text;!
Missing character: There is no 目 (U+76EE) in font [lmroman10-regular]:mapping=tex-text;!
Missing character: There is no 标 (U+6807) in font [lmroman10-regular]:mapping=tex-text;!
Missing character: There is no 方 (U+65B9) in font [lmroman10-regular]:mapping=tex-text;!
Missing character: There is no 向 (U+5411) in font [lmroman10-regular]:mapping=tex-text;!
Missing character: There is no 策 (U+7B56) in font [lmroman10-regular]:mapping=tex-text;!
Missing character: There is no 略 (U+7565) in font [lmroman10-regular]:mapping=tex-text;!
Missing character: There is no 子 (U+5B50) in font [lmroman8-regular]:mapping=tex-text;!
Missing character: There is no 目 (U+76EE) in font [lmroman8-regular]:mapping=tex-text;!
Missing character: There is no 标 (U+6807) in font [lmroman8-regular]:mapping=tex-text;!
Missing character: There is no 方 (U+65B9) in font [lmroman8-regular]:mapping=tex-text;!
Missing character: There is no 向 (U+5411) in font [lmroman8-regular]:mapping=tex-text;!
Missing character: There is no 策 (U+7B56) in font [lmroman8-regular]:mapping=tex-text;!
Missing character: There is no 略 (U+7565) in font [lmroman8-regular]:mapping=tex-text;!
Missing character: There is no 子 (U+5B50) in font [lmroman6-regular]:mapping=tex-text;!
Missing character: There is no 目 (U+76EE) in font [lmroman6-regular]:mapping=tex-text;!
Missing character: There is no 标 (U+6807) in font [lmroman6-regular]:mapping=tex-text;!
Missing character: There is no 方 (U+65B9) in font [lmroman6-regular]:mapping=tex-text;!
Missing character: There is no 向 (U+5411) in font [lmroman6-regular]:mapping=tex-text;!
Missing character: There is no 策 (U+7B56) in font [lmroman6-regular]:mapping=tex-text;!
Missing character: There is no 略 (U+7565) in font [lmroman6-regular]:mapping=tex-text;!
Missing character: There is no 转 (U+8F6C) in font [lmroman12-bold]:mapping=tex-text;!
Missing character: There is no 移 (U+79FB) in font [lmroman12-bold]:mapping=tex-text;!
Missing character: There is no 高 (U+9AD8) in font [lmroman10-regular]:mapping=tex-text;!
Missing character: There is no 层 (U+5C42) in font [lmroman10-regular]:mapping=tex-text;!
Missing character: There is no 动 (U+52A8) in font [lmroman10-regular]:mapping=tex-text;!
Missing character: There is no 作 (U+4F5C) in font [lmroman10-regular]:mapping=tex-text;!
Missing character: There is no 通 (U+901A) in font [lmroman10-regular]:mapping=tex-text;!
Missing character: There is no 过 (U+8FC7) in font [lmroman10-regular]:mapping=tex-text;!
Missing character: There is no 低 (U+4F4E) in font [lmroman10-regular]:mapping=tex-text;!
Missing character: There is no 层 (U+5C42) in font [lmroman10-regular]:mapping=tex-text;!
Missing character: There is no 策 (U+7B56) in font [lmroman10-regular]:mapping=tex-text;!
Missing character: There is no 略 (U+7565) in font [lmroman10-regular]:mapping=tex-text;!
Missing character: There is no 执 (U+6267) in font [lmroman10-regular]:mapping=tex-text;!
Missing character: There is no 行 (U+884C) in font [lmroman10-regular]:mapping=tex-text;!
Missing character: There is no 若 (U+82E5) in font [lmroman10-regular]:mapping=tex-text;!
Missing character: There is no 干 (U+5E72) in font [lmroman10-regular]:mapping=tex-text;!
Missing character: There is no 步 (U+6B65) in font [lmroman10-regular]:mapping=tex-text;!
Missing character: There is no 实 (U+5B9E) in font [lmroman10-regular]:mapping=tex-text;!
Missing character: There is no 现 (U+73B0) in font [lmroman10-regular]:mapping=tex-text;!
Missing character: There is no ： (U+FF1A) in font [lmroman10-regular]:mapping=tex-text;!
Missing character: There is no 奖 (U+5956) in font [lmroman12-bold]:mapping=tex-text;!
Missing character: There is no 励 (U+52B1) in font [lmroman12-bold]:mapping=tex-text;!
Missing character: There is no 追 (U+8FFD) in font [lmroman10-regular]:mapping=tex-text;!
Missing character: There is no 逃 (U+9003) in font [lmroman10-regular]:mapping=tex-text;!
Missing character: There is no 高 (U+9AD8) in font [lmroman10-regular]:mapping=tex-text;!
Missing character: There is no 层 (U+5C42) in font [lmroman10-regular]:mapping=tex-text;!
Missing character: There is no 奖 (U+5956) in font [lmroman10-regular]:mapping=tex-text;!
Missing character: There is no 励 (U+52B1) in font [lmroman10-regular]:mapping=tex-text;!
Missing character: There is no 可 (U+53EF) in font [lmroman10-regular]:mapping=tex-text;!
Missing character: There is no 定 (U+5B9A) in font [lmroman10-regular]:mapping=tex-text;!
Missing character: There is no 义 (U+4E49) in font [lmroman10-regular]:mapping=tex-text;!
Missing character: There is no 为 (U+4E3A) in font [lmroman10-regular]:mapping=tex-text;!
Missing character: There is no ： (U+FF1A) in font [lmroman10-regular]:mapping=tex-text;!
Missing character: There is no 终 (U+7EC8) in font [lmroman12-bold]:mapping=tex-text;!
Missing character: There is no 止 (U+6B62) in font [lmroman12-bold]:mapping=tex-text;!
Missing character: There is no 捕 (U+6355) in font [lmroman10-regular]:mapping=tex-text;!
Missing character: There is no 获 (U+83B7) in font [lmroman10-regular]:mapping=tex-text;!
Missing character: There is no 成 (U+6210) in font [lmroman10-regular]:mapping=tex-text;!
Missing character: There is no 功 (U+529F) in font [lmroman10-regular]:mapping=tex-text;!
Missing character: There is no 、 (U+3001) in font [lmroman10-regular]:mapping=tex-text;!
Missing character: There is no 失 (U+5931) in font [lmroman10-regular]:mapping=tex-text;!
Missing character: There is no 败 (U+8D25) in font [lmroman10-regular]:mapping=tex-text;!
Missing character: There is no （ (U+FF08) in font [lmroman10-regular]:mapping=tex-text;!
Missing character: There is no 逃 (U+9003) in font [lmroman10-regular]:mapping=tex-text;!
Missing character: There is no 脱 (U+8131) in font [lmroman10-regular]:mapping=tex-text;!
Missing character: There is no 或 (U+6216) in font [lmroman10-regular]:mapping=tex-text;!
Missing character: There is no 越 (U+8D8A) in font [lmroman10-regular]:mapping=tex-text;!
Missing character: There is no 界 (U+754C) in font [lmroman10-regular]:mapping=tex-text;!
Missing character: There is no ） (U+FF09) in font [lmroman10-regular]:mapping=tex-text;!
Missing character: There is no 或 (U+6216) in font [lmroman10-regular]:mapping=tex-text;!
Missing character: There is no 超 (U+8D85) in font [lmroman10-regular]:mapping=tex-text;!
Missing character: There is no 时 (U+65F6) in font [lmroman10-regular]:mapping=tex-text;!
Missing character: There is no 。 (U+3002) in font [lmroman10-regular]:mapping=tex-text;!
Missing character: There is no 宏 (U+5B8F) in font [lmroman12-bold]:mapping=tex-text;!
Missing character: There is no 动 (U+52A8) in font [lmroman12-bold]:mapping=tex-text;!
Missing character: There is no 作 (U+4F5C) in font [lmroman12-bold]:mapping=tex-text;!
Missing character: There is no 分 (U+5206) in font [lmroman10-regular]:mapping=tex-text;!
Missing character: There is no 层 (U+5C42) in font [lmroman10-regular]:mapping=tex-text;!
Missing character: There is no 控 (U+63A7) in font [lmroman10-regular]:mapping=tex-text;!
Missing character: There is no 制 (U+5236) in font [lmroman10-regular]:mapping=tex-text;!
Missing character: There is no 可 (U+53EF) in font [lmroman10-regular]:mapping=tex-text;!
Missing character: There is no 建 (U+5EFA) in font [lmroman10-regular]:mapping=tex-text;!
Missing character: There is no 模 (U+6A21) in font [lmroman10-regular]:mapping=tex-text;!
Missing character: There is no 为 (U+4E3A) in font [lmroman10-regular]:mapping=tex-text;!
Missing character: There is no ： (U+FF1A) in font [lmroman10-regular]:mapping=tex-text;!
Missing character: There is no 选 (U+9009) in font [lmroman12-bold]:mapping=tex-text;!
Missing character: There is no 项 (U+9879) in font [lmroman12-bold]:mapping=tex-text;!
Missing character: There is no 定 (U+5B9A) in font [lmroman12-bold]:mapping=tex-text;!
Missing character: There is no 义 (U+4E49) in font [lmroman12-bold]:mapping=tex-text;!
Missing character: There is no 每 (U+6BCF) in font [lmroman10-regular]:mapping=tex-text;!
Missing character: There is no 个 (U+4E2A) in font [lmroman10-regular]:mapping=tex-text;!
Missing character: There is no 宏 (U+5B8F) in font [lmroman10-regular]:mapping=tex-text;!
Missing character: There is no 动 (U+52A8) in font [lmroman10-regular]:mapping=tex-text;!
Missing character: There is no 作 (U+4F5C) in font [lmroman10-regular]:mapping=tex-text;!
Missing character: There is no 定 (U+5B9A) in font [lmroman10-regular]:mapping=tex-text;!
Missing character: There is no 义 (U+4E49) in font [lmroman10-regular]:mapping=tex-text;!
Missing character: There is no 为 (U+4E3A) in font [lmroman10-regular]:mapping=tex-text;!
Missing character: There is no ： (U+FF1A) in font [lmroman10-regular]:mapping=tex-text;!
Missing character: There is no 其 (U+5176) in font [lmroman10-regular]:mapping=tex-text;!
Missing character: There is no 中 (U+4E2D) in font [lmroman10-regular]:mapping=tex-text;!
Missing character: There is no 为 (U+4E3A) in font [lmroman10-regular]:mapping=tex-text;!
Missing character: There is no 启 (U+542F) in font [lmroman10-regular]:mapping=tex-text;!
Missing character: There is no 动 (U+52A8) in font [lmroman10-regular]:mapping=tex-text;!
Missing character: There is no 条 (U+6761) in font [lmroman10-regular]:mapping=tex-text;!
Missing character: There is no 件 (U+4EF6) in font [lmroman10-regular]:mapping=tex-text;!
Missing character: There is no ， (U+FF0C) in font [lmroman10-regular]:mapping=tex-text;!
Missing character: There is no 为 (U+4E3A) in font [lmroman10-regular]:mapping=tex-text;!
Missing character: There is no 选 (U+9009) in font [lmroman10-regular]:mapping=tex-text;!
Missing character: There is no 项 (U+9879) in font [lmroman10-regular]:mapping=tex-text;!
Missing character: There is no 内 (U+5185) in font [lmroman10-regular]:mapping=tex-text;!
Missing character: There is no 策 (U+7B56) in font [lmroman10-regular]:mapping=tex-text;!
Missing character: There is no 略 (U+7565) in font [lmroman10-regular]:mapping=tex-text;!
Missing character: There is no （ (U+FF08) in font [lmroman10-regular]:mapping=tex-text;!
Missing character: There is no 低 (U+4F4E) in font [lmroman10-regular]:mapping=tex-text;!
Missing character: There is no 层 (U+5C42) in font [lmroman10-regular]:mapping=tex-text;!
Missing character: There is no 控 (U+63A7) in font [lmroman10-regular]:mapping=tex-text;!
Missing character: There is no 制 (U+5236) in font [lmroman10-regular]:mapping=tex-text;!
Missing character: There is no 器 (U+5668) in font [lmroman10-regular]:mapping=tex-text;!
Missing character: There is no ） (U+FF09) in font [lmroman10-regular]:mapping=tex-text;!
Missing character: There is no ， (U+FF0C) in font [lmroman10-regular]:mapping=tex-text;!
Missing character: There is no 为 (U+4E3A) in font [lmroman10-regular]:mapping=tex-text;!
Missing character: There is no 终 (U+7EC8) in font [lmroman10-regular]:mapping=tex-text;!
Missing character: There is no 止 (U+6B62) in font [lmroman10-regular]:mapping=tex-text;!
Missing character: There is no 条 (U+6761) in font [lmroman10-regular]:mapping=tex-text;!
Missing character: There is no 件 (U+4EF6) in font [lmroman10-regular]:mapping=tex-text;!
Missing character: There is no 。 (U+3002) in font [lmroman10-regular]:mapping=tex-text;!
Missing character: There is no 转 (U+8F6C) in font [lmroman12-bold]:mapping=tex-text;!
Missing character: There is no 移 (U+79FB) in font [lmroman12-bold]:mapping=tex-text;!
Missing character: There is no 宏 (U+5B8F) in font [lmroman10-regular]:mapping=tex-text;!
Missing character: There is no 动 (U+52A8) in font [lmroman10-regular]:mapping=tex-text;!
Missing character: There is no 作 (U+4F5C) in font [lmroman10-regular]:mapping=tex-text;!
Missing character: There is no 持 (U+6301) in font [lmroman10-regular]:mapping=tex-text;!
Missing character: There is no 续 (U+7EED) in font [lmroman10-regular]:mapping=tex-text;!
Missing character: There is no 步 (U+6B65) in font [lmroman10-regular]:mapping=tex-text;!
Missing character: There is no 后 (U+540E) in font [lmroman10-regular]:mapping=tex-text;!
Missing character: There is no 产 (U+4EA7) in font [lmroman10-regular]:mapping=tex-text;!
Missing character: There is no 生 (U+751F) in font [lmroman10-regular]:mapping=tex-text;!
Missing character: There is no 状 (U+72B6) in font [lmroman10-regular]:mapping=tex-text;!
Missing character: There is no 态 (U+6001) in font [lmroman10-regular]:mapping=tex-text;!
Missing character: There is no 转 (U+8F6C) in font [lmroman10-regular]:mapping=tex-text;!
Missing character: There is no 移 (U+79FB) in font [lmroman10-regular]:mapping=tex-text;!
Missing character: There is no ： (U+FF1A) in font [lmroman10-regular]:mapping=tex-text;!
Missing character: There is no 回 (U+56DE) in font [lmroman12-bold]:mapping=tex-text;!
Missing character: There is no 报 (U+62A5) in font [lmroman12-bold]:mapping=tex-text;!
Missing character: There is no 宏 (U+5B8F) in font [lmroman10-regular]:mapping=tex-text;!
Missing character: There is no 动 (U+52A8) in font [lmroman10-regular]:mapping=tex-text;!
Missing character: There is no 作 (U+4F5C) in font [lmroman10-regular]:mapping=tex-text;!
Missing character: There is no 的 (U+7684) in font [lmroman10-regular]:mapping=tex-text;!
Missing character: There is no 累 (U+7D2F) in font [lmroman10-regular]:mapping=tex-text;!
Missing character: There is no 计 (U+8BA1) in font [lmroman10-regular]:mapping=tex-text;!
Missing character: There is no 回 (U+56DE) in font [lmroman10-regular]:mapping=tex-text;!
Missing character: There is no 报 (U+62A5) in font [lmroman10-regular]:mapping=tex-text;!
Missing character: There is no 为 (U+4E3A) in font [lmroman10-regular]:mapping=tex-text;!
Missing character: There is no ： (U+FF1A) in font [lmroman10-regular]:mapping=tex-text;!
[2]
Missing character: There is no 观 (U+89C2) in font [lmroman12-bold]:mapping=tex-text;!
Missing character: There is no 测 (U+6D4B) in font [lmroman12-bold]:mapping=tex-text;!
Missing character: There is no 向 (U+5411) in font [lmroman12-bold]:mapping=tex-text;!
Missing character: There is no 量 (U+91CF) in font [lmroman12-bold]:mapping=tex-text;!
Missing character: There is no 定 (U+5B9A) in font [lmroman12-bold]:mapping=tex-text;!
Missing character: There is no 义 (U+4E49) in font [lmroman12-bold]:mapping=tex-text;!
Missing character: There is no 本 (U+672C) in font [lmroman10-regular]:mapping=tex-text;!
Missing character: There is no 节 (U+8282) in font [lmroman10-regular]:mapping=tex-text;!
Missing character: There is no 给 (U+7ED9) in font [lmroman10-regular]:mapping=tex-text;!
Missing character: There is no 出 (U+51FA) in font [lmroman10-regular]:mapping=tex-text;!
Missing character: There is no 代 (U+4EE3) in font [lmroman10-regular]:mapping=tex-text;!
Missing character: There is no 码 (U+7801) in font [lmroman10-regular]:mapping=tex-text;!
Missing character: There is no 中 (U+4E2D) in font [lmroman10-regular]:mapping=tex-text;!
Missing character: There is no 使 (U+4F7F) in font [lmroman10-regular]:mapping=tex-text;!
Missing character: There is no 用 (U+7528) in font [lmroman10-regular]:mapping=tex-text;!
Missing character: There is no 的 (U+7684) in font [lmroman10-regular]:mapping=tex-text;!
Missing character: There is no 观 (U+89C2) in font [lmroman10-regular]:mapping=tex-text;!
Missing character: There is no 测 (U+6D4B) in font [lmroman10-regular]:mapping=tex-text;!
Missing character: There is no 向 (U+5411) in font [lmroman10-regular]:mapping=tex-text;!
Missing character: There is no 量 (U+91CF) in font [lmroman10-regular]:mapping=tex-text;!
Missing character: There is no 精 (U+7CBE) in font [lmroman10-regular]:mapping=tex-text;!
Missing character: There is no 确 (U+786E) in font [lmroman10-regular]:mapping=tex-text;!
Missing character: There is no 定 (U+5B9A) in font [lmroman10-regular]:mapping=tex-text;!
Missing character: There is no 义 (U+4E49) in font [lmroman10-regular]:mapping=tex-text;!
Missing character: There is no 。 (U+3002) in font [lmroman10-regular]:mapping=tex-text;!
Missing character: There is no 奖 (U+5956) in font [lmroman12-bold]:mapping=tex-text;!
Missing character: There is no 励 (U+52B1) in font [lmroman12-bold]:mapping=tex-text;!
Missing character: There is no 项 (U+9879) in font [lmroman12-bold]:mapping=tex-text;!
Missing character: There is no 展 (U+5C55) in font [lmroman12-bold]:mapping=tex-text;!
Missing character: There is no 开 (U+5F00) in font [lmroman12-bold]:mapping=tex-text;!
Missing character: There is no （ (U+FF08) in font [lmroman12-bold]:mapping=tex-text;!
Missing character: There is no 更 (U+66F4) in font [lmroman12-bold]:mapping=tex-text;!
Missing character: There is no 细 (U+7EC6) in font [lmroman12-bold]:mapping=tex-text;!
Missing character: There is no 化 (U+5316) in font [lmroman12-bold]:mapping=tex-text;!
Missing character: There is no ） (U+FF09) in font [lmroman12-bold]:mapping=tex-text;!
Missing character: There is no 本 (U+672C) in font [lmroman10-regular]:mapping=tex-text;!
Missing character: There is no 节 (U+8282) in font [lmroman10-regular]:mapping=tex-text;!
Missing character: There is no 给 (U+7ED9) in font [lmroman10-regular]:mapping=tex-text;!
Missing character: There is no 出 (U+51FA) in font [lmroman10-regular]:mapping=tex-text;!
Missing character: There is no 低 (U+4F4E) in font [lmroman10-regular]:mapping=tex-text;!
Missing character: There is no 层 (U+5C42) in font [lmroman10-regular]:mapping=tex-text;!
Missing character: There is no 与 (U+4E0E) in font [lmroman10-regular]:mapping=tex-text;!
Missing character: There is no 追 (U+8FFD) in font [lmroman10-regular]:mapping=tex-text;!
Missing character: There is no 逃 (U+9003) in font [lmroman10-regular]:mapping=tex-text;!
Missing character: There is no 环 (U+73AF) in font [lmroman10-regular]:mapping=tex-text;!
Missing character: There is no 境 (U+5883) in font [lmroman10-regular]:mapping=tex-text;!
Missing character: There is no 的 (U+7684) in font [lmroman10-regular]:mapping=tex-text;!
Missing character: There is no 奖 (U+5956) in font [lmroman10-regular]:mapping=tex-text;!
Missing character: There is no 励 (U+52B1) in font [lmroman10-regular]:mapping=tex-text;!
Missing character: There is no 分 (U+5206) in font [lmroman10-regular]:mapping=tex-text;!
Missing character: There is no 解 (U+89E3) in font [lmroman10-regular]:mapping=tex-text;!
Missing character: There is no 形 (U+5F62) in font [lmroman10-regular]:mapping=tex-text;!
Missing character: There is no 式 (U+5F0F) in font [lmroman10-regular]:mapping=tex-text;!
Missing character: There is no ， (U+FF0C) in font [lmroman10-regular]:mapping=tex-text;!
Missing character: There is no 便 (U+4FBF) in font [lmroman10-regular]:mapping=tex-text;!
Missing character: There is no 于 (U+4E8E) in font [lmroman10-regular]:mapping=tex-text;!
Missing character: There is no 与 (U+4E0E) in font [lmroman10-regular]:mapping=tex-text;!
Missing character: There is no 实 (U+5B9E) in font [lmroman10-regular]:mapping=tex-text;!
Missing character: There is no 现 (U+73B0) in font [lmroman10-regular]:mapping=tex-text;!
Missing character: There is no 逐 (U+9010) in font [lmroman10-regular]:mapping=tex-text;!
Missing character: There is no 项 (U+9879) in font [lmroman10-regular]:mapping=tex-text;!
Missing character: There is no 对 (U+5BF9) in font [lmroman10-regular]:mapping=tex-text;!
Missing character: There is no 照 (U+7167) in font [lmroman10-regular]:mapping=tex-text;!
Missing character: There is no 。 (U+3002) in font [lmroman10-regular]:mapping=tex-text;!
Missing character: There is no 低 (U+4F4E) in font [lmroman12-bold]:mapping=tex-text;!
Missing character: There is no 层 (U+5C42) in font [lmroman12-bold]:mapping=tex-text;!
Missing character: There is no 奖 (U+5956) in font [lmroman12-bold]:mapping=tex-text;!
Missing character: There is no 励 (U+52B1) in font [lmroman12-bold]:mapping=tex-text;!
Missing character: There is no 分 (U+5206) in font [lmroman12-bold]:mapping=tex-text;!
Missing character: There is no 解 (U+89E3) in font [lmroman12-bold]:mapping=tex-text;!
Missing character: There is no 低 (U+4F4E) in font [lmroman10-regular]:mapping=tex-text;!
Missing character: There is no 层 (U+5C42) in font [lmroman10-regular]:mapping=tex-text;!
Missing character: There is no 环 (U+73AF) in font [lmroman10-regular]:mapping=tex-text;!
Missing character: There is no 境 (U+5883) in font [lmroman10-regular]:mapping=tex-text;!
Missing character: There is no 的 (U+7684) in font [lmroman10-regular]:mapping=tex-text;!
Missing character: There is no 奖 (U+5956) in font [lmroman10-regular]:mapping=tex-text;!
Missing character: There is no 励 (U+52B1) in font [lmroman10-regular]:mapping=tex-text;!
Missing character: There is no 由 (U+7531) in font [lmroman10-regular]:mapping=tex-text;!
Missing character: There is no 多 (U+591A) in font [lmroman10-regular]:mapping=tex-text;!
Missing character: There is no 个 (U+4E2A) in font [lmroman10-regular]:mapping=tex-text;!
Missing character: There is no 子 (U+5B50) in font [lmroman10-regular]:mapping=tex-text;!
Missing character: There is no 项 (U+9879) in font [lmroman10-regular]:mapping=tex-text;!
Missing character: There is no 线 (U+7EBF) in font [lmroman10-regular]:mapping=tex-text;!
Missing character: There is no 性 (U+6027) in font [lmroman10-regular]:mapping=tex-text;!
Missing character: There is no 组 (U+7EC4) in font [lmroman10-regular]:mapping=tex-text;!
Missing character: There is no 合 (U+5408) in font [lmroman10-regular]:mapping=tex-text;!
Missing character: There is no 构 (U+6784) in font [lmroman10-regular]:mapping=tex-text;!
Missing character: There is no 成 (U+6210) in font [lmroman10-regular]:mapping=tex-text;!
Missing character: There is no ： (U+FF1A) in font [lmroman10-regular]:mapping=tex-text;!
Missing character: There is no 其 (U+5176) in font [lmroman10-regular]:mapping=tex-text;!
Missing character: There is no 中 (U+4E2D) in font [lmroman10-regular]:mapping=tex-text;!
Missing character: There is no 各 (U+5404) in font [lmroman10-regular]:mapping=tex-text;!
Missing character: There is no 子 (U+5B50) in font [lmroman10-regular]:mapping=tex-text;!
Missing character: There is no 项 (U+9879) in font [lmroman10-regular]:mapping=tex-text;!
Missing character: There is no 含 (U+542B) in font [lmroman10-regular]:mapping=tex-text;!
Missing character: There is no 义 (U+4E49) in font [lmroman10-regular]:mapping=tex-text;!
Missing character: There is no 如 (U+5982) in font [lmroman10-regular]:mapping=tex-text;!
Missing character: There is no 下 (U+4E0B) in font [lmroman10-regular]:mapping=tex-text;!
Missing character: There is no ： (U+FF1A) in font [lmroman10-regular]:mapping=tex-text;!
Missing character: There is no 位 (U+4F4D) in font [lmroman10-regular]:mapping=tex-text;!
Missing character: There is no 置 (U+7F6E) in font [lmroman10-regular]:mapping=tex-text;!
Missing character: There is no 相 (U+76F8) in font [lmroman10-regular]:mapping=tex-text;!
Missing character: There is no 关 (U+5173) in font [lmroman10-regular]:mapping=tex-text;!
Missing character: There is no 项 (U+9879) in font [lmroman10-regular]:mapping=tex-text;!
Missing character: There is no （ (U+FF08) in font [lmroman10-regular]:mapping=tex-text;!
Missing character: There is no 含 (U+542B) in font [lmroman10-regular]:mapping=tex-text;!
Missing character: There is no 改 (U+6539) in font [lmroman10-regular]:mapping=tex-text;!
Missing character: There is no 进 (U+8FDB) in font [lmroman10-regular]:mapping=tex-text;!
Missing character: There is no 与 (U+4E0E) in font [lmroman10-regular]:mapping=tex-text;!
Missing character: There is no 方 (U+65B9) in font [lmroman10-regular]:mapping=tex-text;!
Missing character: There is no 向 (U+5411) in font [lmroman10-regular]:mapping=tex-text;!
Missing character: There is no 引 (U+5F15) in font [lmroman10-regular]:mapping=tex-text;!
Missing character: There is no 导 (U+5BFC) in font [lmroman10-regular]:mapping=tex-text;!
Missing character: There is no ） (U+FF09) in font [lmroman10-regular]:mapping=tex-text;!
Missing character: There is no ： (U+FF1A) in font [lmroman10-regular]:mapping=tex-text;!
Missing character: There is no 其 (U+5176) in font [lmroman10-regular]:mapping=tex-text;!
Missing character: There is no 中 (U+4E2D) in font [lmroman10-regular]:mapping=tex-text;!
Missing character: There is no 为 (U+4E3A) in font [lmroman10-regular]:mapping=tex-text;!
Missing character: There is no 相 (U+76F8) in font [lmroman10-regular]:mapping=tex-text;!
Missing character: There is no 邻 (U+90BB) in font [lmroman10-regular]:mapping=tex-text;!
Missing character: There is no 步 (U+6B65) in font [lmroman10-regular]:mapping=tex-text;!
Missing character: There is no 的 (U+7684) in font [lmroman10-regular]:mapping=tex-text;!
Missing character: There is no 位 (U+4F4D) in font [lmroman10-regular]:mapping=tex-text;!
Missing character: There is no 置 (U+7F6E) in font [lmroman10-regular]:mapping=tex-text;!
Missing character: There is no 误 (U+8BEF) in font [lmroman10-regular]:mapping=tex-text;!
Missing character: There is no 差 (U+5DEE) in font [lmroman10-regular]:mapping=tex-text;!
Missing character: There is no 改 (U+6539) in font [lmroman10-regular]:mapping=tex-text;!
Missing character: There is no 进 (U+8FDB) in font [lmroman10-regular]:mapping=tex-text;!
Missing character: There is no 量 (U+91CF) in font [lmroman10-regular]:mapping=tex-text;!
Missing character: There is no ， (U+FF0C) in font [lmroman10-regular]:mapping=tex-text;!
Missing character: There is no 表 (U+8868) in font [lmroman10-regular]:mapping=tex-text;!
Missing character: There is no 示 (U+793A) in font [lmroman10-regular]:mapping=tex-text;!
Missing character: There is no 速 (U+901F) in font [lmroman10-regular]:mapping=tex-text;!
Missing character: There is no 度 (U+5EA6) in font [lmroman10-regular]:mapping=tex-text;!
Missing character: There is no 方 (U+65B9) in font [lmroman10-regular]:mapping=tex-text;!
Missing character: There is no 向 (U+5411) in font [lmroman10-regular]:mapping=tex-text;!
Missing character: There is no 与 (U+4E0E) in font [lmroman10-regular]:mapping=tex-text;!
Missing character: There is no 目 (U+76EE) in font [lmroman10-regular]:mapping=tex-text;!
Missing character: There is no 标 (U+6807) in font [lmroman10-regular]:mapping=tex-text;!
Missing character: There is no 方 (U+65B9) in font [lmroman10-regular]:mapping=tex-text;!
Missing character: There is no 向 (U+5411) in font [lmroman10-regular]:mapping=tex-text;!
Missing character: There is no 的 (U+7684) in font [lmroman10-regular]:mapping=tex-text;!
Missing character: There is no 一 (U+4E00) in font [lmroman10-regular]:mapping=tex-text;!
Missing character: There is no 致 (U+81F4) in font [lmroman10-regular]:mapping=tex-text;!
Missing character: There is no 性 (U+6027) in font [lmroman10-regular]:mapping=tex-text;!
Missing character: There is no 。 (U+3002) in font [lmroman10-regular]:mapping=tex-text;!
Missing character: There is no 姿 (U+59FF) in font [lmroman10-regular]:mapping=tex-text;!
Missing character: There is no 态 (U+6001) in font [lmroman10-regular]:mapping=tex-text;!
Missing character: There is no 误 (U+8BEF) in font [lmroman10-regular]:mapping=tex-text;!
Missing character: There is no 差 (U+5DEE) in font [lmroman10-regular]:mapping=tex-text;!
Missing character: There is no 惩 (U+60E9) in font [lmroman10-regular]:mapping=tex-text;!
Missing character: There is no 罚 (U+7F5A) in font [lmroman10-regular]:mapping=tex-text;!
Missing character: There is no ： (U+FF1A) in font [lmroman10-regular]:mapping=tex-text;!
Missing character: There is no 线 (U+7EBF) in font [lmroman10-regular]:mapping=tex-text;!
Missing character: There is no 速 (U+901F) in font [lmroman10-regular]:mapping=tex-text;!
Missing character: There is no 度 (U+5EA6) in font [lmroman10-regular]:mapping=tex-text;!
Missing character: There is no 惩 (U+60E9) in font [lmroman10-regular]:mapping=tex-text;!
Missing character: There is no 罚 (U+7F5A) in font [lmroman10-regular]:mapping=tex-text;!
Missing character: There is no （ (U+FF08) in font [lmroman10-regular]:mapping=tex-text;!
Missing character: There is no 超 (U+8D85) in font [lmroman10-regular]:mapping=tex-text;!
Missing character: There is no 限 (U+9650) in font [lmroman10-regular]:mapping=tex-text;!
Missing character: There is no 部 (U+90E8) in font [lmroman10-regular]:mapping=tex-text;!
Missing character: There is no 分 (U+5206) in font [lmroman10-regular]:mapping=tex-text;!
Missing character: There is no ） (U+FF09) in font [lmroman10-regular]:mapping=tex-text;!
Missing character: There is no ： (U+FF1A) in font [lmroman10-regular]:mapping=tex-text;!
Missing character: There is no 角 (U+89D2) in font [lmroman10-regular]:mapping=tex-text;!
Missing character: There is no 速 (U+901F) in font [lmroman10-regular]:mapping=tex-text;!
Missing character: There is no 度 (U+5EA6) in font [lmroman10-regular]:mapping=tex-text;!
Missing character: There is no 惩 (U+60E9) in font [lmroman10-regular]:mapping=tex-text;!
Missing character: There is no 罚 (U+7F5A) in font [lmroman10-regular]:mapping=tex-text;!
Missing character: There is no （ (U+FF08) in font [lmroman10-regular]:mapping=tex-text;!
Missing character: There is no 超 (U+8D85) in font [lmroman10-regular]:mapping=tex-text;!
Missing character: There is no 限 (U+9650) in font [lmroman10-regular]:mapping=tex-text;!
Missing character: There is no 部 (U+90E8) in font [lmroman10-regular]:mapping=tex-text;!
Missing character: There is no 分 (U+5206) in font [lmroman10-regular]:mapping=tex-text;!
Missing character: There is no ） (U+FF09) in font [lmroman10-regular]:mapping=tex-text;!
Missing character: There is no ： (U+FF1A) in font [lmroman10-regular]:mapping=tex-text;!
Missing character: There is no 能 (U+80FD) in font [lmroman10-regular]:mapping=tex-text;!
Missing character: There is no 耗 (U+8017) in font [lmroman10-regular]:mapping=tex-text;!
Missing character: There is no 惩 (U+60E9) in font [lmroman10-regular]:mapping=tex-text;!
Missing character: There is no 罚 (U+7F5A) in font [lmroman10-regular]:mapping=tex-text;!
Missing character: There is no （ (U+FF08) in font [lmroman10-regular]:mapping=tex-text;!
Missing character: There is no 推 (U+63A8) in font [lmroman10-regular]:mapping=tex-text;!
Missing character: There is no 力 (U+529B) in font [lmroman10-regular]:mapping=tex-text;!
Missing character: There is no 绝 (U+7EDD) in font [lmroman10-regular]:mapping=tex-text;!
Missing character: There is no 对 (U+5BF9) in font [lmroman10-regular]:mapping=tex-text;!
Missing character: There is no 值 (U+503C) in font [lmroman10-regular]:mapping=tex-text;!
Missing character: There is no 归 (U+5F52) in font [lmroman10-regular]:mapping=tex-text;!
Missing character: There is no 一 (U+4E00) in font [lmroman10-regular]:mapping=tex-text;!
Missing character: There is no 化 (U+5316) in font [lmroman10-regular]:mapping=tex-text;!
Missing character: There is no ） (U+FF09) in font [lmroman10-regular]:mapping=tex-text;!
Missing character: There is no ： (U+FF1A) in font [lmroman10-regular]:mapping=tex-text;!
Missing character: There is no 姿 (U+59FF) in font [lmroman10-regular]:mapping=tex-text;!
Missing character: There is no 态 (U+6001) in font [lmroman10-regular]:mapping=tex-text;!
Missing character: There is no 稳 (U+7A33) in font [lmroman10-regular]:mapping=tex-text;!
Missing character: There is no 定 (U+5B9A) in font [lmroman10-regular]:mapping=tex-text;!
Missing character: There is no 项 (U+9879) in font [lmroman10-regular]:mapping=tex-text;!
Missing character: There is no （ (U+FF08) in font [lmroman10-regular]:mapping=tex-text;!
Missing character: There is no 平 (U+5E73) in font [lmroman10-regular]:mapping=tex-text;!
Missing character: There is no 滑 (U+6ED1) in font [lmroman10-regular]:mapping=tex-text;!
Missing character: There is no 惩 (U+60E9) in font [lmroman10-regular]:mapping=tex-text;!
Missing character: There is no 罚 (U+7F5A) in font [lmroman10-regular]:mapping=tex-text;!
Missing character: There is no 与 (U+4E0E) in font [lmroman10-regular]:mapping=tex-text;!
Missing character: There is no 奖 (U+5956) in font [lmroman10-regular]:mapping=tex-text;!
Missing character: There is no 励 (U+52B1) in font [lmroman10-regular]:mapping=tex-text;!
Missing character: There is no ） (U+FF09) in font [lmroman10-regular]:mapping=tex-text;!
Missing character: There is no ： (U+FF1A) in font [lmroman10-regular]:mapping=tex-text;!
Missing character: There is no 仅 (U+4EC5) in font [lmroman10-regular]:mapping=tex-text;!
Missing character: There is no 当 (U+5F53) in font [lmroman10-regular]:mapping=tex-text;!
Missing character: There is no 横 (U+6A2A) in font [lmroman10-regular]:mapping=tex-text;!
Missing character: There is no 滚 (U+6EDA) in font [lmroman10-regular]:mapping=tex-text;!
Missing character: There is no 俯 (U+4FEF) in font [lmroman10-regular]:mapping=tex-text;!
Missing character: There is no 仰 (U+4EF0) in font [lmroman10-regular]:mapping=tex-text;!
Missing character: There is no 超 (U+8D85) in font [lmroman10-regular]:mapping=tex-text;!
Missing character: There is no 过 (U+8FC7) in font [lmroman10-regular]:mapping=tex-text;!
Missing character: There is no 阈 (U+9608) in font [lmroman10-regular]:mapping=tex-text;!
Missing character: There is no 值 (U+503C) in font [lmroman10-regular]:mapping=tex-text;!
Missing character: There is no 才 (U+624D) in font [lmroman10-regular]:mapping=tex-text;!
Missing character: There is no 惩 (U+60E9) in font [lmroman10-regular]:mapping=tex-text;!
Missing character: There is no 罚 (U+7F5A) in font [lmroman10-regular]:mapping=tex-text;!
Missing character: There is no ， (U+FF0C) in font [lmroman10-regular]:mapping=tex-text;!
Missing character: There is no 小 (U+5C0F) in font [lmroman10-regular]:mapping=tex-text;!
Missing character: There is no 角 (U+89D2) in font [lmroman10-regular]:mapping=tex-text;!
Missing character: There is no 度 (U+5EA6) in font [lmroman10-regular]:mapping=tex-text;!
Missing character: There is no 范 (U+8303) in font [lmroman10-regular]:mapping=tex-text;!
Missing character: There is no 围 (U+56F4) in font [lmroman10-regular]:mapping=tex-text;!
Missing character: There is no 内 (U+5185) in font [lmroman10-regular]:mapping=tex-text;!
Missing character: There is no 给 (U+7ED9) in font [lmroman10-regular]:mapping=tex-text;!
Missing character: There is no 予 (U+4E88) in font [lmroman10-regular]:mapping=tex-text;!
Missing character: There is no 稳 (U+7A33) in font [lmroman10-regular]:mapping=tex-text;!
Missing character: There is no 定 (U+5B9A) in font [lmroman10-regular]:mapping=tex-text;!
Missing character: There is no 性 (U+6027) in font [lmroman10-regular]:mapping=tex-text;!
Missing character: There is no 奖 (U+5956) in font [lmroman10-regular]:mapping=tex-text;!
Missing character: There is no 励 (U+52B1) in font [lmroman10-regular]:mapping=tex-text;!
Missing character: There is no 。 (U+3002) in font [lmroman10-regular]:mapping=tex-text;!
Missing character: There is no 稳 (U+7A33) in font [lmroman10-regular]:mapping=tex-text;!
Missing character: There is no 定 (U+5B9A) in font [lmroman10-regular]:mapping=tex-text;!
Missing character: There is no 性 (U+6027) in font [lmroman10-regular]:mapping=tex-text;!
Missing character: There is no 奖 (U+5956) in font [lmroman10-regular]:mapping=tex-text;!
Missing character: There is no 励 (U+52B1) in font [lmroman10-regular]:mapping=tex-text;!
Missing character: There is no ： (U+FF1A) in font [lmroman10-regular]:mapping=tex-text;!
Missing character: There is no 当 (U+5F53) in font [lmroman10-regular]:mapping=tex-text;!
Missing character: There is no 接 (U+63A5) in font [lmroman10-regular]:mapping=tex-text;!
Missing character: There is no 近 (U+8FD1) in font [lmroman10-regular]:mapping=tex-text;!
Missing character: There is no 目 (U+76EE) in font [lmroman10-regular]:mapping=tex-text;!
Missing character: There is no 标 (U+6807) in font [lmroman10-regular]:mapping=tex-text;!
Missing character: There is no 且 (U+4E14) in font [lmroman10-regular]:mapping=tex-text;!
Missing character: There is no 速 (U+901F) in font [lmroman10-regular]:mapping=tex-text;!
Missing character: There is no 度 (U+5EA6) in font [lmroman10-regular]:mapping=tex-text;!
Missing character: There is no 较 (U+8F83) in font [lmroman10-regular]:mapping=tex-text;!
Missing character: There is no 小 (U+5C0F) in font [lmroman10-regular]:mapping=tex-text;!
Missing character: There is no 时 (U+65F6) in font [lmroman10-regular]:mapping=tex-text;!
Missing character: There is no 给 (U+7ED9) in font [lmroman10-regular]:mapping=tex-text;!
Missing character: There is no 正 (U+6B63) in font [lmroman10-regular]:mapping=tex-text;!
Missing character: There is no 奖 (U+5956) in font [lmroman10-regular]:mapping=tex-text;!
Missing character: There is no 励 (U+52B1) in font [lmroman10-regular]:mapping=tex-text;!
Missing character: There is no 。 (U+3002) in font [lmroman10-regular]:mapping=tex-text;!
Missing character: There is no 到 (U+5230) in font [lmroman10-regular]:mapping=tex-text;!
Missing character: There is no 达 (U+8FBE) in font [lmroman10-regular]:mapping=tex-text;!
Missing character: There is no 奖 (U+5956) in font [lmroman10-regular]:mapping=tex-text;!
Missing character: There is no 励 (U+52B1) in font [lmroman10-regular]:mapping=tex-text;!
Missing character: There is no ： (U+FF1A) in font [lmroman10-regular]:mapping=tex-text;!
Missing character: There is no 当 (U+5F53) in font [lmroman10-regular]:mapping=tex-text;!
Missing character: There is no 与 (U+4E0E) in font [lmroman10-regular]:mapping=tex-text;!
Missing character: There is no 同 (U+540C) in font [lmroman10-regular]:mapping=tex-text;!
Missing character: There is no 时 (U+65F6) in font [lmroman10-regular]:mapping=tex-text;!
Missing character: There is no 小 (U+5C0F) in font [lmroman10-regular]:mapping=tex-text;!
Missing character: There is no 于 (U+4E8E) in font [lmroman10-regular]:mapping=tex-text;!
Missing character: There is no 阈 (U+9608) in font [lmroman10-regular]:mapping=tex-text;!
Missing character: There is no 值 (U+503C) in font [lmroman10-regular]:mapping=tex-text;!
Missing character: There is no 时 (U+65F6) in font [lmroman10-regular]:mapping=tex-text;!
Missing character: There is no 给 (U+7ED9) in font [lmroman10-regular]:mapping=tex-text;!
Missing character: There is no 定 (U+5B9A) in font [lmroman10-regular]:mapping=tex-text;!
Missing character: There is no 奖 (U+5956) in font [lmroman10-regular]:mapping=tex-text;!
Missing character: There is no 励 (U+52B1) in font [lmroman10-regular]:mapping=tex-text;!
Missing character: There is no 。 (U+3002) in font [lmroman10-regular]:mapping=tex-text;!
Missing character: There is no 时 (U+65F6) in font [lmroman10-regular]:mapping=tex-text;!
Missing character: There is no 间 (U+95F4) in font [lmroman10-regular]:mapping=tex-text;!
Missing character: There is no 惩 (U+60E9) in font [lmroman10-regular]:mapping=tex-text;!
Missing character: There is no 罚 (U+7F5A) in font [lmroman10-regular]:mapping=tex-text;!
Missing character: There is no ： (U+FF1A) in font [lmroman10-regular]:mapping=tex-text;!
Missing character: There is no 常 (U+5E38) in font [lmroman10-regular]:mapping=tex-text;!
Missing character: There is no 数 (U+6570) in font [lmroman10-regular]:mapping=tex-text;!
Missing character: There is no 项 (U+9879) in font [lmroman10-regular]:mapping=tex-text;!
Missing character: There is no 。 (U+3002) in font [lmroman10-regular]:mapping=tex-text;!
Missing character: There is no 权 (U+6743) in font [lmroman10-regular]:mapping=tex-text;!
Missing character: There is no 重 (U+91CD) in font [lmroman10-regular]:mapping=tex-text;!
Missing character: There is no 与 (U+4E0E) in font [lmroman10-regular]:mapping=tex-text;!
Missing character: There is no 阈 (U+9608) in font [lmroman10-regular]:mapping=tex-text;!
Missing character: There is no 值 (U+503C) in font [lmroman10-regular]:mapping=tex-text;!
Missing character: There is no 来 (U+6765) in font [lmroman10-regular]:mapping=tex-text;!
Missing character: There is no 自 (U+81EA) in font [lmroman10-regular]:mapping=tex-text;!
Missing character: There is no 配 (U+914D) in font [lmroman10-regular]:mapping=tex-text;!
Missing character: There is no 置 (U+7F6E) in font [lmroman10-regular]:mapping=tex-text;!
Missing character: There is no 文 (U+6587) in font [lmroman10-regular]:mapping=tex-text;!
Missing character: There is no 件 (U+4EF6) in font [lmroman10-regular]:mapping=tex-text;!
Missing character: There is no （ (U+FF08) in font [lmroman10-regular]:mapping=tex-text;!
Missing character: There is no ） (U+FF09) in font [lmroman10-regular]:mapping=tex-text;!
Missing character: There is no 。 (U+3002) in font [lmroman10-regular]:mapping=tex-text;!
Missing character: There is no 追 (U+8FFD) in font [lmroman12-bold]:mapping=tex-text;!
Missing character: There is no 逃 (U+9003) in font [lmroman12-bold]:mapping=tex-text;!
Missing character: There is no 奖 (U+5956) in font [lmroman12-bold]:mapping=tex-text;!
Missing character: There is no 励 (U+52B1) in font [lmroman12-bold]:mapping=tex-text;!
Missing character: There is no 分 (U+5206) in font [lmroman12-bold]:mapping=tex-text;!
Missing character: There is no 解 (U+89E3) in font [lmroman12-bold]:mapping=tex-text;!
Missing character: There is no 追 (U+8FFD) in font [lmroman10-regular]:mapping=tex-text;!
Missing character: There is no 逃 (U+9003) in font [lmroman10-regular]:mapping=tex-text;!
Missing character: There is no 环 (U+73AF) in font [lmroman10-regular]:mapping=tex-text;!
Missing character: There is no 境 (U+5883) in font [lmroman10-regular]:mapping=tex-text;!
Missing character: There is no 的 (U+7684) in font [lmroman10-regular]:mapping=tex-text;!
Missing character: There is no 奖 (U+5956) in font [lmroman10-regular]:mapping=tex-text;!
Missing character: There is no 励 (U+52B1) in font [lmroman10-regular]:mapping=tex-text;!
Missing character: There is no 为 (U+4E3A) in font [lmroman10-regular]:mapping=tex-text;!
Missing character: There is no ： (U+FF1A) in font [lmroman10-regular]:mapping=tex-text;!
[3]
Missing character: There is no 各 (U+5404) in font [lmroman10-regular]:mapping=tex-text;!
Missing character: There is no 项 (U+9879) in font [lmroman10-regular]:mapping=tex-text;!
Missing character: There is no 含 (U+542B) in font [lmroman10-regular]:mapping=tex-text;!
Missing character: There is no 义 (U+4E49) in font [lmroman10-regular]:mapping=tex-text;!
Missing character: There is no 如 (U+5982) in font [lmroman10-regular]:mapping=tex-text;!
Missing character: There is no 下 (U+4E0B) in font [lmroman10-regular]:mapping=tex-text;!
Missing character: There is no ： (U+FF1A) in font [lmroman10-regular]:mapping=tex-text;!
Missing character: There is no 距 (U+8DDD) in font [lmroman10-regular]:mapping=tex-text;!
Missing character: There is no 离 (U+79BB) in font [lmroman10-regular]:mapping=tex-text;!
Missing character: There is no 改 (U+6539) in font [lmroman10-regular]:mapping=tex-text;!
Missing character: There is no 进 (U+8FDB) in font [lmroman10-regular]:mapping=tex-text;!
Missing character: There is no 奖 (U+5956) in font [lmroman10-regular]:mapping=tex-text;!
Missing character: There is no 励 (U+52B1) in font [lmroman10-regular]:mapping=tex-text;!
Missing character: There is no ： (U+FF1A) in font [lmroman10-regular]:mapping=tex-text;!
Missing character: There is no 。 (U+3002) in font [lmroman10-regular]:mapping=tex-text;!
Missing character: There is no 闭 (U+95ED) in font [lmroman10-regular]:mapping=tex-text;!
Missing character: There is no 合 (U+5408) in font [lmroman10-regular]:mapping=tex-text;!
Missing character: There is no 速 (U+901F) in font [lmroman10-regular]:mapping=tex-text;!
Missing character: There is no 度 (U+5EA6) in font [lmroman10-regular]:mapping=tex-text;!
Missing character: There is no 奖 (U+5956) in font [lmroman10-regular]:mapping=tex-text;!
Missing character: There is no 励 (U+52B1) in font [lmroman10-regular]:mapping=tex-text;!
Missing character: There is no ： (U+FF1A) in font [lmroman10-regular]:mapping=tex-text;!
Missing character: There is no 。 (U+3002) in font [lmroman10-regular]:mapping=tex-text;!
Missing character: There is no 方 (U+65B9) in font [lmroman10-regular]:mapping=tex-text;!
Missing character: There is no 向 (U+5411) in font [lmroman10-regular]:mapping=tex-text;!
Missing character: There is no 一 (U+4E00) in font [lmroman10-regular]:mapping=tex-text;!
Missing character: There is no 致 (U+81F4) in font [lmroman10-regular]:mapping=tex-text;!
Missing character: There is no 性 (U+6027) in font [lmroman10-regular]:mapping=tex-text;!
Missing character: There is no ： (U+FF1A) in font [lmroman10-regular]:mapping=tex-text;!
Missing character: There is no 。 (U+3002) in font [lmroman10-regular]:mapping=tex-text;!
Missing character: There is no 边 (U+8FB9) in font [lmroman10-regular]:mapping=tex-text;!
Missing character: There is no 界 (U+754C) in font [lmroman10-regular]:mapping=tex-text;!
Missing character: There is no 压 (U+538B) in font [lmroman10-regular]:mapping=tex-text;!
Missing character: There is no 制 (U+5236) in font [lmroman10-regular]:mapping=tex-text;!
Missing character: There is no ： (U+FF1A) in font [lmroman10-regular]:mapping=tex-text;!
Missing character: There is no 当 (U+5F53) in font [lmroman10-regular]:mapping=tex-text;!
Missing character: There is no 逃 (U+9003) in font [lmroman10-regular]:mapping=tex-text;!
Missing character: There is no 脱 (U+8131) in font [lmroman10-regular]:mapping=tex-text;!
Missing character: There is no 者 (U+8005) in font [lmroman10-regular]:mapping=tex-text;!
Missing character: There is no 接 (U+63A5) in font [lmroman10-regular]:mapping=tex-text;!
Missing character: There is no 近 (U+8FD1) in font [lmroman10-regular]:mapping=tex-text;!
Missing character: There is no 边 (U+8FB9) in font [lmroman10-regular]:mapping=tex-text;!
Missing character: There is no 界 (U+754C) in font [lmroman10-regular]:mapping=tex-text;!
Missing character: There is no 时 (U+65F6) in font [lmroman10-regular]:mapping=tex-text;!
Missing character: There is no 给 (U+7ED9) in font [lmroman10-regular]:mapping=tex-text;!
Missing character: There is no 正 (U+6B63) in font [lmroman10-regular]:mapping=tex-text;!
Missing character: There is no 奖 (U+5956) in font [lmroman10-regular]:mapping=tex-text;!
Missing character: There is no 励 (U+52B1) in font [lmroman10-regular]:mapping=tex-text;!
Missing character: There is no 。 (U+3002) in font [lmroman10-regular]:mapping=tex-text;!
Missing character: There is no 时 (U+65F6) in font [lmroman10-regular]:mapping=tex-text;!
Missing character: There is no 间 (U+95F4) in font [lmroman10-regular]:mapping=tex-text;!
Missing character: There is no 惩 (U+60E9) in font [lmroman10-regular]:mapping=tex-text;!
Missing character: There is no 罚 (U+7F5A) in font [lmroman10-regular]:mapping=tex-text;!
Missing character: There is no ： (U+FF1A) in font [lmroman10-regular]:mapping=tex-text;!
Missing character: There is no 。 (U+3002) in font [lmroman10-regular]:mapping=tex-text;!
Missing character: There is no 撞 (U+649E) in font [lmroman10-regular]:mapping=tex-text;!
Missing character: There is no 边 (U+8FB9) in font [lmroman10-regular]:mapping=tex-text;!
Missing character: There is no 惩 (U+60E9) in font [lmroman10-regular]:mapping=tex-text;!
Missing character: There is no 罚 (U+7F5A) in font [lmroman10-regular]:mapping=tex-text;!
Missing character: There is no ： (U+FF1A) in font [lmroman10-regular]:mapping=tex-text;!
Missing character: There is no 若 (U+82E5) in font [lmroman10-regular]:mapping=tex-text;!
Missing character: There is no 追 (U+8FFD) in font [lmroman10-regular]:mapping=tex-text;!
Missing character: There is no 击 (U+51FB) in font [lmroman10-regular]:mapping=tex-text;!
Missing character: There is no 者 (U+8005) in font [lmroman10-regular]:mapping=tex-text;!
Missing character: There is no 撞 (U+649E) in font [lmroman10-regular]:mapping=tex-text;!
Missing character: There is no 边 (U+8FB9) in font [lmroman10-regular]:mapping=tex-text;!
Missing character: There is no ， (U+FF0C) in font [lmroman10-regular]:mapping=tex-text;!
Missing character: There is no 给 (U+7ED9) in font [lmroman10-regular]:mapping=tex-text;!
Missing character: There is no 负 (U+8D1F) in font [lmroman10-regular]:mapping=tex-text;!
Missing character: There is no 奖 (U+5956) in font [lmroman10-regular]:mapping=tex-text;!
Missing character: There is no 励 (U+52B1) in font [lmroman10-regular]:mapping=tex-text;!
Missing character: There is no 。 (U+3002) in font [lmroman10-regular]:mapping=tex-text;!
Missing character: There is no 接 (U+63A5) in font [lmroman10-regular]:mapping=tex-text;!
Missing character: There is no 近 (U+8FD1) in font [lmroman10-regular]:mapping=tex-text;!
Missing character: There is no 奖 (U+5956) in font [lmroman10-regular]:mapping=tex-text;!
Missing character: There is no 励 (U+52B1) in font [lmroman10-regular]:mapping=tex-text;!
Missing character: There is no ： (U+FF1A) in font [lmroman10-regular]:mapping=tex-text;!
Missing character: There is no 当 (U+5F53) in font [lmroman10-regular]:mapping=tex-text;!
Missing character: There is no 距 (U+8DDD) in font [lmroman10-regular]:mapping=tex-text;!
Missing character: There is no 离 (U+79BB) in font [lmroman10-regular]:mapping=tex-text;!
Missing character: There is no 小 (U+5C0F) in font [lmroman10-regular]:mapping=tex-text;!
Missing character: There is no 于 (U+4E8E) in font [lmroman10-regular]:mapping=tex-text;!
Missing character: There is no 阈 (U+9608) in font [lmroman10-regular]:mapping=tex-text;!
Missing character: There is no 值 (U+503C) in font [lmroman10-regular]:mapping=tex-text;!
Missing character: There is no 时 (U+65F6) in font [lmroman10-regular]:mapping=tex-text;!
Missing character: There is no 给 (U+7ED9) in font [lmroman10-regular]:mapping=tex-text;!
Missing character: There is no 额 (U+989D) in font [lmroman10-regular]:mapping=tex-text;!
Missing character: There is no 外 (U+5916) in font [lmroman10-regular]:mapping=tex-text;!
Missing character: There is no 正 (U+6B63) in font [lmroman10-regular]:mapping=tex-text;!
Missing character: There is no 奖 (U+5956) in font [lmroman10-regular]:mapping=tex-text;!
Missing character: There is no 励 (U+52B1) in font [lmroman10-regular]:mapping=tex-text;!
Missing character: There is no 。 (U+3002) in font [lmroman10-regular]:mapping=tex-text;!
Missing character: There is no 捕 (U+6355) in font [lmroman10-regular]:mapping=tex-text;!
Missing character: There is no 获 (U+83B7) in font [lmroman10-regular]:mapping=tex-text;!
Missing character: There is no 奖 (U+5956) in font [lmroman10-regular]:mapping=tex-text;!
Missing character: There is no 励 (U+52B1) in font [lmroman10-regular]:mapping=tex-text;!
Missing character: There is no ： (U+FF1A) in font [lmroman10-regular]:mapping=tex-text;!
Missing character: There is no 距 (U+8DDD) in font [lmroman10-regular]:mapping=tex-text;!
Missing character: There is no 离 (U+79BB) in font [lmroman10-regular]:mapping=tex-text;!
Missing character: There is no 小 (U+5C0F) in font [lmroman10-regular]:mapping=tex-text;!
Missing character: There is no 于 (U+4E8E) in font [lmroman10-regular]:mapping=tex-text;!
Missing character: There is no 捕 (U+6355) in font [lmroman10-regular]:mapping=tex-text;!
Missing character: There is no 获 (U+83B7) in font [lmroman10-regular]:mapping=tex-text;!
Missing character: There is no 半 (U+534A) in font [lmroman10-regular]:mapping=tex-text;!
Missing character: There is no 径 (U+5F84) in font [lmroman10-regular]:mapping=tex-text;!
Missing character: There is no 时 (U+65F6) in font [lmroman10-regular]:mapping=tex-text;!
Missing character: There is no 给 (U+7ED9) in font [lmroman10-regular]:mapping=tex-text;!
Missing character: There is no 。 (U+3002) in font [lmroman10-regular]:mapping=tex-text;!
Missing character: There is no 追 (U+8FFD) in font [lmroman12-bold]:mapping=tex-text;!
Missing character: There is no 逃 (U+9003) in font [lmroman12-bold]:mapping=tex-text;!
Missing character: There is no 观 (U+89C2) in font [lmroman12-bold]:mapping=tex-text;!
Missing character: There is no 测 (U+6D4B) in font [lmroman12-bold]:mapping=tex-text;!
Missing character: There is no （ (U+FF08) in font [lmroman12-bold]:mapping=tex-text;!
Missing character: There is no 维 (U+7EF4) in font [lmroman12-bold]:mapping=tex-text;!
Missing character: There is no ） (U+FF09) in font [lmroman12-bold]:mapping=tex-text;!
Missing character: There is no 记 (U+8BB0) in font [lmroman10-regular]:mapping=tex-text;!
Missing character: There is no 且 (U+4E14) in font [lmroman10-regular]:mapping=tex-text;!
Missing character: There is no 归 (U+5F52) in font [lmroman10-regular]:mapping=tex-text;!
Missing character: There is no 一 (U+4E00) in font [lmroman10-regular]:mapping=tex-text;!
Missing character: There is no 化 (U+5316) in font [lmroman10-regular]:mapping=tex-text;!
Missing character: There is no 常 (U+5E38) in font [lmroman10-regular]:mapping=tex-text;!
Missing character: There is no 量 (U+91CF) in font [lmroman10-regular]:mapping=tex-text;!
Missing character: There is no ： (U+FF1A) in font [lmroman10-regular]:mapping=tex-text;!

Overfull \hbox (5.69066pt too wide) detected at line 193
[][][][] \OT1/cmr/m/n/10.95 = []\OML/cmm/m/it/10.95 ;  [] \OT1/cmr/m/n/10.95 = []\OML/cmm/m/it/10.95 ;  [] \OT1/cmr/m/n/10.95 = []\OML/cmm/m/it/10.95 :
 []

Missing character: There is no 维 (U+7EF4) in font [lmroman10-regular]:mapping=tex-text;!
Missing character: There is no 观 (U+89C2) in font [lmroman10-regular]:mapping=tex-text;!
Missing character: There is no 测 (U+6D4B) in font [lmroman10-regular]:mapping=tex-text;!
Missing character: There is no 按 (U+6309) in font [lmroman10-regular]:mapping=tex-text;!
Missing character: There is no 如 (U+5982) in font [lmroman10-regular]:mapping=tex-text;!
Missing character: There is no 下 (U+4E0B) in font [lmroman10-regular]:mapping=tex-text;!
Missing character: There is no 顺 (U+987A) in font [lmroman10-regular]:mapping=tex-text;!
Missing character: There is no 序 (U+5E8F) in font [lmroman10-regular]:mapping=tex-text;!
Missing character: There is no 排 (U+6392) in font [lmroman10-regular]:mapping=tex-text;!
Missing character: There is no 列 (U+5217) in font [lmroman10-regular]:mapping=tex-text;!
Missing character: There is no ： (U+FF1A) in font [lmroman10-regular]:mapping=tex-text;!
Missing character: There is no 低 (U+4F4E) in font [lmroman12-bold]:mapping=tex-text;!
Missing character: There is no 层 (U+5C42) in font [lmroman12-bold]:mapping=tex-text;!
Missing character: There is no 观 (U+89C2) in font [lmroman12-bold]:mapping=tex-text;!
Missing character: There is no 测 (U+6D4B) in font [lmroman12-bold]:mapping=tex-text;!
Missing character: There is no 定 (U+5B9A) in font [lmroman10-regular]:mapping=tex-text;!
Missing character: There is no 义 (U+4E49) in font [lmroman10-regular]:mapping=tex-text;!
Missing character: There is no 旋 (U+65CB) in font [lmroman10-regular]:mapping=tex-text;!
Missing character: There is no 转 (U+8F6C) in font [lmroman10-regular]:mapping=tex-text;!
Missing character: There is no 矩 (U+77E9) in font [lmroman10-regular]:mapping=tex-text;!
Missing character: There is no 阵 (U+9635) in font [lmroman10-regular]:mapping=tex-text;!
Missing character: There is no （ (U+FF08) in font [lmroman10-regular]:mapping=tex-text;!
Missing character: There is no 体 (U+4F53) in font [lmroman10-regular]:mapping=tex-text;!
Missing character: There is no 坐 (U+5750) in font [lmroman10-regular]:mapping=tex-text;!
Missing character: There is no 标 (U+6807) in font [lmroman10-regular]:mapping=tex-text;!
Missing character: There is no 到 (U+5230) in font [lmroman10-regular]:mapping=tex-text;!
Missing character: There is no 世 (U+4E16) in font [lmroman10-regular]:mapping=tex-text;!
Missing character: There is no 界 (U+754C) in font [lmroman10-regular]:mapping=tex-text;!
Missing character: There is no 坐 (U+5750) in font [lmroman10-regular]:mapping=tex-text;!
Missing character: There is no 标 (U+6807) in font [lmroman10-regular]:mapping=tex-text;!
Missing character: There is no ） (U+FF09) in font [lmroman10-regular]:mapping=tex-text;!
Missing character: There is no 。 (U+3002) in font [lmroman10-regular]:mapping=tex-text;!
Missing character: There is no 体 (U+4F53) in font [lmroman10-regular]:mapping=tex-text;!
Missing character: There is no 坐 (U+5750) in font [lmroman10-regular]:mapping=tex-text;!
Missing character: There is no 标 (U+6807) in font [lmroman10-regular]:mapping=tex-text;!
Missing character: There is no 系 (U+7CFB) in font [lmroman10-regular]:mapping=tex-text;!
Missing character: There is no 位 (U+4F4D) in font [lmroman10-regular]:mapping=tex-text;!
Missing character: There is no 置 (U+7F6E) in font [lmroman10-regular]:mapping=tex-text;!
Missing character: There is no 误 (U+8BEF) in font [lmroman10-regular]:mapping=tex-text;!
Missing character: There is no 差 (U+5DEE) in font [lmroman10-regular]:mapping=tex-text;!
Missing character: There is no ： (U+FF1A) in font [lmroman10-regular]:mapping=tex-text;!
[4]
Missing character: There is no 姿 (U+59FF) in font [lmroman10-regular]:mapping=tex-text;!
Missing character: There is no 态 (U+6001) in font [lmroman10-regular]:mapping=tex-text;!
Missing character: There is no 误 (U+8BEF) in font [lmroman10-regular]:mapping=tex-text;!
Missing character: There is no 差 (U+5DEE) in font [lmroman10-regular]:mapping=tex-text;!
Missing character: There is no 为 (U+4E3A) in font [lmroman10-regular]:mapping=tex-text;!
Missing character: There is no ： (U+FF1A) in font [lmroman10-regular]:mapping=tex-text;!
Missing character: There is no 观 (U+89C2) in font [lmroman10-regular]:mapping=tex-text;!
Missing character: There is no 测 (U+6D4B) in font [lmroman10-regular]:mapping=tex-text;!
Missing character: There is no 向 (U+5411) in font [lmroman10-regular]:mapping=tex-text;!
Missing character: There is no 量 (U+91CF) in font [lmroman10-regular]:mapping=tex-text;!
Missing character: There is no 按 (U+6309) in font [lmroman10-regular]:mapping=tex-text;!
Missing character: There is no 配 (U+914D) in font [lmroman10-regular]:mapping=tex-text;!
Missing character: There is no 置 (U+7F6E) in font [lmroman10-regular]:mapping=tex-text;!
Missing character: There is no 开 (U+5F00) in font [lmroman10-regular]:mapping=tex-text;!
Missing character: There is no 关 (U+5173) in font [lmroman10-regular]:mapping=tex-text;!
Missing character: There is no 拼 (U+62FC) in font [lmroman10-regular]:mapping=tex-text;!
Missing character: There is no 接 (U+63A5) in font [lmroman10-regular]:mapping=tex-text;!
Missing character: There is no ， (U+FF0C) in font [lmroman10-regular]:mapping=tex-text;!
Missing character: There is no 顺 (U+987A) in font [lmroman10-regular]:mapping=tex-text;!
Missing character: There is no 序 (U+5E8F) in font [lmroman10-regular]:mapping=tex-text;!
Missing character: There is no 如 (U+5982) in font [lmroman10-regular]:mapping=tex-text;!
Missing character: There is no 下 (U+4E0B) in font [lmroman10-regular]:mapping=tex-text;!
Missing character: There is no ： (U+FF1A) in font [lmroman10-regular]:mapping=tex-text;!
Missing character: There is no 位 (U+4F4D) in font [lmroman10-regular]:mapping=tex-text;!
Missing character: There is no 置 (U+7F6E) in font [lmroman10-regular]:mapping=tex-text;!
Missing character: There is no 误 (U+8BEF) in font [lmroman10-regular]:mapping=tex-text;!
Missing character: There is no 差 (U+5DEE) in font [lmroman10-regular]:mapping=tex-text;!
Missing character: There is no （ (U+FF08) in font [lmroman10-regular]:mapping=tex-text;!
Missing character: There is no 体 (U+4F53) in font [lmroman10-regular]:mapping=tex-text;!
Missing character: There is no 坐 (U+5750) in font [lmroman10-regular]:mapping=tex-text;!
Missing character: There is no 标 (U+6807) in font [lmroman10-regular]:mapping=tex-text;!
Missing character: There is no 系 (U+7CFB) in font [lmroman10-regular]:mapping=tex-text;!
Missing character: There is no ） (U+FF09) in font [lmroman10-regular]:mapping=tex-text;!
Missing character: There is no ： (U+FF1A) in font [lmroman10-regular]:mapping=tex-text;!
Missing character: There is no 。 (U+3002) in font [lmroman10-regular]:mapping=tex-text;!
Missing character: There is no 姿 (U+59FF) in font [lmroman10-regular]:mapping=tex-text;!
Missing character: There is no 态 (U+6001) in font [lmroman10-regular]:mapping=tex-text;!
Missing character: There is no 误 (U+8BEF) in font [lmroman10-regular]:mapping=tex-text;!
Missing character: There is no 差 (U+5DEE) in font [lmroman10-regular]:mapping=tex-text;!
Missing character: There is no ： (U+FF1A) in font [lmroman10-regular]:mapping=tex-text;!
Missing character: There is no 。 (U+3002) in font [lmroman10-regular]:mapping=tex-text;!
Missing character: There is no 线 (U+7EBF) in font [lmroman10-regular]:mapping=tex-text;!
Missing character: There is no 速 (U+901F) in font [lmroman10-regular]:mapping=tex-text;!
Missing character: There is no 度 (U+5EA6) in font [lmroman10-regular]:mapping=tex-text;!
Missing character: There is no （ (U+FF08) in font [lmroman10-regular]:mapping=tex-text;!
Missing character: There is no 体 (U+4F53) in font [lmroman10-regular]:mapping=tex-text;!
Missing character: There is no 坐 (U+5750) in font [lmroman10-regular]:mapping=tex-text;!
Missing character: There is no 标 (U+6807) in font [lmroman10-regular]:mapping=tex-text;!
Missing character: There is no 系 (U+7CFB) in font [lmroman10-regular]:mapping=tex-text;!
Missing character: There is no ） (U+FF09) in font [lmroman10-regular]:mapping=tex-text;!
Missing character: There is no ： (U+FF1A) in font [lmroman10-regular]:mapping=tex-text;!
Missing character: There is no 。 (U+3002) in font [lmroman10-regular]:mapping=tex-text;!
Missing character: There is no 角 (U+89D2) in font [lmroman10-regular]:mapping=tex-text;!
Missing character: There is no 速 (U+901F) in font [lmroman10-regular]:mapping=tex-text;!
Missing character: There is no 度 (U+5EA6) in font [lmroman10-regular]:mapping=tex-text;!
Missing character: There is no （ (U+FF08) in font [lmroman10-regular]:mapping=tex-text;!
Missing character: There is no 体 (U+4F53) in font [lmroman10-regular]:mapping=tex-text;!
Missing character: There is no 坐 (U+5750) in font [lmroman10-regular]:mapping=tex-text;!
Missing character: There is no 标 (U+6807) in font [lmroman10-regular]:mapping=tex-text;!
Missing character: There is no 系 (U+7CFB) in font [lmroman10-regular]:mapping=tex-text;!
Missing character: There is no ） (U+FF09) in font [lmroman10-regular]:mapping=tex-text;!
Missing character: There is no ： (U+FF1A) in font [lmroman10-regular]:mapping=tex-text;!
Missing character: There is no 。 (U+3002) in font [lmroman10-regular]:mapping=tex-text;!
Missing character: There is no 目 (U+76EE) in font [lmroman10-regular]:mapping=tex-text;!
Missing character: There is no 标 (U+6807) in font [lmroman10-regular]:mapping=tex-text;!
Missing character: There is no 位 (U+4F4D) in font [lmroman10-regular]:mapping=tex-text;!
Missing character: There is no 置 (U+7F6E) in font [lmroman10-regular]:mapping=tex-text;!
Missing character: There is no （ (U+FF08) in font [lmroman10-regular]:mapping=tex-text;!
Missing character: There is no 体 (U+4F53) in font [lmroman10-regular]:mapping=tex-text;!
Missing character: There is no 坐 (U+5750) in font [lmroman10-regular]:mapping=tex-text;!
Missing character: There is no 标 (U+6807) in font [lmroman10-regular]:mapping=tex-text;!
Missing character: There is no 系 (U+7CFB) in font [lmroman10-regular]:mapping=tex-text;!
Missing character: There is no ） (U+FF09) in font [lmroman10-regular]:mapping=tex-text;!
Missing character: There is no ： (U+FF1A) in font [lmroman10-regular]:mapping=tex-text;!
Missing character: There is no 。 (U+3002) in font [lmroman10-regular]:mapping=tex-text;!
Missing character: There is no 目 (U+76EE) in font [lmroman10-regular]:mapping=tex-text;!
Missing character: There is no 标 (U+6807) in font [lmroman10-regular]:mapping=tex-text;!
Missing character: There is no 姿 (U+59FF) in font [lmroman10-regular]:mapping=tex-text;!
Missing character: There is no 态 (U+6001) in font [lmroman10-regular]:mapping=tex-text;!
Missing character: There is no ： (U+FF1A) in font [lmroman10-regular]:mapping=tex-text;!
Missing character: There is no 。 (U+3002) in font [lmroman10-regular]:mapping=tex-text;!
Missing character: There is no 误 (U+8BEF) in font [lmroman10-regular]:mapping=tex-text;!
Missing character: There is no 差 (U+5DEE) in font [lmroman10-regular]:mapping=tex-text;!
Missing character: There is no 项 (U+9879) in font [lmroman10-regular]:mapping=tex-text;!
Missing character: There is no ： (U+FF1A) in font [lmroman10-regular]:mapping=tex-text;!
Missing character: There is no 与 (U+4E0E) in font [lmroman10-regular]:mapping=tex-text;!
Missing character: There is no 。 (U+3002) in font [lmroman10-regular]:mapping=tex-text;!
Missing character: There is no 最 (U+6700) in font [lmroman10-regular]:mapping=tex-text;!
Missing character: There is no 终 (U+7EC8) in font [lmroman10-regular]:mapping=tex-text;!
Missing character: There is no 观 (U+89C2) in font [lmroman10-regular]:mapping=tex-text;!
Missing character: There is no 测 (U+6D4B) in font [lmroman10-regular]:mapping=tex-text;!
Missing character: There is no 为 (U+4E3A) in font [lmroman10-regular]:mapping=tex-text;!
Missing character: There is no 所 (U+6240) in font [lmroman10-regular]:mapping=tex-text;!
Missing character: There is no 有 (U+6709) in font [lmroman10-regular]:mapping=tex-text;!
Missing character: There is no 启 (U+542F) in font [lmroman10-regular]:mapping=tex-text;!
Missing character: There is no 用 (U+7528) in font [lmroman10-regular]:mapping=tex-text;!
Missing character: There is no 段 (U+6BB5) in font [lmroman10-regular]:mapping=tex-text;!
Missing character: There is no 的 (U+7684) in font [lmroman10-regular]:mapping=tex-text;!
Missing character: There is no 串 (U+4E32) in font [lmroman10-regular]:mapping=tex-text;!
Missing character: There is no 联 (U+8054) in font [lmroman10-regular]:mapping=tex-text;!
Missing character: There is no 。 (U+3002) in font [lmroman10-regular]:mapping=tex-text;!
Missing character: There is no 编 (U+7F16) in font [lmroman12-bold]:mapping=tex-text;!
Missing character: There is no 译 (U+8BD1) in font [lmroman12-bold]:mapping=tex-text;!
Missing character: There is no 方 (U+65B9) in font [lmroman12-bold]:mapping=tex-text;!
Missing character: There is no 法 (U+6CD5) in font [lmroman12-bold]:mapping=tex-text;!
Missing character: There is no 在 (U+5728) in font [lmroman10-regular]:mapping=tex-text;!
Missing character: There is no 项 (U+9879) in font [lmroman10-regular]:mapping=tex-text;!
Missing character: There is no 目 (U+76EE) in font [lmroman10-regular]:mapping=tex-text;!
Missing character: There is no 根 (U+6839) in font [lmroman10-regular]:mapping=tex-text;!
Missing character: There is no 目 (U+76EE) in font [lmroman10-regular]:mapping=tex-text;!
Missing character: There is no 录 (U+5F55) in font [lmroman10-regular]:mapping=tex-text;!
Missing character: There is no 执 (U+6267) in font [lmroman10-regular]:mapping=tex-text;!
Missing character: There is no 行 (U+884C) in font [lmroman10-regular]:mapping=tex-text;!
Missing character: There is no ： (U+FF1A) in font [lmroman10-regular]:mapping=tex-text;!
[5] (./markov_modeling_cn.aux)

Package rerunfilecheck Warning: File `markov_modeling_cn.out' has changed.
(rerunfilecheck)                Rerun to get outlines right
(rerunfilecheck)                or use package `bookmark'.

Package rerunfilecheck Info: Checksums for `markov_modeling_cn.out':
(rerunfilecheck)             Before: <no file>
(rerunfilecheck)             After:  4D66B4A126D687E0DD51869573C150ED;1287.
 ) 
Here is how much of TeX's memory you used:
 9300 strings out of 476683
 145550 string characters out of 5807576
 1857012 words of memory out of 5000000
 29447 multiletter control sequences out of 15000+600000
 518912 words of font info for 66 fonts, out of 8000000 for 9000
 1348 hyphenation exceptions out of 8191
 72i,10n,76p,240b,331s stack positions out of 10000i,1000n,20000p,200000b,200000s

Output written on markov_modeling_cn.pdf (5 pages).
